Model,Count,Year,Month,ID,Mærke,Producent,Producent_nationalitet,Drivmiddel,CO2_Type,Segment
Skoda Elroq,768,2026,M08,1001.0,Skoda,Volkswagen Group,Tyskland,El,Nul-emission,Personbil
Tesla Model Y,693,2026,M08,1002.0,Tesla,"Tesla, Inc.",USA,El,Nul-emission,Personbil
Toyota bZ4X,674,2026,M08,1000.0,Toyota,Toyota Motor Corporation,Japan,El,Nul-emission,Personbil
Skoda Enyaq iV,497,2026,M08,1006.0,Skoda,Volkswagen Group,Tyskland,El,Nul-emission,Personbil
Volkswagen ID.4,477,2026,M08,1005.0,Volkswagen,Volkswagen Group,Tyskland,El,Nul-emission,Personbil
Toyota Urban Cruiser,465,2026,M08,1004.0,Toyota,Toyota Motor Corporation,Japan,Benzin,Fossil,Personbil
Citroen C3,462,2026,M08,1012.0,Citroen,Stellantis,Europæisk (Multinational),Benzin,Fossil,Personbil
Renault R5,351,2026,M08,1008.0,Renault,Renault Group,Frankrig,Benzin,Fossil,Personbil
Xpeng G6,342,2026,M08,1015.0,Xpeng,XPeng,Kina,El,Nul-emission,Personbil
BMW iX3,334,2026,M08,1224.0,BMW,BMW Group,Tyskland,El,Nul-emission,SUV/Crossover
Toyota C-HR+,323,2026,M08,,Toyota,Toyota Motor Corporation,Japan,El,Nul-emission,SUV/Crossover
Citroen C5 Aircross,312,2026,M08,1032.0,Citroen,Stellantis,Europæisk (Multinational),Benzin,Fossil,SUV/Crossover
Mercedes-Benz GLC,307,2026,M08,1076.0,Mercedes-Benz,Mercedes-Benz Group,Tyskland,Benzin,Fossil,Personbil
BMW iX1,282,2026,M08,1009.0,BMW,BMW Group,Tyskland,El,Nul-emission,SUV/Crossover
Mercedes-Benz GLB,275,2026,M08,1088.0,Mercedes-Benz,Mercedes-Benz Group,Tyskland,Benzin,Fossil,Personbil
Tesla Model 3,274,2026,M08,1179.0,Tesla,"Tesla, Inc.",USA,El,Nul-emission,Personbil
Volkswagen ID. Polo,266,2026,M08,,Volkswagen,Volkswagen Group,Tyskland,El,Nul-emission,Personbil
Volkswagen ID. Buzz,263,2026,M08,1010.0,Volkswagen,Volkswagen Group,Tyskland,El,Nul-emission,Personbil
Mercedes-Benz CLA,256,2026,M08,1022.0,Mercedes-Benz,Mercedes-Benz Group,Tyskland,Benzin,Fossil,Personbil
Zeekr 7GT,241,2026,M08,,Zeekr,Geely (Lynk & Co),Kina,El,Nul-emission,Personbil
Renault Scenic,240,2026,M08,1021.0,Renault,Renault Group,Frankrig,Benzin,Fossil,Personbil
Audi Q4 e-tron,231,2026,M08,1003.0,Audi,Volkswagen Group,Tyskland,El,Nul-emission,SUV/Crossover
Cupra Raval,229,2026,M08,,Cupra,Volkswagen Group,Tyskland,El,Nul-emission,Personbil
Volkswagen ID.3 Neo,222,2026,M08,,Volkswagen,Volkswagen Group,Tyskland,El,Nul-emission,Personbil
Volvo EX30,221,2026,M08,1056.0,Volvo,Geely (Lynk & Co),Kina,Benzin,Fossil,SUV/Crossover
BMW 5'er,183,2026,M08,1063.0,BMW,BMW Group,Tyskland,Benzin,Fossil,Personbil
Peugeot 208,169,2026,M08,1024.0,Peugeot,Stellantis,Europæisk (Multinational),Benzin,Fossil,Personbil
Renault Twingo,156,2026,M08,,Renault,Renault Group,Frankrig,El,Nul-emission,Personbil
Volkswagen ID.7,150,2026,M08,1017.0,Volkswagen,Volkswagen Group,Tyskland,El,Nul-emission,Personbil
Kia EV2,149,2026,M08,,Kia,Hyundai Motor Group,Sydkorea,El,Nul-emission,SUV/Crossover
Kia EV3,146,2026,M08,1033.0,Kia,Hyundai Motor Group,Sydkorea,Benzin,Fossil,Personbil
Volkswagen T-Roc,146,2026,M08,1080.0,Volkswagen,Volkswagen Group,Tyskland,Benzin,Fossil,SUV/Crossover
Nissan Qashqai,144,2026,M08,1035.0,Nissan,Nissan Motor Co.,Japan,Benzin,Fossil,SUV/Crossover
Zeekr 7X,144,2026,M08,1028.0,Zeekr,Geely (Lynk & Co),Kina,El,Nul-emission,Personbil
Ford Explorer,141,2026,M08,1023.0,Ford,Ford Motor Company,USA,Benzin,Fossil,Personbil
Volvo EX40,140,2026,M08,1018.0,Volvo,Geely (Lynk & Co),Kina,Benzin,Fossil,SUV/Crossover
BMW 3'er,133,2026,M08,1051.0,BMW,BMW Group,Tyskland,Benzin,Fossil,Personbil
Cupra Born,133,2026,M08,1007.0,Cupra,Volkswagen Group,Tyskland,El,Nul-emission,Personbil
Cupra Leon,128,2026,M08,1100.0,Cupra,Volkswagen Group,Tyskland,Benzin,Fossil,Personbil
Suzuki Vitara,126,2026,M08,1029.0,Suzuki,Suzuki Motor Corporation,Japan,Benzin,Fossil,SUV/Crossover
Citroen C3 Aircross,122,2026,M08,1014.0,Citroen,Stellantis,Europæisk (Multinational),Benzin,Fossil,SUV/Crossover
Cupra Tavascan,120,2026,M08,1065.0,Cupra,Volkswagen Group,Tyskland,Benzin,Fossil,Personbil
Mercedes-Benz Sprinter,120,2026,M08,1134.0,Mercedes-Benz,Mercedes-Benz Group,Tyskland,Benzin,Fossil,Varebil/MPV
MG S6 EV,116,2026,M08,1101.0,MG,SAIC Motor (MG),Kina,Benzin,Fossil,Personbil
MG 4,113,2026,M08,1037.0,MG,SAIC Motor (MG),Kina,Benzin,Fossil,Personbil
Kia EV5,108,2026,M08,1164.0,Kia,Hyundai Motor Group,Sydkorea,Benzin,Fossil,Personbil
Renault R4,105,2026,M08,1016.0,Renault,Renault Group,Frankrig,Benzin,Fossil,Personbil
Cupra Formentor,104,2026,M08,1062.0,Cupra,Volkswagen Group,Tyskland,Benzin,Fossil,Personbil
Audi A6 e-tron,103,2026,M08,1038.0,Audi,Volkswagen Group,Tyskland,El,Nul-emission,Personbil
Xpeng P7+,103,2026,M08,,Xpeng,XPeng,Kina,El,Nul-emission,Personbil
Peugeot 2008,102,2026,M08,1030.0,Peugeot,Stellantis,Europæisk (Multinational),Benzin,Fossil,Personbil
Mazda 6e,98,2026,M08,1019.0,Mazda,Mazda Motor Corporation,Japan,Benzin,Fossil,Personbil
Hyundai Kona,97,2026,M08,1043.0,Hyundai,Hyundai Motor Group,Sydkorea,Benzin,Fossil,SUV/Crossover
Kia PV5,92,2026,M08,1066.0,Kia,Hyundai Motor Group,Sydkorea,Benzin,Fossil,Personbil
Leapmotor B10,92,2026,M08,1031.0,Leapmotor,Leapmotor,Kina,El,Nul-emission,Personbil
Nissan Micra,89,2026,M08,1055.0,Nissan,Nissan Motor Co.,Japan,Benzin,Fossil,Personbil
MG S5,88,2026,M08,1046.0,MG,SAIC Motor (MG),Kina,Benzin,Fossil,Personbil
Suzuki Swift,84,2026,M08,1034.0,Suzuki,Suzuki Motor Corporation,Japan,Benzin,Fossil,Personbil
Ford Puma,83,2026,M08,1054.0,Ford,Ford Motor Company,USA,Benzin,Fossil,Personbil
Mercedes-Benz GLA,82,2026,M08,1090.0,Mercedes-Benz,Mercedes-Benz Group,Tyskland,Benzin,Fossil,Personbil
Audi Q6 e-tron,80,2026,M08,1160.0,Audi,Volkswagen Group,Tyskland,El,Nul-emission,SUV/Crossover
Toyota Yaris Cross,76,2026,M08,1020.0,Toyota,Toyota Motor Corporation,Japan,Benzin,Fossil,SUV/Crossover
Xpeng G9,76,2026,M08,1068.0,Xpeng,XPeng,Kina,El,Nul-emission,Personbil
Peugeot 5008,72,2026,M08,1039.0,Peugeot,Stellantis,Europæisk (Multinational),Benzin,Fossil,Personbil
BMW i5,70,2026,M08,1049.0,BMW,BMW Group,Tyskland,El,Nul-emission,Personbil
Polestar 4,70,2026,M08,1048.0,Polestar,Geely (Lynk & Co),Kina,El,Nul-emission,Personbil
Hyundai Ioniq 5,67,2026,M08,1050.0,Hyundai,Hyundai Motor Group,Sydkorea,El,Nul-emission,Personbil
Jaecoo J5,66,2026,M08,1116.0,Jaecoo,Chery Group,Kina,Benzin,Fossil,Personbil
MG ZS,66,2026,M08,1040.0,MG,SAIC Motor (MG),Kina,Benzin,Fossil,Personbil
Nissan Leaf,60,2026,M08,1318.0,Nissan,Nissan Motor Co.,Japan,Benzin,Fossil,Personbil
BMW X1,59,2026,M08,1013.0,BMW,BMW Group,Tyskland,Benzin,Fossil,SUV/Crossover
Deepal S05,57,2026,M08,,Deepal,Changan Automobile,Kina,El,Nul-emission,SUV/Crossover
Opel Frontera,57,2026,M08,1077.0,Opel,Stellantis,Europæisk (Multinational),Benzin,Fossil,SUV/Crossover
Hyundai Inster,54,2026,M08,1061.0,Hyundai,Hyundai Motor Group,Sydkorea,Benzin,Fossil,Personbil
Audi Q3,53,2026,M08,1099.0,Audi,Volkswagen Group,Tyskland,Benzin,Fossil,SUV/Crossover
Skoda Karoq,52,2026,M08,1094.0,Skoda,Volkswagen Group,Tyskland,Benzin,Fossil,SUV/Crossover
BMW i4,50,2026,M08,1045.0,BMW,BMW Group,Tyskland,El,Nul-emission,Personbil
Audi Q5,49,2026,M08,1137.0,Audi,Volkswagen Group,Tyskland,Benzin,Fossil,SUV/Crossover
Honda e:Ny1,49,2026,M08,1086.0,Honda,Honda Motor Co.,Japan,El,Nul-emission,Personbil
BMW 4'er,48,2026,M08,1185.0,BMW,BMW Group,Tyskland,Benzin,Fossil,Personbil
Mazda CX-6e,48,2026,M08,,Mazda,Mazda Motor Corporation,Japan,El,Nul-emission,SUV/Crossover
Nissan Juke,47,2026,M08,1103.0,Nissan,Nissan Motor Co.,Japan,Benzin,Fossil,SUV/Crossover
Subaru E-Outback,47,2026,M08,,Subaru,Subaru Corporation,Japan,El,Nul-emission,SUV/Crossover
Mercedes-Benz EQA,45,2026,M08,1026.0,Mercedes-Benz,Mercedes-Benz Group,Tyskland,El,Nul-emission,Personbil
BMW X3,44,2026,M08,1141.0,BMW,BMW Group,Tyskland,Benzin,Fossil,SUV/Crossover
BYD Dolphin Surf,40,2026,M08,1095.0,BYD,BYD Auto,Kina,Benzin,Fossil,Personbil
BYD Sealion 7,40,2026,M08,1096.0,BYD,BYD Auto,Kina,Benzin,Fossil,Personbil
Hyundai Ioniq 6,39,2026,M08,1133.0,Hyundai,Hyundai Motor Group,Sydkorea,El,Nul-emission,Personbil
Opel Grandland,39,2026,M08,1072.0,Opel,Stellantis,Europæisk (Multinational),Benzin,Fossil,SUV/Crossover
Audi A3,37,2026,M08,1064.0,Audi,Volkswagen Group,Tyskland,Benzin,Fossil,Personbil
Suzuki SX4,37,2026,M08,1131.0,Suzuki,Suzuki Motor Corporation,Japan,Benzin,Fossil,SUV/Crossover
Toyota Yaris,37,2026,M08,1057.0,Toyota,Toyota Motor Corporation,Japan,Hybrid,Lav-emission,Personbil
Kia EV9,36,2026,M08,1058.0,Kia,Hyundai Motor Group,Sydkorea,Benzin,Fossil,Personbil
BYD Tang,35,2026,M08,1126.0,BYD,BYD Auto,Kina,Benzin,Fossil,Personbil
Mini 3-dørs,35,2026,M08,1083.0,Mini,BMW Group,Tyskland,Benzin,Fossil,Personbil
BYD Seal U,33,2026,M08,1104.0,BYD,BYD Auto,Kina,Benzin,Fossil,Personbil
Ford Capri,33,2026,M08,1052.0,Ford,Ford Motor Company,USA,Benzin,Fossil,Personbil
Volkswagen Passat,33,2026,M08,1125.0,Volkswagen,Volkswagen Group,Tyskland,Benzin,Fossil,Personbil
Ford Tourneo Custom,32,2026,M08,1082.0,Ford,Ford Motor Company,USA,Benzin,Fossil,Varebil/MPV
Kia EV6,31,2026,M08,1069.0,Kia,Hyundai Motor Group,Sydkorea,Benzin,Fossil,Personbil
BMW iX2,30,2026,M08,1087.0,BMW,BMW Group,Tyskland,El,Nul-emission,SUV/Crossover
Porsche Macan,27,2026,M08,1119.0,Porsche,Volkswagen Group,Tyskland,Benzin,Fossil,SUV/Crossover
BYD Atto 3 Evo,26,2026,M08,,BYD,BYD Auto,Kina,El,Nul-emission,SUV/Crossover
Mercedes-Benz C-Klasse,26,2026,M08,1098.0,Mercedes-Benz,Mercedes-Benz Group,Tyskland,Benzin,Fossil,Personbil
Cupra Terramar,25,2026,M08,1044.0,Cupra,Volkswagen Group,Tyskland,Benzin,Fossil,Personbil
Ford Transit,25,2026,M08,1091.0,Ford,Ford Motor Company,USA,Benzin,Fossil,Varebil/MPV
Mercedes-Benz A-Klasse,25,2026,M08,1123.0,Mercedes-Benz,Mercedes-Benz Group,Tyskland,Benzin,Fossil,Personbil
Subaru Solterra,24,2026,M08,1113.0,Subaru,Subaru Corporation,Japan,Benzin,Fossil,Personbil
BYD Atto 2,21,2026,M08,1106.0,BYD,BYD Auto,Kina,Benzin,Fossil,Personbil
BYD Dolphin,21,2026,M08,1187.0,BYD,BYD Auto,Kina,Benzin,Fossil,Personbil
Mini Aceman,21,2026,M08,1079.0,Mini,BMW Group,Tyskland,El,Nul-emission,Personbil
Lexus RZ,20,2026,M08,1075.0,Lexus,Toyota Motor Corporation,Japan,Benzin,Fossil,Personbil
Peugeot 3008,20,2026,M08,1036.0,Peugeot,Stellantis,Europæisk (Multinational),Benzin,Fossil,Personbil
Porsche Cayenne,19,2026,M08,1208.0,Porsche,Volkswagen Group,Tyskland,Benzin,Fossil,SUV/Crossover
Toyota Corolla Cross,19,2026,M08,1124.0,Toyota,Toyota Motor Corporation,Japan,Benzin,Fossil,SUV/Crossover
Volvo EX90,19,2026,M08,1081.0,Volvo,Geely (Lynk & Co),Kina,Benzin,Fossil,Personbil
Kia EV4,18,2026,M08,1059.0,Kia,Hyundai Motor Group,Sydkorea,Benzin,Fossil,Personbil
Polestar 2,18,2026,M08,1097.0,Polestar,Geely (Lynk & Co),Kina,El,Nul-emission,Personbil
Renault Megane E-Tech,18,2026,M08,1041.0,Renault,Renault Group,Frankrig,El,Nul-emission,Personbil
Subaru Uncharted,17,2026,M08,,Subaru,Subaru Corporation,Japan,El,Nul-emission,SUV/Crossover
Zeekr X,17,2026,M08,1114.0,Zeekr,Geely (Lynk & Co),Kina,El,Nul-emission,Personbil
Toyota Aygo X,16,2026,M08,1042.0,Toyota,Toyota Motor Corporation,Japan,Benzin,Fossil,Personbil
Kia Niro,15,2026,M08,1244.0,Kia,Hyundai Motor Group,Sydkorea,Benzin,Fossil,Personbil
Mini Countryman,15,2026,M08,1102.0,Mini,BMW Group,Tyskland,Benzin,Fossil,Personbil
Volvo EC40,15,2026,M08,1093.0,Volvo,Geely (Lynk & Co),Kina,Benzin,Fossil,Personbil
BMW iX,14,2026,M08,1089.0,BMW,BMW Group,Tyskland,El,Nul-emission,Personbil
Nissan Ariya,14,2026,M08,1070.0,Nissan,Nissan Motor Co.,Japan,Benzin,Fossil,Personbil
Skoda Kamiq,14,2026,M08,1112.0,Skoda,Volkswagen Group,Tyskland,Benzin,Fossil,SUV/Crossover
BYD Seal,13,2026,M08,1107.0,BYD,BYD Auto,Kina,Benzin,Fossil,Personbil
Hyundai Ioniq 9,13,2026,M08,1118.0,Hyundai,Hyundai Motor Group,Sydkorea,El,Nul-emission,Personbil
Mazda 2,13,2026,M08,1153.0,Mazda,Mazda Motor Corporation,Japan,Benzin,Fossil,Personbil
Mercedes-Benz EQE,13,2026,M08,1074.0,Mercedes-Benz,Mercedes-Benz Group,Tyskland,El,Nul-emission,Personbil
Volkswagen ID.5,13,2026,M08,1053.0,Volkswagen,Volkswagen Group,Tyskland,El,Nul-emission,Personbil
BMW 2'er,12,2026,M08,1223.0,BMW,BMW Group,Tyskland,Benzin,Fossil,Personbil
Leapmotor B05,12,2026,M08,,Leapmotor,Leapmotor,Kina,El,Nul-emission,Personbil
Peugeot 308,12,2026,M08,1206.0,Peugeot,Stellantis,Europæisk (Multinational),Benzin,Fossil,Personbil
Renault Clio,12,2026,M08,1111.0,Renault,Renault Group,Frankrig,Benzin,Fossil,Personbil
Volvo ES90,12,2026,M08,1105.0,Volvo,Geely (Lynk & Co),Kina,Benzin,Fossil,Personbil
Porsche 911,10,2026,M08,1264.0,Porsche,Volkswagen Group,Tyskland,Benzin,Fossil,Personbil
Skoda Kodiaq,10,2026,M08,1047.0,Skoda,Volkswagen Group,Tyskland,Benzin,Fossil,SUV/Crossover
BMW 1'er,9,2026,M08,1067.0,BMW,BMW Group,Tyskland,Benzin,Fossil,Personbil
Volkswagen ID.3,9,2026,M08,1011.0,Volkswagen,Volkswagen Group,Tyskland,El,Nul-emission,Personbil
Omoda 5,8,2026,M08,1129.0,Omoda,Chery Group,Kina,Benzin,Fossil,Personbil
Skoda Octavia,8,2026,M08,1157.0,Skoda,Volkswagen Group,Tyskland,Benzin,Fossil,Personbil
Skoda Superb,8,2026,M08,1139.0,Skoda,Volkswagen Group,Tyskland,Benzin,Fossil,Personbil
KGM Torres EVX,7,2026,M08,1108.0,KGM,KG Mobility (tidl. SsangYong),Sydkorea,El,Nul-emission,SUV/Crossover
Mercedes-Benz E-Klasse,7,2026,M08,1128.0,Mercedes-Benz,Mercedes-Benz Group,Tyskland,Benzin,Fossil,Personbil
Fisker Ocean,6,2026,M08,1233.0,Fisker,Fisker Inc.,USA,El,Nul-emission,Personbil
Mazda 3,6,2026,M08,1154.0,Mazda,Mazda Motor Corporation,Japan,Benzin,Fossil,Personbil
Skyworth K,6,2026,M08,1121.0,Skyworth,Skyworth,Ukendt,El,Nul-emission,Personbil
Toyota Proace Verso,6,2026,M08,1135.0,Toyota,Toyota Motor Corporation,Japan,Benzin,Fossil,Varebil/MPV
Ford Mustang Mach-E,5,2026,M08,1147.0,Ford,Ford Motor Company,USA,Benzin,Fossil,Personbil
JAC E30X,5,2026,M08,1195.0,JAC,JAC Motors,Kina,Benzin,Fossil,Personbil
Mazda CX-30,5,2026,M08,1084.0,Mazda,Mazda Motor Corporation,Japan,Benzin,Fossil,SUV/Crossover
Mazda CX-5,5,2026,M08,1311.0,Mazda,Mazda Motor Corporation,Japan,Benzin,Fossil,SUV/Crossover
Alpine A290,4,2026,M08,,Alpine,Renault Group,Frankrig,El,Nul-emission,Personbil
Fiat Grande Panda,4,2026,M08,1122.0,Fiat,Stellantis,Europæisk (Multinational),Benzin,Fossil,Personbil
Honda HR-V,4,2026,M08,1149.0,Honda,Honda Motor Co.,Japan,Benzin,Fossil,Personbil
Mercedes-Benz Vito,4,2026,M08,1156.0,Mercedes-Benz,Mercedes-Benz Group,Tyskland,Benzin,Fossil,Varebil/MPV
Mercedes-Benz Vito Tourer,4,2026,M08,1092.0,Mercedes-Benz,Mercedes-Benz Group,Tyskland,Benzin,Fossil,Varebil/MPV
Navor E5,4,2026,M08,1078.0,Navor,DFSK Motor,Kina,Benzin,Fossil,Personbil
Skoda Fabia,4,2026,M08,1211.0,Skoda,Volkswagen Group,Tyskland,Benzin,Fossil,Personbil
Alfa Romeo Junior,3,2026,M08,1221.0,Alfa Romeo,Stellantis,Europæisk (Multinational),Benzin,Fossil,SUV/Crossover
Audi e-tron GT,3,2026,M08,1284.0,Audi,Volkswagen Group,Tyskland,El,Nul-emission,Personbil
Honda ZR-V,3,2026,M08,1193.0,Honda,Honda Motor Co.,Japan,Benzin,Fossil,Personbil
Hongqi EHS7,3,2026,M08,1138.0,Hongqi,FAW (Hongqi),Kina,El,Nul-emission,Personbil
Hyundai Bayon,3,2026,M08,1151.0,Hyundai,Hyundai Motor Group,Sydkorea,Benzin,Fossil,Personbil
MAN TGE,3,2026,M08,1197.0,MAN,TRATON (Volkswagen Group),Tyskland,Benzin,Fossil,Varebil/MPV
Maxus Euniq5,3,2026,M08,1198.0,Maxus,SAIC Motor (Maxus),Kina,Benzin,Fossil,SUV/Crossover
Mercedes-Benz GLE,3,2026,M08,1144.0,Mercedes-Benz,Mercedes-Benz Group,Tyskland,Benzin,Fossil,Personbil
Mercedes-Benz V-Klasse,3,2026,M08,1171.0,Mercedes-Benz,Mercedes-Benz Group,Tyskland,Benzin,Fossil,Personbil
MG Cyberster,3,2026,M08,1173.0,MG,SAIC Motor (MG),Kina,Benzin,Fossil,Personbil
MG HS,3,2026,M08,1109.0,MG,SAIC Motor (MG),Kina,Benzin,Fossil,Personbil
Nio Firefly,3,2026,M08,1203.0,Nio,NIO,Kina,El,Nul-emission,Personbil
Polestar 3,3,2026,M08,1263.0,Polestar,Geely (Lynk & Co),Kina,El,Nul-emission,Personbil
Today Sunshine,3,2026,M08,1158.0,Today Sunshine,Today Sunshine,Ukendt,Benzin,Fossil,Personbil
Toyota Proace,3,2026,M08,1215.0,Toyota,Toyota Motor Corporation,Japan,Benzin,Fossil,Varebil/MPV
Volkswagen Multivan,3,2026,M08,1274.0,Volkswagen,Volkswagen Group,Tyskland,Benzin,Fossil,Varebil/MPV
Exlantix ES,2,2026,M08,1142.0,Exlantix,Chery Group,Kina,El,Nul-emission,Personbil
Hisun HS5DUTV-2,2,2026,M08,1148.0,Hisun,"Chongqing Huansong Industrial (Group) Co., Ltd.",Kina,Benzin,Fossil,ATV/UTV/Andet
Honda Civic,2,2026,M08,1163.0,Honda,Honda Motor Co.,Japan,Hybrid,Lav-emission,Personbil
Honda CR-V,2,2026,M08,1127.0,Honda,Honda Motor Co.,Japan,Hybrid,Lav-emission,Personbil
Honda Jazz,2,2026,M08,1150.0,Honda,Honda Motor Co.,Japan,Benzin,Fossil,Personbil
Kandi Inovator,2,2026,M08,,Kandi,Chery Group,Kina,Benzin,Fossil,Personbil
Lexus ES,2,2026,M08,1375.0,Lexus,Toyota Motor Corporation,Japan,Benzin,Fossil,Personbil
Mercedes-Benz CLE,2,2026,M08,1257.0,Mercedes-Benz,Mercedes-Benz Group,Tyskland,Benzin,Fossil,Personbil
Mercedes-Benz EQV,2,2026,M08,1155.0,Mercedes-Benz,Mercedes-Benz Group,Tyskland,El,Nul-emission,Personbil
Mercedes-Benz G-Klasse,2,2026,M08,1170.0,Mercedes-Benz,Mercedes-Benz Group,Tyskland,Benzin,Fossil,Personbil
Mercedes-Benz S-Klasse,2,2026,M08,1201.0,Mercedes-Benz,Mercedes-Benz Group,Tyskland,Benzin,Fossil,Personbil
Nilsson Hearse,2,2026,M08,1202.0,Nilsson Hearse,Nilsson Hearse,Sverige,Benzin,Fossil,Varebil/MPV
Renault Master,2,2026,M08,1120.0,Renault,Renault Group,Frankrig,Benzin,Fossil,Varebil/MPV
Seat Arona,2,2026,M08,1177.0,Seat,Volkswagen Group,Tyskland,Benzin,Fossil,Personbil
Skoda Epiq,2,2026,M08,,Skoda,Volkswagen Group,Tyskland,El,Nul-emission,SUV/Crossover
Volkswagen Caddy,2,2026,M08,1216.0,Volkswagen,Volkswagen Group,Tyskland,Benzin,Fossil,Varebil/MPV
Volkswagen Caravelle,2,2026,M08,1217.0,Volkswagen,Volkswagen Group,Tyskland,Benzin,Fossil,Varebil/MPV
Volkswagen Golf,2,2026,M08,1219.0,Volkswagen,Volkswagen Group,Tyskland,Benzin,Fossil,Personbil
Volkswagen Polo,2,2026,M08,1140.0,Volkswagen,Volkswagen Group,Tyskland,Benzin,Fossil,Personbil
Aion UT,1,2026,M08,,Aion,GAC Group,Kina,El,Nul-emission,Personbil
Alpine A390,1,2026,M08,,Alpine,Renault Group,Frankrig,El,Nul-emission,SUV/Crossover
Audi A6,1,2026,M08,1159.0,Audi,Volkswagen Group,Tyskland,Benzin,Fossil,Personbil
Bentley Flying Spur,1,2026,M08,1184.0,Bentley,Volkswagen Group,Tyskland,Benzin,Fossil,Personbil
BMW i7,1,2026,M08,1146.0,BMW,BMW Group,Tyskland,El,Nul-emission,Personbil
BMW i7,1,2026,M08,,BMW,BMW Group,Tyskland,El,Nul-emission,Personbil
Can-Am Outlander EV,1,2026,M08,,Can-Am,Bombardier Recreational Products,Canada,El,Nul-emission,ATV/UTV/Andet
Can-Am Outlander Max Electric,1,2026,M08,,Can-Am,Bombardier Recreational Products,Canada,El,Nul-emission,ATV/UTV/Andet
Can-Am Spyder RT,1,2026,M08,,Can-Am,Bombardier Recreational Products,Canada,Benzin,Fossil,ATV/UTV/Andet
CFMOTO CForce 1000 Touring,1,2026,M08,1423.0,CFMOTO,CFMOTO,Kina,Benzin,Fossil,ATV/UTV/Andet
Citroen Berlingo,1,2026,M08,1117.0,Citroen,Stellantis,Europæisk (Multinational),Benzin,Fossil,Varebil/MPV
Dacia Duster,1,2026,M08,1229.0,Dacia,Renault Group,Frankrig,Benzin,Fossil,Personbil
Dacia Sandero,1,2026,M08,1231.0,Dacia,Renault Group,Frankrig,Benzin,Fossil,Personbil
Ferrari 296,1,2026,M08,1421.0,Ferrari,Ferrari,Italien,Benzin,Fossil,Personbil
Ferrari Purosangue,1,2026,M08,1190.0,Ferrari,Ferrari,Italien,Benzin,Fossil,Personbil
Ford Kuga,1,2026,M08,1060.0,Ford,Ford Motor Company,USA,Hybrid,Lav-emission,Personbil
Garia Monaco OFF-X,1,2026,M08,1285.0,Garia,Garia,Danmark,Benzin,Fossil,Personbil
Land Rover Range Rover Sport,1,2026,M08,1196.0,Land Rover,Jaguar Land Rover (Tata Motors),Indien,Benzin,Fossil,SUV/Crossover
Lvtong S2.DCH,1,2026,M08,,Lvtong,Guangdong Lvtong New Energy Electric Vehicle Technology,Kina,El,Nul-emission,ATV/UTV/Andet
Maxus Euniq6,1,2026,M08,1167.0,Maxus,SAIC Motor (Maxus),Kina,Benzin,Fossil,SUV/Crossover
Mazda CX-60,1,2026,M08,1255.0,Mazda,Mazda Motor Corporation,Japan,Benzin,Fossil,SUV/Crossover
Mazda CX-80,1,2026,M08,1168.0,Mazda,Mazda Motor Corporation,Japan,Benzin,Fossil,SUV/Crossover
Mazda MX-5,1,2026,M08,1346.0,Mazda,Mazda Motor Corporation,Japan,Benzin,Fossil,Personbil
Mercedes-Benz EQB,1,2026,M08,1027.0,Mercedes-Benz,Mercedes-Benz Group,Tyskland,El,Nul-emission,Personbil
Mercedes-Benz EQE SUV,1,2026,M08,1110.0,Mercedes-Benz,Mercedes-Benz Group,Tyskland,El,Nul-emission,SUV/Crossover
Opel Vivaro,1,2026,M08,1416.0,Opel,Stellantis,Europæisk (Multinational),Benzin,Fossil,Varebil/MPV
Porsche Taycan,1,2026,M08,1175.0,Porsche,Volkswagen Group,Tyskland,El,Nul-emission,Personbil
Renault Symbioz,1,2026,M08,1085.0,Renault,Renault Group,Frankrig,Benzin,Fossil,Personbil
Renault Trafic,1,2026,M08,1176.0,Renault,Renault Group,Frankrig,Benzin,Fossil,Varebil/MPV
Skoda Scala,1,2026,M08,1130.0,Skoda,Volkswagen Group,Tyskland,Benzin,Fossil,Personbil
Volkswagen Crafter,1,2026,M08,1218.0,Volkswagen,Volkswagen Group,Tyskland,Benzin,Fossil,Varebil/MPV
Volkswagen Tiguan,1,2026,M08,1145.0,Volkswagen,Volkswagen Group,Tyskland,Benzin,Fossil,SUV/Crossover
Volkswagen Transporter,1,2026,M08,1351.0,Volkswagen,Volkswagen Group,Tyskland,Benzin,Fossil,Varebil/MPV
Yunlong JJ2000DBP,1,2026,M08,1277.0,Yunlong,MG,Kina,Benzin,Fossil,Personbil
Yunlong JJ5000BP-H06,1,2026,M08,,Yunlong,Shandong Yunlong Eco Technologies,Kina,El,Nul-emission,ATV/UTV/Andet
Toyota bZ4X,613,2026,M07,1000.0,Toyota,Toyota Motor Corporation,Japan,El,Nul-emission,Personbil
Skoda Elroq,584,2026,M07,1001.0,Skoda,Volkswagen Group,Tyskland,El,Nul-emission,Personbil
Tesla Model Y,495,2026,M07,1002.0,Tesla,"Tesla, Inc.",USA,El,Nul-emission,Personbil
Volkswagen ID.4,477,2026,M07,1005.0,Volkswagen,Volkswagen Group,Tyskland,El,Nul-emission,Personbil
Xpeng G6,470,2026,M07,1015.0,Xpeng,XPeng,Kina,El,Nul-emission,Personbil
Volkswagen ID. Buzz,438,2026,M07,1010.0,Volkswagen,Volkswagen Group,Tyskland,El,Nul-emission,Personbil
Skoda Enyaq iV,413,2026,M07,1006.0,Skoda,Volkswagen Group,Tyskland,El,Nul-emission,Personbil
BMW iX3,326,2026,M07,1224.0,BMW,BMW Group,Tyskland,El,Nul-emission,SUV/Crossover
Citroen C3,282,2026,M07,1012.0,Citroen,Stellantis,Europæisk (Multinational),Benzin,Fossil,Personbil
Mercedes-Benz GLB,274,2026,M07,1088.0,Mercedes-Benz,Mercedes-Benz Group,Tyskland,Benzin,Fossil,Personbil
Toyota Yaris Cross,274,2026,M07,1020.0,Toyota,Toyota Motor Corporation,Japan,Benzin,Fossil,SUV/Crossover
Toyota Urban Cruiser,264,2026,M07,1004.0,Toyota,Toyota Motor Corporation,Japan,Benzin,Fossil,Personbil
Mercedes-Benz CLA,252,2026,M07,1022.0,Mercedes-Benz,Mercedes-Benz Group,Tyskland,Benzin,Fossil,Personbil
Volkswagen ID.7,249,2026,M07,1017.0,Volkswagen,Volkswagen Group,Tyskland,El,Nul-emission,Personbil
Volvo EX40,249,2026,M07,1018.0,Volvo,Geely (Lynk & Co),Kina,Benzin,Fossil,SUV/Crossover
Cupra Formentor,244,2026,M07,1062.0,Cupra,Volkswagen Group,Tyskland,Benzin,Fossil,Personbil
BMW iX1,241,2026,M07,1009.0,BMW,BMW Group,Tyskland,El,Nul-emission,SUV/Crossover
Zeekr 7GT,235,2026,M07,,Zeekr,Geely (Lynk & Co),Kina,El,Nul-emission,Personbil
Citroen C5 Aircross,227,2026,M07,1032.0,Citroen,Stellantis,Europæisk (Multinational),Benzin,Fossil,SUV/Crossover
Nissan Qashqai,220,2026,M07,1035.0,Nissan,Nissan Motor Co.,Japan,Benzin,Fossil,SUV/Crossover
Volkswagen T-Roc,216,2026,M07,1080.0,Volkswagen,Volkswagen Group,Tyskland,Benzin,Fossil,SUV/Crossover
Toyota C-HR+,207,2026,M07,,Toyota,Toyota Motor Corporation,Japan,El,Nul-emission,SUV/Crossover
Cupra Raval,202,2026,M07,,Cupra,Volkswagen Group,Tyskland,El,Nul-emission,Personbil
Renault R5,179,2026,M07,1008.0,Renault,Renault Group,Frankrig,Benzin,Fossil,Personbil
Mercedes-Benz GLC,163,2026,M07,1076.0,Mercedes-Benz,Mercedes-Benz Group,Tyskland,Benzin,Fossil,Personbil
Suzuki Vitara,152,2026,M07,1029.0,Suzuki,Suzuki Motor Corporation,Japan,Benzin,Fossil,SUV/Crossover
Volkswagen ID.3 Neo,150,2026,M07,,Volkswagen,Volkswagen Group,Tyskland,El,Nul-emission,Personbil
Peugeot 3008,144,2026,M07,1036.0,Peugeot,Stellantis,Europæisk (Multinational),Benzin,Fossil,Personbil
BMW 3'er,142,2026,M07,1051.0,BMW,BMW Group,Tyskland,Benzin,Fossil,Personbil
Cupra Tavascan,139,2026,M07,1065.0,Cupra,Volkswagen Group,Tyskland,Benzin,Fossil,Personbil
Zeekr 7X,137,2026,M07,1028.0,Zeekr,Geely (Lynk & Co),Kina,El,Nul-emission,Personbil
Peugeot 208,130,2026,M07,1024.0,Peugeot,Stellantis,Europæisk (Multinational),Benzin,Fossil,Personbil
Ford Explorer,129,2026,M07,1023.0,Ford,Ford Motor Company,USA,Benzin,Fossil,Personbil
Renault R4,128,2026,M07,1016.0,Renault,Renault Group,Frankrig,Benzin,Fossil,Personbil
Suzuki Swift,126,2026,M07,1034.0,Suzuki,Suzuki Motor Corporation,Japan,Benzin,Fossil,Personbil
Renault Twingo,125,2026,M07,,Renault,Renault Group,Frankrig,El,Nul-emission,Personbil
Leapmotor B10,123,2026,M07,1031.0,Leapmotor,Leapmotor,Kina,El,Nul-emission,Personbil
Volvo EX30,117,2026,M07,1056.0,Volvo,Geely (Lynk & Co),Kina,Benzin,Fossil,SUV/Crossover
Polestar 4,116,2026,M07,1048.0,Polestar,Geely (Lynk & Co),Kina,El,Nul-emission,Personbil
Kia Niro,111,2026,M07,1244.0,Kia,Hyundai Motor Group,Sydkorea,Benzin,Fossil,Personbil
Audi Q4 e-tron,110,2026,M07,1003.0,Audi,Volkswagen Group,Tyskland,El,Nul-emission,SUV/Crossover
BMW X1,105,2026,M07,1013.0,BMW,BMW Group,Tyskland,Benzin,Fossil,SUV/Crossover
Nissan Micra,102,2026,M07,1055.0,Nissan,Nissan Motor Co.,Japan,Benzin,Fossil,Personbil
Jaecoo J5,99,2026,M07,1116.0,Jaecoo,Chery Group,Kina,Benzin,Fossil,Personbil
Mercedes-Benz EQA,98,2026,M07,1026.0,Mercedes-Benz,Mercedes-Benz Group,Tyskland,El,Nul-emission,Personbil
Cupra Born,94,2026,M07,1007.0,Cupra,Volkswagen Group,Tyskland,El,Nul-emission,Personbil
Cupra Leon,91,2026,M07,1100.0,Cupra,Volkswagen Group,Tyskland,Benzin,Fossil,Personbil
Hyundai Kona,90,2026,M07,1043.0,Hyundai,Hyundai Motor Group,Sydkorea,Benzin,Fossil,SUV/Crossover
Kia EV3,90,2026,M07,1033.0,Kia,Hyundai Motor Group,Sydkorea,Benzin,Fossil,Personbil
MG S5,90,2026,M07,1046.0,MG,SAIC Motor (MG),Kina,Benzin,Fossil,Personbil
Kia EV5,88,2026,M07,1164.0,Kia,Hyundai Motor Group,Sydkorea,Benzin,Fossil,Personbil
Citroen C3 Aircross,86,2026,M07,1014.0,Citroen,Stellantis,Europæisk (Multinational),Benzin,Fossil,SUV/Crossover
Volkswagen Passat,85,2026,M07,1125.0,Volkswagen,Volkswagen Group,Tyskland,Benzin,Fossil,Personbil
Audi A6 e-tron,82,2026,M07,1038.0,Audi,Volkswagen Group,Tyskland,El,Nul-emission,Personbil
Audi Q5,82,2026,M07,1137.0,Audi,Volkswagen Group,Tyskland,Benzin,Fossil,SUV/Crossover
Mercedes-Benz GLA,80,2026,M07,1090.0,Mercedes-Benz,Mercedes-Benz Group,Tyskland,Benzin,Fossil,Personbil
MG S6 EV,80,2026,M07,1101.0,MG,SAIC Motor (MG),Kina,Benzin,Fossil,Personbil
BMW 5'er,78,2026,M07,1063.0,BMW,BMW Group,Tyskland,Benzin,Fossil,Personbil
Audi Q6 e-tron,77,2026,M07,1160.0,Audi,Volkswagen Group,Tyskland,El,Nul-emission,SUV/Crossover
MG 4,77,2026,M07,1037.0,MG,SAIC Motor (MG),Kina,Benzin,Fossil,Personbil
Hyundai Ioniq 5,75,2026,M07,1050.0,Hyundai,Hyundai Motor Group,Sydkorea,El,Nul-emission,Personbil
Mazda CX-5,74,2026,M07,1311.0,Mazda,Mazda Motor Corporation,Japan,Benzin,Fossil,SUV/Crossover
Xpeng G9,74,2026,M07,1068.0,Xpeng,XPeng,Kina,El,Nul-emission,Personbil
Peugeot 5008,69,2026,M07,1039.0,Peugeot,Stellantis,Europæisk (Multinational),Benzin,Fossil,Personbil
Toyota Yaris,68,2026,M07,1057.0,Toyota,Toyota Motor Corporation,Japan,Hybrid,Lav-emission,Personbil
BMW i5,67,2026,M07,1049.0,BMW,BMW Group,Tyskland,El,Nul-emission,Personbil
Xpeng P7+,66,2026,M07,,Xpeng,XPeng,Kina,El,Nul-emission,Personbil
BMW i4,64,2026,M07,1045.0,BMW,BMW Group,Tyskland,El,Nul-emission,Personbil
Peugeot 2008,64,2026,M07,1030.0,Peugeot,Stellantis,Europæisk (Multinational),Benzin,Fossil,Personbil
Ford Puma,60,2026,M07,1054.0,Ford,Ford Motor Company,USA,Benzin,Fossil,Personbil
Nissan Leaf,60,2026,M07,1318.0,Nissan,Nissan Motor Co.,Japan,Benzin,Fossil,Personbil
Renault Scenic,60,2026,M07,1021.0,Renault,Renault Group,Frankrig,Benzin,Fossil,Personbil
Renault Symbioz,59,2026,M07,1085.0,Renault,Renault Group,Frankrig,Benzin,Fossil,Personbil
Dacia Sandero,57,2026,M07,1231.0,Dacia,Renault Group,Frankrig,Benzin,Fossil,Personbil
Kia PV5,57,2026,M07,1066.0,Kia,Hyundai Motor Group,Sydkorea,Benzin,Fossil,Personbil
Skoda Karoq,56,2026,M07,1094.0,Skoda,Volkswagen Group,Tyskland,Benzin,Fossil,SUV/Crossover
Audi A3,55,2026,M07,1064.0,Audi,Volkswagen Group,Tyskland,Benzin,Fossil,Personbil
BYD Dolphin Surf,53,2026,M07,1095.0,BYD,BYD Auto,Kina,Benzin,Fossil,Personbil
Skoda Octavia,53,2026,M07,1157.0,Skoda,Volkswagen Group,Tyskland,Benzin,Fossil,Personbil
Seat Arona,51,2026,M07,1177.0,Seat,Volkswagen Group,Tyskland,Benzin,Fossil,Personbil
Hyundai Inster,50,2026,M07,1061.0,Hyundai,Hyundai Motor Group,Sydkorea,Benzin,Fossil,Personbil
BYD Sealion 7,47,2026,M07,1096.0,BYD,BYD Auto,Kina,Benzin,Fossil,Personbil
Ford Capri,46,2026,M07,1052.0,Ford,Ford Motor Company,USA,Benzin,Fossil,Personbil
Fiat Grande Panda,45,2026,M07,1122.0,Fiat,Stellantis,Europæisk (Multinational),Benzin,Fossil,Personbil
Mini 3-dørs,44,2026,M07,1083.0,Mini,BMW Group,Tyskland,Benzin,Fossil,Personbil
Renault Austral,43,2026,M07,1025.0,Renault,Renault Group,Frankrig,Benzin,Fossil,Personbil
Skoda Kodiaq,42,2026,M07,1047.0,Skoda,Volkswagen Group,Tyskland,Benzin,Fossil,SUV/Crossover
BYD Seal U,41,2026,M07,1104.0,BYD,BYD Auto,Kina,Benzin,Fossil,Personbil
BYD Atto 3 Evo,38,2026,M07,,BYD,BYD Auto,Kina,El,Nul-emission,SUV/Crossover
Opel Frontera,38,2026,M07,1077.0,Opel,Stellantis,Europæisk (Multinational),Benzin,Fossil,SUV/Crossover
Hyundai Ioniq 6,35,2026,M07,1133.0,Hyundai,Hyundai Motor Group,Sydkorea,El,Nul-emission,Personbil
Renault Trafic,35,2026,M07,1176.0,Renault,Renault Group,Frankrig,Benzin,Fossil,Varebil/MPV
Renault Clio,34,2026,M07,1111.0,Renault,Renault Group,Frankrig,Benzin,Fossil,Personbil
Honda e:Ny1,33,2026,M07,1086.0,Honda,Honda Motor Co.,Japan,El,Nul-emission,Personbil
Kia EV9,32,2026,M07,1058.0,Kia,Hyundai Motor Group,Sydkorea,Benzin,Fossil,Personbil
Deepal S05,31,2026,M07,,Deepal,Changan Automobile,Kina,El,Nul-emission,SUV/Crossover
Audi Q3,29,2026,M07,1099.0,Audi,Volkswagen Group,Tyskland,Benzin,Fossil,SUV/Crossover
Mercedes-Benz C-Klasse,29,2026,M07,1098.0,Mercedes-Benz,Mercedes-Benz Group,Tyskland,Benzin,Fossil,Personbil
BMW iX2,28,2026,M07,1087.0,BMW,BMW Group,Tyskland,El,Nul-emission,SUV/Crossover
Ford Tourneo Custom,28,2026,M07,1082.0,Ford,Ford Motor Company,USA,Benzin,Fossil,Varebil/MPV
Audi A5,27,2026,M07,1115.0,Audi,Volkswagen Group,Tyskland,Benzin,Fossil,Personbil
Mercedes-Benz EQE,27,2026,M07,1074.0,Mercedes-Benz,Mercedes-Benz Group,Tyskland,El,Nul-emission,Personbil
Renault Megane E-Tech,26,2026,M07,1041.0,Renault,Renault Group,Frankrig,El,Nul-emission,Personbil
Opel Grandland,24,2026,M07,1072.0,Opel,Stellantis,Europæisk (Multinational),Benzin,Fossil,SUV/Crossover
Volvo EX90,24,2026,M07,1081.0,Volvo,Geely (Lynk & Co),Kina,Benzin,Fossil,Personbil
Mini Aceman,23,2026,M07,1079.0,Mini,BMW Group,Tyskland,El,Nul-emission,Personbil
Subaru Uncharted,23,2026,M07,,Subaru,Subaru Corporation,Japan,El,Nul-emission,SUV/Crossover
Mazda 6e,22,2026,M07,1019.0,Mazda,Mazda Motor Corporation,Japan,Benzin,Fossil,Personbil
Skoda Scala,22,2026,M07,1130.0,Skoda,Volkswagen Group,Tyskland,Benzin,Fossil,Personbil
BYD Atto 2,21,2026,M07,1106.0,BYD,BYD Auto,Kina,Benzin,Fossil,Personbil
Ford Mustang Mach-E,21,2026,M07,1147.0,Ford,Ford Motor Company,USA,Benzin,Fossil,Personbil
Toyota Aygo X,20,2026,M07,1042.0,Toyota,Toyota Motor Corporation,Japan,Benzin,Fossil,Personbil
BMW X3,19,2026,M07,1141.0,BMW,BMW Group,Tyskland,Benzin,Fossil,SUV/Crossover
Kia EV2,19,2026,M07,,Kia,Hyundai Motor Group,Sydkorea,El,Nul-emission,SUV/Crossover
BYD Dolphin,18,2026,M07,1187.0,BYD,BYD Auto,Kina,Benzin,Fossil,Personbil
Volkswagen ID.3,18,2026,M07,1011.0,Volkswagen,Volkswagen Group,Tyskland,El,Nul-emission,Personbil
Volkswagen ID.5,18,2026,M07,1053.0,Volkswagen,Volkswagen Group,Tyskland,El,Nul-emission,Personbil
Lexus RZ,17,2026,M07,1075.0,Lexus,Toyota Motor Corporation,Japan,Benzin,Fossil,Personbil
BMW iX,16,2026,M07,1089.0,BMW,BMW Group,Tyskland,El,Nul-emission,Personbil
BYD Tang,16,2026,M07,1126.0,BYD,BYD Auto,Kina,Benzin,Fossil,Personbil
Mercedes-Benz A-Klasse,16,2026,M07,1123.0,Mercedes-Benz,Mercedes-Benz Group,Tyskland,Benzin,Fossil,Personbil
Omoda 5,16,2026,M07,1129.0,Omoda,Chery Group,Kina,Benzin,Fossil,Personbil
Polestar 2,16,2026,M07,1097.0,Polestar,Geely (Lynk & Co),Kina,El,Nul-emission,Personbil
BYD Seal,15,2026,M07,1107.0,BYD,BYD Auto,Kina,Benzin,Fossil,Personbil
Porsche Cayenne,15,2026,M07,1208.0,Porsche,Volkswagen Group,Tyskland,Benzin,Fossil,SUV/Crossover
Toyota Corolla Cross,15,2026,M07,1124.0,Toyota,Toyota Motor Corporation,Japan,Benzin,Fossil,SUV/Crossover
Volvo EX60,15,2026,M07,,Volvo,Geely (Lynk & Co),Kina,El,Nul-emission,SUV/Crossover
BMW 1'er,14,2026,M07,1067.0,BMW,BMW Group,Tyskland,Benzin,Fossil,Personbil
Kia EV6,14,2026,M07,1069.0,Kia,Hyundai Motor Group,Sydkorea,Benzin,Fossil,Personbil
Subaru E-Outback,14,2026,M07,,Subaru,Subaru Corporation,Japan,El,Nul-emission,SUV/Crossover
Alfa Romeo Junior,13,2026,M07,1221.0,Alfa Romeo,Stellantis,Europæisk (Multinational),Benzin,Fossil,SUV/Crossover
Audi A6,13,2026,M07,1159.0,Audi,Volkswagen Group,Tyskland,Benzin,Fossil,Personbil
Fisker Ocean,13,2026,M07,1233.0,Fisker,Fisker Inc.,USA,El,Nul-emission,Personbil
Mini Countryman,13,2026,M07,1102.0,Mini,BMW Group,Tyskland,Benzin,Fossil,Personbil
Audi Q2,12,2026,M07,1071.0,Audi,Volkswagen Group,Tyskland,Benzin,Fossil,SUV/Crossover
BMW 4'er,12,2026,M07,1185.0,BMW,BMW Group,Tyskland,Benzin,Fossil,Personbil
Mercedes-Benz Sprinter,12,2026,M07,1134.0,Mercedes-Benz,Mercedes-Benz Group,Tyskland,Benzin,Fossil,Varebil/MPV
Tesla Model 3,12,2026,M07,1179.0,Tesla,"Tesla, Inc.",USA,El,Nul-emission,Personbil
Ford Transit,11,2026,M07,1091.0,Ford,Ford Motor Company,USA,Benzin,Fossil,Varebil/MPV
Kia EV4,11,2026,M07,1059.0,Kia,Hyundai Motor Group,Sydkorea,Benzin,Fossil,Personbil
Skoda Kamiq,11,2026,M07,1112.0,Skoda,Volkswagen Group,Tyskland,Benzin,Fossil,SUV/Crossover
Porsche Macan,10,2026,M07,1119.0,Porsche,Volkswagen Group,Tyskland,Benzin,Fossil,SUV/Crossover
Volvo EC40,10,2026,M07,1093.0,Volvo,Geely (Lynk & Co),Kina,Benzin,Fossil,Personbil
Volvo ES90,10,2026,M07,1105.0,Volvo,Geely (Lynk & Co),Kina,Benzin,Fossil,Personbil
Exlantix ET,9,2026,M07,1132.0,Exlantix,Chery Group,Kina,El,Nul-emission,Personbil
Mercedes-Benz E-Klasse,9,2026,M07,1128.0,Mercedes-Benz,Mercedes-Benz Group,Tyskland,Benzin,Fossil,Personbil
Subaru Solterra,9,2026,M07,1113.0,Subaru,Subaru Corporation,Japan,Benzin,Fossil,Personbil
Toyota Proace Verso,9,2026,M07,1135.0,Toyota,Toyota Motor Corporation,Japan,Benzin,Fossil,Varebil/MPV
Zeekr X,9,2026,M07,1114.0,Zeekr,Geely (Lynk & Co),Kina,El,Nul-emission,Personbil
MG ZS,8,2026,M07,1040.0,MG,SAIC Motor (MG),Kina,Benzin,Fossil,Personbil
Skyworth K,8,2026,M07,1121.0,Skyworth,Skyworth,Ukendt,El,Nul-emission,Personbil
Dacia Bigster,7,2026,M07,1278.0,Dacia,Renault Group,Frankrig,Benzin,Fossil,Personbil
Hyundai Ioniq 9,7,2026,M07,1118.0,Hyundai,Hyundai Motor Group,Sydkorea,El,Nul-emission,Personbil
KGM Torres EVX,7,2026,M07,1108.0,KGM,KG Mobility (tidl. SsangYong),Sydkorea,El,Nul-emission,SUV/Crossover
Mercedes-Benz EQE SUV,7,2026,M07,1110.0,Mercedes-Benz,Mercedes-Benz Group,Tyskland,El,Nul-emission,SUV/Crossover
MG Cyberster,7,2026,M07,1173.0,MG,SAIC Motor (MG),Kina,Benzin,Fossil,Personbil
Nissan Ariya,7,2026,M07,1070.0,Nissan,Nissan Motor Co.,Japan,Benzin,Fossil,Personbil
Nissan Juke,7,2026,M07,1103.0,Nissan,Nissan Motor Co.,Japan,Benzin,Fossil,SUV/Crossover
Renault Captur,7,2026,M07,1266.0,Renault,Renault Group,Frankrig,Benzin,Fossil,Personbil
Exlantix ES,6,2026,M07,1142.0,Exlantix,Chery Group,Kina,El,Nul-emission,Personbil
Seat Ibiza,6,2026,M07,1073.0,Seat,Volkswagen Group,Tyskland,Benzin,Fossil,Personbil
Suzuki SX4,6,2026,M07,1131.0,Suzuki,Suzuki Motor Corporation,Japan,Benzin,Fossil,SUV/Crossover
Mercedes-Benz EQB,5,2026,M07,1027.0,Mercedes-Benz,Mercedes-Benz Group,Tyskland,El,Nul-emission,Personbil
Mercedes-Benz G-Klasse,5,2026,M07,1170.0,Mercedes-Benz,Mercedes-Benz Group,Tyskland,Benzin,Fossil,Personbil
Mercedes-Benz V-Klasse,5,2026,M07,1171.0,Mercedes-Benz,Mercedes-Benz Group,Tyskland,Benzin,Fossil,Personbil
Navor E5,5,2026,M07,1078.0,Navor,DFSK Motor,Kina,Benzin,Fossil,Personbil
Skoda Fabia,5,2026,M07,1211.0,Skoda,Volkswagen Group,Tyskland,Benzin,Fossil,Personbil
Volkswagen Golf,5,2026,M07,1219.0,Volkswagen,Volkswagen Group,Tyskland,Benzin,Fossil,Personbil
Cupra Terramar,4,2026,M07,1044.0,Cupra,Volkswagen Group,Tyskland,Benzin,Fossil,Personbil
Renault Master,4,2026,M07,1120.0,Renault,Renault Group,Frankrig,Benzin,Fossil,Varebil/MPV
Volkswagen Tiguan,4,2026,M07,1145.0,Volkswagen,Volkswagen Group,Tyskland,Benzin,Fossil,SUV/Crossover
BMW i7,3,2026,M07,1146.0,BMW,BMW Group,Tyskland,El,Nul-emission,Personbil
BMW i7,3,2026,M07,,BMW,BMW Group,Tyskland,El,Nul-emission,Personbil
Citroen Berlingo,3,2026,M07,1117.0,Citroen,Stellantis,Europæisk (Multinational),Benzin,Fossil,Varebil/MPV
Mazda 2,3,2026,M07,1153.0,Mazda,Mazda Motor Corporation,Japan,Benzin,Fossil,Personbil
Polaris Ranger,3,2026,M07,1404.0,Polaris,Polaris,USA,Benzin,Fossil,ATV/UTV/Andet
Polestar 3,3,2026,M07,1263.0,Polestar,Geely (Lynk & Co),Kina,El,Nul-emission,Personbil
Porsche 911,3,2026,M07,1264.0,Porsche,Volkswagen Group,Tyskland,Benzin,Fossil,Personbil
Porsche Taycan,3,2026,M07,1175.0,Porsche,Volkswagen Group,Tyskland,El,Nul-emission,Personbil
Volkswagen Multivan,3,2026,M07,1274.0,Volkswagen,Volkswagen Group,Tyskland,Benzin,Fossil,Varebil/MPV
Alpine A390,2,2026,M07,,Alpine,Renault Group,Frankrig,El,Nul-emission,SUV/Crossover
BMW 2'er,2,2026,M07,1223.0,BMW,BMW Group,Tyskland,Benzin,Fossil,Personbil
Can-Am Outlander EV,2,2026,M07,,Can-Am,Bombardier Recreational Products,Canada,El,Nul-emission,ATV/UTV/Andet
DS N°8,2,2026,M07,,DS,Stellantis,Europæisk (Multinational),El,Nul-emission,SUV/Crossover
Honda CR-V,2,2026,M07,1127.0,Honda,Honda Motor Co.,Japan,Hybrid,Lav-emission,Personbil
Honda HR-V,2,2026,M07,1149.0,Honda,Honda Motor Co.,Japan,Benzin,Fossil,Personbil
Hongqi EHS7,2,2026,M07,1138.0,Hongqi,FAW (Hongqi),Kina,El,Nul-emission,Personbil
Hyundai Bayon,2,2026,M07,1151.0,Hyundai,Hyundai Motor Group,Sydkorea,Benzin,Fossil,Personbil
JAC e-JS4,2,2026,M07,1303.0,JAC,JAC Motors,Kina,Benzin,Fossil,Personbil
Kandi Innovator,2,2026,M07,,Kandi,Kandi Technologies Group,Kina,El,Nul-emission,ATV/UTV/Andet
Land Rover Range Rover Evoque,2,2026,M07,1287.0,Land Rover,Jaguar Land Rover (Tata Motors),Indien,El,Fossil,SUV/Crossover
Maserati Grecale,2,2026,M07,1152.0,Maserati,Stellantis,Europæisk (Multinational),Benzin,Fossil,Personbil
Mercedes-Benz CLE,2,2026,M07,1257.0,Mercedes-Benz,Mercedes-Benz Group,Tyskland,Benzin,Fossil,Personbil
Mercedes-Benz EQS SUV,2,2026,M07,1200.0,Mercedes-Benz,Mercedes-Benz Group,Tyskland,El,Nul-emission,SUV/Crossover
Mercedes-Benz GLE,2,2026,M07,1144.0,Mercedes-Benz,Mercedes-Benz Group,Tyskland,Benzin,Fossil,Personbil
MG HS,2,2026,M07,1109.0,MG,SAIC Motor (MG),Kina,Benzin,Fossil,Personbil
MG IM6,2,2026,M07,,MG,SAIC Motor (MG),Kina,El,Nul-emission,SUV/Crossover
Mini Cabriolet,2,2026,M07,1370.0,Mini,BMW Group,Tyskland,Benzin,Fossil,Personbil
Nio Firefly,2,2026,M07,1203.0,Nio,NIO,Kina,El,Nul-emission,Personbil
Peugeot Expert,2,2026,M07,1363.0,Peugeot,Stellantis,Europæisk (Multinational),Benzin,Fossil,Varebil/MPV
Volkswagen Caravelle,2,2026,M07,1217.0,Volkswagen,Volkswagen Group,Tyskland,Benzin,Fossil,Varebil/MPV
Volkswagen Crafter,2,2026,M07,1218.0,Volkswagen,Volkswagen Group,Tyskland,Benzin,Fossil,Varebil/MPV
Volkswagen ID. Polo,2,2026,M07,,Volkswagen,Volkswagen Group,Tyskland,El,Nul-emission,Personbil
Volkswagen T-Cross,2,2026,M07,1181.0,Volkswagen,Volkswagen Group,Tyskland,Benzin,Fossil,SUV/Crossover
Yunlong JJ2000DBP,2,2026,M07,1277.0,Yunlong,MG,Kina,Benzin,Fossil,Personbil
Alpine A290,1,2026,M07,,Alpine,Renault Group,Frankrig,El,Nul-emission,Personbil
Aston Martin DB12,1,2026,M07,,Aston Martin,Aston Martin Lagonda,Storbritannien,Benzin,Fossil,Personbil
Audi e-tron GT,1,2026,M07,1284.0,Audi,Volkswagen Group,Tyskland,El,Nul-emission,Personbil
Bentley Continental,1,2026,M07,1352.0,Bentley,Volkswagen Group,Tyskland,Benzin,Fossil,Personbil
Can-Am Outlander,1,2026,M07,1226.0,Can-Am,Bombardier Recreational Products,Canada,Benzin,Fossil,ATV/UTV/Andet
CFMOTO CForce 1000 Touring,1,2026,M07,1423.0,CFMOTO,CFMOTO,Kina,Benzin,Fossil,ATV/UTV/Andet
Citroen AMI,1,2026,M07,1390.0,Citroen,Stellantis,Europæisk (Multinational),Benzin,Fossil,Personbil
Deepal S07,1,2026,M07,,Deepal,Changan Automobile,Kina,El,Nul-emission,SUV/Crossover
Elveon Min-E,1,2026,M07,,Elveon,SAIC-GM-Wuling,Kina,El,Nul-emission,Personbil
Evolution DEL2023DUB,1,2026,M07,,Evolution,Evolution Electric Vehicles,USA,El,Nul-emission,ATV/UTV/Andet
Fiat Topolino,1,2026,M07,,Fiat,Stellantis,Europæisk (Multinational),Benzin,Fossil,Personbil
Ford Kuga,1,2026,M07,1060.0,Ford,Ford Motor Company,USA,Hybrid,Lav-emission,Personbil
Ford Transit Custom,1,2026,M07,1192.0,Ford,Ford Motor Company,USA,Benzin,Fossil,Varebil/MPV
Harley Davidson FLTRT,1,2026,M07,,Harley Davidson,Harley Davidson,USA,Benzin,Fossil,ATV/UTV/Andet
HDK,1,2026,M07,,HDK,HDK Automotive,Kina,El,Nul-emission,ATV/UTV/Andet
Hisun HS5DUTV-2,1,2026,M07,1148.0,Hisun,"Chongqing Huansong Industrial (Group) Co., Ltd.",Kina,Benzin,Fossil,ATV/UTV/Andet
Honda Civic,1,2026,M07,1163.0,Honda,Honda Motor Co.,Japan,Hybrid,Lav-emission,Personbil
Honda Prelude,1,2026,M07,,Honda,Honda Motor Company,Japan,Benzin,Fossil,Personbil
Kandi Cowboy,1,2026,M07,,Kandi,Chery Group,Kina,Benzin,Fossil,Personbil
Land Rover Range Rover Sport,1,2026,M07,1196.0,Land Rover,Jaguar Land Rover (Tata Motors),Indien,Benzin,Fossil,SUV/Crossover
Land Rover Range Rover Velar,1,2026,M07,1307.0,Land Rover,Jaguar Land Rover (Tata Motors),Indien,Benzin,Fossil,SUV/Crossover
Lotus Eletre,1,2026,M07,1254.0,Lotus,Geely (Lynk & Co),Kina,Benzin,Fossil,Personbil
MAN TGE,1,2026,M07,1197.0,MAN,TRATON (Volkswagen Group),Tyskland,Benzin,Fossil,Varebil/MPV
Mazda CX-30,1,2026,M07,1084.0,Mazda,Mazda Motor Corporation,Japan,Benzin,Fossil,SUV/Crossover
Mazda MX-30,1,2026,M07,1199.0,Mazda,Mazda Motor Corporation,Japan,Benzin,Fossil,Personbil
Mazda MX-5,1,2026,M07,1346.0,Mazda,Mazda Motor Corporation,Japan,Benzin,Fossil,Personbil
Mercedes-Benz EQS,1,2026,M07,1169.0,Mercedes-Benz,Mercedes-Benz Group,Tyskland,El,Nul-emission,Personbil
Mercedes-Benz EQV,1,2026,M07,1155.0,Mercedes-Benz,Mercedes-Benz Group,Tyskland,El,Nul-emission,Personbil
MG 3,1,2026,M07,1172.0,MG,SAIC Motor (MG),Kina,Benzin,Fossil,Personbil
MG IM5,1,2026,M07,,MG,SAIC Motor (MG),Kina,El,Nul-emission,Personbil
Microlino,1,2026,M07,1174.0,Microlino,Micro,Schweitz/Italien,El,Nul-emission,ATV/UTV/Andet
Nio ET5,1,2026,M07,1354.0,Nio,NIO,Kina,El,Nul-emission,Personbil
Opel Vivaro,1,2026,M07,1416.0,Opel,Stellantis,Europæisk (Multinational),Benzin,Fossil,Varebil/MPV
Peugeot 308,1,2026,M07,1206.0,Peugeot,Stellantis,Europæisk (Multinational),Benzin,Fossil,Personbil
Tesla Model X,1,2026,M07,1214.0,Tesla,"Tesla, Inc.",USA,El,Nul-emission,Personbil
Toyota Proace City,1,2026,M07,1290.0,Toyota,Toyota Motor Corporation,Japan,Benzin,Fossil,Varebil/MPV
Volkswagen Polo,1,2026,M07,1140.0,Volkswagen,Volkswagen Group,Tyskland,Benzin,Fossil,Personbil
Volvo V90,1,2026,M07,1220.0,Volvo,Geely (Lynk & Co),Kina,Benzin,Fossil,Personbil
Volvo XC60,1,2026,M07,1275.0,Volvo,Geely (Lynk & Co),Kina,Benzin,Fossil,Personbil
Zeekr 001,1,2026,M07,1136.0,Zeekr,Geely (Lynk & Co),Kina,El,Nul-emission,Personbil
Toyota bZ4X,42,2025,M07,1000.0,Toyota,Toyota Motor Corporation,Japan,El,Nul-emission,Personbil
Skoda Elroq,1006,2025,M07,1001.0,Skoda,Volkswagen Group,Tyskland,El,Nul-emission,Personbil
Tesla Model Y,268,2025,M07,1002.0,Tesla,"Tesla, Inc.",USA,El,Nul-emission,Personbil
Volkswagen ID.4,687,2025,M07,1005.0,Volkswagen,Volkswagen Group,Tyskland,El,Nul-emission,Personbil
Xpeng G6,65,2025,M07,1015.0,Xpeng,XPeng,Kina,El,Nul-emission,Personbil
Volkswagen ID. Buzz,468,2025,M07,1010.0,Volkswagen,Volkswagen Group,Tyskland,El,Nul-emission,Personbil
Skoda Enyaq iV,482,2025,M07,1006.0,Skoda,Volkswagen Group,Tyskland,El,Nul-emission,Personbil
BMW iX3,4,2025,M07,1224.0,BMW,BMW Group,Tyskland,El,Nul-emission,SUV/Crossover
Citroen C3,23,2025,M07,1012.0,Citroen,Stellantis,Europæisk (Multinational),Benzin,Fossil,Personbil
Mercedes-Benz GLB,44,2025,M07,1088.0,Mercedes-Benz,Mercedes-Benz Group,Tyskland,Benzin,Fossil,Personbil
Toyota Yaris Cross,100,2025,M07,1020.0,Toyota,Toyota Motor Corporation,Japan,Benzin,Fossil,SUV/Crossover
Mercedes-Benz CLA,52,2025,M07,1022.0,Mercedes-Benz,Mercedes-Benz Group,Tyskland,Benzin,Fossil,Personbil
Volkswagen ID.7,179,2025,M07,1017.0,Volkswagen,Volkswagen Group,Tyskland,El,Nul-emission,Personbil
Volvo EX40,159,2025,M07,1018.0,Volvo,Geely (Lynk & Co),Kina,Benzin,Fossil,SUV/Crossover
Cupra Formentor,265,2025,M07,1062.0,Cupra,Volkswagen Group,Tyskland,Benzin,Fossil,Personbil
BMW iX1,270,2025,M07,1009.0,BMW,BMW Group,Tyskland,El,Nul-emission,SUV/Crossover
Nissan Qashqai,44,2025,M07,1035.0,Nissan,Nissan Motor Co.,Japan,Benzin,Fossil,SUV/Crossover
Volkswagen T-Roc,402,2025,M07,1080.0,Volkswagen,Volkswagen Group,Tyskland,Benzin,Fossil,SUV/Crossover
Renault R5,377,2025,M07,1008.0,Renault,Renault Group,Frankrig,Benzin,Fossil,Personbil
Mercedes-Benz GLC,53,2025,M07,1076.0,Mercedes-Benz,Mercedes-Benz Group,Tyskland,Benzin,Fossil,Personbil
Suzuki Vitara,35,2025,M07,1029.0,Suzuki,Suzuki Motor Corporation,Japan,Benzin,Fossil,SUV/Crossover
Peugeot 3008,192,2025,M07,1036.0,Peugeot,Stellantis,Europæisk (Multinational),Benzin,Fossil,Personbil
BMW 3'er,109,2025,M07,1051.0,BMW,BMW Group,Tyskland,Benzin,Fossil,Personbil
Cupra Tavascan,218,2025,M07,1065.0,Cupra,Volkswagen Group,Tyskland,Benzin,Fossil,Personbil
Zeekr 7X,31,2025,M07,1028.0,Zeekr,Geely (Lynk & Co),Kina,El,Nul-emission,Personbil
Peugeot 208,108,2025,M07,1024.0,Peugeot,Stellantis,Europæisk (Multinational),Benzin,Fossil,Personbil
Ford Explorer,109,2025,M07,1023.0,Ford,Ford Motor Company,USA,Benzin,Fossil,Personbil
Renault R4,2,2025,M07,1016.0,Renault,Renault Group,Frankrig,Benzin,Fossil,Personbil
Suzuki Swift,146,2025,M07,1034.0,Suzuki,Suzuki Motor Corporation,Japan,Benzin,Fossil,Personbil
Volvo EX30,67,2025,M07,1056.0,Volvo,Geely (Lynk & Co),Kina,Benzin,Fossil,SUV/Crossover
Polestar 4,47,2025,M07,1048.0,Polestar,Geely (Lynk & Co),Kina,El,Nul-emission,Personbil
Kia Niro,24,2025,M07,1244.0,Kia,Hyundai Motor Group,Sydkorea,Benzin,Fossil,Personbil
Audi Q4 e-tron,293,2025,M07,1003.0,Audi,Volkswagen Group,Tyskland,El,Nul-emission,SUV/Crossover
BMW X1,226,2025,M07,1013.0,BMW,BMW Group,Tyskland,Benzin,Fossil,SUV/Crossover
Mercedes-Benz EQA,218,2025,M07,1026.0,Mercedes-Benz,Mercedes-Benz Group,Tyskland,El,Nul-emission,Personbil
Cupra Born,171,2025,M07,1007.0,Cupra,Volkswagen Group,Tyskland,El,Nul-emission,Personbil
Cupra Leon,314,2025,M07,1100.0,Cupra,Volkswagen Group,Tyskland,Benzin,Fossil,Personbil
Hyundai Kona,87,2025,M07,1043.0,Hyundai,Hyundai Motor Group,Sydkorea,Benzin,Fossil,SUV/Crossover
Kia EV3,511,2025,M07,1033.0,Kia,Hyundai Motor Group,Sydkorea,Benzin,Fossil,Personbil
MG S5,5,2025,M07,1046.0,MG,SAIC Motor (MG),Kina,Benzin,Fossil,Personbil
Citroen C3 Aircross,47,2025,M07,1014.0,Citroen,Stellantis,Europæisk (Multinational),Benzin,Fossil,SUV/Crossover
Volkswagen Passat,65,2025,M07,1125.0,Volkswagen,Volkswagen Group,Tyskland,Benzin,Fossil,Personbil
Audi A6 e-tron,48,2025,M07,1038.0,Audi,Volkswagen Group,Tyskland,El,Nul-emission,Personbil
Audi Q5,54,2025,M07,1137.0,Audi,Volkswagen Group,Tyskland,Benzin,Fossil,SUV/Crossover
Mercedes-Benz GLA,58,2025,M07,1090.0,Mercedes-Benz,Mercedes-Benz Group,Tyskland,Benzin,Fossil,Personbil
BMW 5'er,46,2025,M07,1063.0,BMW,BMW Group,Tyskland,Benzin,Fossil,Personbil
Audi Q6 e-tron,118,2025,M07,1160.0,Audi,Volkswagen Group,Tyskland,El,Nul-emission,SUV/Crossover
MG 4,40,2025,M07,1037.0,MG,SAIC Motor (MG),Kina,Benzin,Fossil,Personbil
Hyundai Ioniq 5,123,2025,M07,1050.0,Hyundai,Hyundai Motor Group,Sydkorea,El,Nul-emission,Personbil
Xpeng G9,27,2025,M07,1068.0,Xpeng,XPeng,Kina,El,Nul-emission,Personbil
Peugeot 5008,62,2025,M07,1039.0,Peugeot,Stellantis,Europæisk (Multinational),Benzin,Fossil,Personbil
Toyota Yaris,89,2025,M07,1057.0,Toyota,Toyota Motor Corporation,Japan,Hybrid,Lav-emission,Personbil
BMW i5,201,2025,M07,1049.0,BMW,BMW Group,Tyskland,El,Nul-emission,Personbil
BMW i4,84,2025,M07,1045.0,BMW,BMW Group,Tyskland,El,Nul-emission,Personbil
Peugeot 2008,94,2025,M07,1030.0,Peugeot,Stellantis,Europæisk (Multinational),Benzin,Fossil,Personbil
Ford Puma,43,2025,M07,1054.0,Ford,Ford Motor Company,USA,Benzin,Fossil,Personbil
Renault Scenic,103,2025,M07,1021.0,Renault,Renault Group,Frankrig,Benzin,Fossil,Personbil
Dacia Sandero,80,2025,M07,1231.0,Dacia,Renault Group,Frankrig,Benzin,Fossil,Personbil
Skoda Karoq,12,2025,M07,1094.0,Skoda,Volkswagen Group,Tyskland,Benzin,Fossil,SUV/Crossover
Audi A3,68,2025,M07,1064.0,Audi,Volkswagen Group,Tyskland,Benzin,Fossil,Personbil
BYD Dolphin Surf,35,2025,M07,1095.0,BYD,BYD Auto,Kina,Benzin,Fossil,Personbil
Skoda Octavia,97,2025,M07,1157.0,Skoda,Volkswagen Group,Tyskland,Benzin,Fossil,Personbil
Seat Arona,11,2025,M07,1177.0,Seat,Volkswagen Group,Tyskland,Benzin,Fossil,Personbil
Hyundai Inster,80,2025,M07,1061.0,Hyundai,Hyundai Motor Group,Sydkorea,Benzin,Fossil,Personbil
BYD Sealion 7,39,2025,M07,1096.0,BYD,BYD Auto,Kina,Benzin,Fossil,Personbil
Ford Capri,61,2025,M07,1052.0,Ford,Ford Motor Company,USA,Benzin,Fossil,Personbil
Mini 3-dørs,15,2025,M07,1083.0,Mini,BMW Group,Tyskland,Benzin,Fossil,Personbil
Skoda Kodiaq,74,2025,M07,1047.0,Skoda,Volkswagen Group,Tyskland,Benzin,Fossil,SUV/Crossover
BYD Seal U,38,2025,M07,1104.0,BYD,BYD Auto,Kina,Benzin,Fossil,Personbil
Opel Frontera,37,2025,M07,1077.0,Opel,Stellantis,Europæisk (Multinational),Benzin,Fossil,SUV/Crossover
Hyundai Ioniq 6,51,2025,M07,1133.0,Hyundai,Hyundai Motor Group,Sydkorea,El,Nul-emission,Personbil
Renault Trafic,12,2025,M07,1176.0,Renault,Renault Group,Frankrig,Benzin,Fossil,Varebil/MPV
Renault Clio,51,2025,M07,1111.0,Renault,Renault Group,Frankrig,Benzin,Fossil,Personbil
Honda e:Ny1,4,2025,M07,1086.0,Honda,Honda Motor Co.,Japan,El,Nul-emission,Personbil
Kia EV9,30,2025,M07,1058.0,Kia,Hyundai Motor Group,Sydkorea,Benzin,Fossil,Personbil
Mercedes-Benz C-Klasse,34,2025,M07,1098.0,Mercedes-Benz,Mercedes-Benz Group,Tyskland,Benzin,Fossil,Personbil
BMW iX2,30,2025,M07,1087.0,BMW,BMW Group,Tyskland,El,Nul-emission,SUV/Crossover
Ford Tourneo Custom,37,2025,M07,1082.0,Ford,Ford Motor Company,USA,Benzin,Fossil,Varebil/MPV
Audi A5,103,2025,M07,1115.0,Audi,Volkswagen Group,Tyskland,Benzin,Fossil,Personbil
Mercedes-Benz EQE,97,2025,M07,1074.0,Mercedes-Benz,Mercedes-Benz Group,Tyskland,El,Nul-emission,Personbil
Renault Megane E-Tech,136,2025,M07,1041.0,Renault,Renault Group,Frankrig,El,Nul-emission,Personbil
Opel Grandland,144,2025,M07,1072.0,Opel,Stellantis,Europæisk (Multinational),Benzin,Fossil,SUV/Crossover
Volvo EX90,19,2025,M07,1081.0,Volvo,Geely (Lynk & Co),Kina,Benzin,Fossil,Personbil
Mini Aceman,10,2025,M07,1079.0,Mini,BMW Group,Tyskland,El,Nul-emission,Personbil
Skoda Scala,29,2025,M07,1130.0,Skoda,Volkswagen Group,Tyskland,Benzin,Fossil,Personbil
BYD Atto 2,13,2025,M07,1106.0,BYD,BYD Auto,Kina,Benzin,Fossil,Personbil
Ford Mustang Mach-E,21,2025,M07,1147.0,Ford,Ford Motor Company,USA,Benzin,Fossil,Personbil
Toyota Aygo X,140,2025,M07,1042.0,Toyota,Toyota Motor Corporation,Japan,Benzin,Fossil,Personbil
BMW X3,7,2025,M07,1141.0,BMW,BMW Group,Tyskland,Benzin,Fossil,SUV/Crossover
BYD Dolphin,26,2025,M07,1187.0,BYD,BYD Auto,Kina,Benzin,Fossil,Personbil
Volkswagen ID.3,348,2025,M07,1011.0,Volkswagen,Volkswagen Group,Tyskland,El,Nul-emission,Personbil
Volkswagen ID.5,128,2025,M07,1053.0,Volkswagen,Volkswagen Group,Tyskland,El,Nul-emission,Personbil
Lexus RZ,7,2025,M07,1075.0,Lexus,Toyota Motor Corporation,Japan,Benzin,Fossil,Personbil
BMW iX,55,2025,M07,1089.0,BMW,BMW Group,Tyskland,El,Nul-emission,Personbil
BYD Tang,5,2025,M07,1126.0,BYD,BYD Auto,Kina,Benzin,Fossil,Personbil
Mercedes-Benz A-Klasse,17,2025,M07,1123.0,Mercedes-Benz,Mercedes-Benz Group,Tyskland,Benzin,Fossil,Personbil
Omoda 5,3,2025,M07,1129.0,Omoda,Chery Group,Kina,Benzin,Fossil,Personbil
Polestar 2,61,2025,M07,1097.0,Polestar,Geely (Lynk & Co),Kina,El,Nul-emission,Personbil
BYD Seal,8,2025,M07,1107.0,BYD,BYD Auto,Kina,Benzin,Fossil,Personbil
Porsche Cayenne,5,2025,M07,1208.0,Porsche,Volkswagen Group,Tyskland,Benzin,Fossil,SUV/Crossover
Toyota Corolla Cross,4,2025,M07,1124.0,Toyota,Toyota Motor Corporation,Japan,Benzin,Fossil,SUV/Crossover
BMW 1'er,18,2025,M07,1067.0,BMW,BMW Group,Tyskland,Benzin,Fossil,Personbil
Kia EV6,90,2025,M07,1069.0,Kia,Hyundai Motor Group,Sydkorea,Benzin,Fossil,Personbil
Alfa Romeo Junior,4,2025,M07,1221.0,Alfa Romeo,Stellantis,Europæisk (Multinational),Benzin,Fossil,SUV/Crossover
Audi A6,116,2025,M07,1159.0,Audi,Volkswagen Group,Tyskland,Benzin,Fossil,Personbil
Mini Countryman,32,2025,M07,1102.0,Mini,BMW Group,Tyskland,Benzin,Fossil,Personbil
Audi Q2,30,2025,M07,1071.0,Audi,Volkswagen Group,Tyskland,Benzin,Fossil,SUV/Crossover
BMW 4'er,36,2025,M07,1185.0,BMW,BMW Group,Tyskland,Benzin,Fossil,Personbil
Mercedes-Benz Sprinter,20,2025,M07,1134.0,Mercedes-Benz,Mercedes-Benz Group,Tyskland,Benzin,Fossil,Varebil/MPV
Tesla Model 3,60,2025,M07,1179.0,Tesla,"Tesla, Inc.",USA,El,Nul-emission,Personbil
Ford Transit,23,2025,M07,1091.0,Ford,Ford Motor Company,USA,Benzin,Fossil,Varebil/MPV
Skoda Kamiq,50,2025,M07,1112.0,Skoda,Volkswagen Group,Tyskland,Benzin,Fossil,SUV/Crossover
Porsche Macan,21,2025,M07,1119.0,Porsche,Volkswagen Group,Tyskland,Benzin,Fossil,SUV/Crossover
Volvo EC40,30,2025,M07,1093.0,Volvo,Geely (Lynk & Co),Kina,Benzin,Fossil,Personbil
Mercedes-Benz E-Klasse,24,2025,M07,1128.0,Mercedes-Benz,Mercedes-Benz Group,Tyskland,Benzin,Fossil,Personbil
Subaru Solterra,7,2025,M07,1113.0,Subaru,Subaru Corporation,Japan,Benzin,Fossil,Personbil
MG ZS,67,2025,M07,1040.0,MG,SAIC Motor (MG),Kina,Benzin,Fossil,Personbil
Dacia Bigster,32,2025,M07,1278.0,Dacia,Renault Group,Frankrig,Benzin,Fossil,Personbil
KGM Torres EVX,1,2025,M07,1108.0,KGM,KG Mobility (tidl. SsangYong),Sydkorea,El,Nul-emission,SUV/Crossover
Mercedes-Benz EQE SUV,53,2025,M07,1110.0,Mercedes-Benz,Mercedes-Benz Group,Tyskland,El,Nul-emission,SUV/Crossover
MG Cyberster,6,2025,M07,1173.0,MG,SAIC Motor (MG),Kina,Benzin,Fossil,Personbil
Nissan Ariya,46,2025,M07,1070.0,Nissan,Nissan Motor Co.,Japan,Benzin,Fossil,Personbil
Nissan Juke,6,2025,M07,1103.0,Nissan,Nissan Motor Co.,Japan,Benzin,Fossil,SUV/Crossover
Renault Captur,123,2025,M07,1266.0,Renault,Renault Group,Frankrig,Benzin,Fossil,Personbil
Seat Ibiza,16,2025,M07,1073.0,Seat,Volkswagen Group,Tyskland,Benzin,Fossil,Personbil
Suzuki SX4,44,2025,M07,1131.0,Suzuki,Suzuki Motor Corporation,Japan,Benzin,Fossil,SUV/Crossover
Mercedes-Benz EQB,189,2025,M07,1027.0,Mercedes-Benz,Mercedes-Benz Group,Tyskland,El,Nul-emission,Personbil
Mercedes-Benz G-Klasse,2,2025,M07,1170.0,Mercedes-Benz,Mercedes-Benz Group,Tyskland,Benzin,Fossil,Personbil
Mercedes-Benz V-Klasse,10,2025,M07,1171.0,Mercedes-Benz,Mercedes-Benz Group,Tyskland,Benzin,Fossil,Personbil
Navor E5,173,2025,M07,1078.0,Navor,DFSK Motor,Kina,Benzin,Fossil,Personbil
Skoda Fabia,29,2025,M07,1211.0,Skoda,Volkswagen Group,Tyskland,Benzin,Fossil,Personbil
Volkswagen Golf,1,2025,M07,1219.0,Volkswagen,Volkswagen Group,Tyskland,Benzin,Fossil,Personbil
Cupra Terramar,112,2025,M07,1044.0,Cupra,Volkswagen Group,Tyskland,Benzin,Fossil,Personbil
Volkswagen Tiguan,2,2025,M07,1145.0,Volkswagen,Volkswagen Group,Tyskland,Benzin,Fossil,SUV/Crossover
BMW i7,4,2025,M07,1146.0,BMW,BMW Group,Tyskland,El,Nul-emission,Personbil
BMW i7,4,2025,M07,,BMW,BMW Group,Tyskland,El,Nul-emission,Personbil
Citroen Berlingo,7,2025,M07,1117.0,Citroen,Stellantis,Europæisk (Multinational),Benzin,Fossil,Varebil/MPV
Mazda 2,6,2025,M07,1153.0,Mazda,Mazda Motor Corporation,Japan,Benzin,Fossil,Personbil
Polaris Ranger,1,2025,M07,1404.0,Polaris,Polaris,USA,Benzin,Fossil,ATV/UTV/Andet
Polestar 3,4,2025,M07,1263.0,Polestar,Geely (Lynk & Co),Kina,El,Nul-emission,Personbil
Porsche 911,6,2025,M07,1264.0,Porsche,Volkswagen Group,Tyskland,Benzin,Fossil,Personbil
Porsche Taycan,3,2025,M07,1175.0,Porsche,Volkswagen Group,Tyskland,El,Nul-emission,Personbil
Volkswagen Multivan,54,2025,M07,1274.0,Volkswagen,Volkswagen Group,Tyskland,Benzin,Fossil,Varebil/MPV
BMW 2'er,1,2025,M07,1223.0,BMW,BMW Group,Tyskland,Benzin,Fossil,Personbil
Honda CR-V,14,2025,M07,1127.0,Honda,Honda Motor Co.,Japan,Hybrid,Lav-emission,Personbil
Honda HR-V,3,2025,M07,1149.0,Honda,Honda Motor Co.,Japan,Benzin,Fossil,Personbil
Hongqi EHS7,43,2025,M07,1138.0,Hongqi,FAW (Hongqi),Kina,El,Nul-emission,Personbil
Hyundai Bayon,10,2025,M07,1151.0,Hyundai,Hyundai Motor Group,Sydkorea,Benzin,Fossil,Personbil
Maserati Grecale,4,2025,M07,1152.0,Maserati,Stellantis,Europæisk (Multinational),Benzin,Fossil,Personbil
Mercedes-Benz CLE,2,2025,M07,1257.0,Mercedes-Benz,Mercedes-Benz Group,Tyskland,Benzin,Fossil,Personbil
Mercedes-Benz EQS SUV,2,2025,M07,1200.0,Mercedes-Benz,Mercedes-Benz Group,Tyskland,El,Nul-emission,SUV/Crossover
Mercedes-Benz GLE,11,2025,M07,1144.0,Mercedes-Benz,Mercedes-Benz Group,Tyskland,Benzin,Fossil,Personbil
MG HS,8,2025,M07,1109.0,MG,SAIC Motor (MG),Kina,Benzin,Fossil,Personbil
Mini Cabriolet,1,2025,M07,1370.0,Mini,BMW Group,Tyskland,Benzin,Fossil,Personbil
Volkswagen Caravelle,31,2025,M07,1217.0,Volkswagen,Volkswagen Group,Tyskland,Benzin,Fossil,Varebil/MPV
Volkswagen Crafter,2,2025,M07,1218.0,Volkswagen,Volkswagen Group,Tyskland,Benzin,Fossil,Varebil/MPV
Yunlong JJ2000DBP,5,2025,M07,1277.0,Yunlong,MG,Kina,Benzin,Fossil,Personbil
CFMOTO CForce 1000 Touring,3,2025,M07,1423.0,CFMOTO,CFMOTO,Kina,Benzin,Fossil,ATV/UTV/Andet
Fiat Topolino,2,2025,M07,,Fiat,Stellantis,Europæisk (Multinational),Benzin,Fossil,Personbil
Ford Kuga,49,2025,M07,1060.0,Ford,Ford Motor Company,USA,Hybrid,Lav-emission,Personbil
Ford Transit Custom,6,2025,M07,1192.0,Ford,Ford Motor Company,USA,Benzin,Fossil,Varebil/MPV
Honda Civic,7,2025,M07,1163.0,Honda,Honda Motor Co.,Japan,Hybrid,Lav-emission,Personbil
Land Rover Range Rover Sport,5,2025,M07,1196.0,Land Rover,Jaguar Land Rover (Tata Motors),Indien,Benzin,Fossil,SUV/Crossover
MAN TGE,6,2025,M07,1197.0,MAN,TRATON (Volkswagen Group),Tyskland,Benzin,Fossil,Varebil/MPV
Mazda CX-30,6,2025,M07,1084.0,Mazda,Mazda Motor Corporation,Japan,Benzin,Fossil,SUV/Crossover
Mazda MX-30,8,2025,M07,1199.0,Mazda,Mazda Motor Corporation,Japan,Benzin,Fossil,Personbil
Mazda MX-5,2,2025,M07,1346.0,Mazda,Mazda Motor Corporation,Japan,Benzin,Fossil,Personbil
Mercedes-Benz EQV,6,2025,M07,1155.0,Mercedes-Benz,Mercedes-Benz Group,Tyskland,El,Nul-emission,Personbil
MG 3,1,2025,M07,1172.0,MG,SAIC Motor (MG),Kina,Benzin,Fossil,Personbil
Peugeot 308,5,2025,M07,1206.0,Peugeot,Stellantis,Europæisk (Multinational),Benzin,Fossil,Personbil
Tesla Model X,5,2025,M07,1214.0,Tesla,"Tesla, Inc.",USA,El,Nul-emission,Personbil
Volkswagen Polo,28,2025,M07,1140.0,Volkswagen,Volkswagen Group,Tyskland,Benzin,Fossil,Personbil
Volvo XC60,8,2025,M07,1275.0,Volvo,Geely (Lynk & Co),Kina,Benzin,Fossil,Personbil
Access SM 480 Road,2,2025,M07,,Access,Access Motor,Taiwan,Benzin,Fossil,ATV/UTV/Andet
Audi e-tron,1,2025,M07,1335.0,Audi,Volkswagen Group,Tyskland,El,Nul-emission,Personbil
Bach YM2000DP,1,2025,M07,1294.0,Bach,Bach,Danmark,El,Nul-emission,Kabinescooter
Bentley Flying Spur,1,2025,M07,1184.0,Bentley,Volkswagen Group,Tyskland,Benzin,Fossil,Personbil
BMW X5,5,2025,M07,1186.0,BMW,BMW Group,Tyskland,Benzin,Fossil,SUV/Crossover
BYD Atto 3,11,2025,M07,1161.0,BYD,BYD Auto,Kina,Benzin,Fossil,Personbil
Caterham Seven,1,2025,M07,,Caterham,Caterham,Ukendt,Benzin,Fossil,Personbil
CFMOTO CForce 520L,1,2025,M07,,CFMOTO,CFMOTO,Kina,Benzin,Fossil,ATV/UTV/Andet
Dacia Duster,22,2025,M07,1229.0,Dacia,Renault Group,Frankrig,Benzin,Fossil,Personbil
Dacia Jogger,1,2025,M07,1230.0,Dacia,Renault Group,Frankrig,Benzin,Fossil,Personbil
Eagle Golf Car,1,2025,M07,1188.0,Eagle,"Eagle Golf Cars, LLC",USA,EL,Nul-emission,ATV/UTV/Andet
Fiat 500,1,2025,M07,1232.0,Fiat,Stellantis,Europæisk (Multinational),Benzin,Fossil,Personbil
Ford Allied,1,2025,M07,1191.0,Ford,Ford Motor Company,USA,Benzin,Fossil,Personbil
Ford Tourneo Connect,1,2025,M07,1234.0,Ford,Ford Motor Company,USA,Benzin,Fossil,Varebil/MPV
Garia Monaco,1,2025,M07,1398.0,Garia,Garia,Danmark,Benzin,Fossil,Personbil
Honda Jazz,2,2025,M07,1150.0,Honda,Honda Motor Co.,Japan,Benzin,Fossil,Personbil
Honda ZR-V,38,2025,M07,1193.0,Honda,Honda Motor Co.,Japan,Benzin,Fossil,Personbil
Hongqi E-HS9,8,2025,M07,1236.0,Hongqi,FAW (Hongqi),Kina,El,Nul-emission,Personbil
Hongqi EH7,2,2025,M07,1194.0,Hongqi,FAW (Hongqi),Kina,El,Nul-emission,Personbil
Hyundai I20,2,2025,M07,1238.0,Hyundai,Hyundai Motor Group,Sydkorea,Benzin,Fossil,Personbil
Hyundai I30,2,2025,M07,1239.0,Hyundai,Hyundai Motor Group,Sydkorea,Benzin,Fossil,Personbil
Hyundai Santa Fe,2,2025,M07,1240.0,Hyundai,Hyundai Motor Group,Sydkorea,Benzin,Fossil,SUV/Crossover
Hyundai Tucson,9,2025,M07,1241.0,Hyundai,Hyundai Motor Group,Sydkorea,Benzin,Fossil,SUV/Crossover
JAC E30X,2,2025,M07,1195.0,JAC,JAC Motors,Kina,Benzin,Fossil,Personbil
Jeep Avenger,3,2025,M07,1242.0,Jeep,Stellantis,Europæisk (Multinational),Benzin,Fossil,SUV/Crossover
Kandi Inovator,1,2025,M07,,Kandi,Chery Group,Kina,Benzin,Fossil,Personbil
Kia Ceed,3,2025,M07,1243.0,Kia,Hyundai Motor Group,Sydkorea,Benzin,Fossil,Personbil
Kia XCeed,2,2025,M07,1249.0,Kia,Hyundai Motor Group,Sydkorea,Benzin,Fossil,Personbil
Lamborghini Urus,2,2025,M07,1394.0,Lamborghini,Volkswagen Group,Tyskland,Benzin,Fossil,SUV/Crossover
Land Rover Range Rover,1,2025,M07,1283.0,Land Rover,Jaguar Land Rover (Tata Motors),Indien,Benzin,Fossil,SUV/Crossover
Lexus LC,1,2025,M07,1415.0,Lexus,Toyota Motor Corporation,Japan,Benzin,Fossil,Personbil
Lexus NX,7,2025,M07,1252.0,Lexus,Toyota Motor Corporation,Japan,Hybrid,Lav-emission,Personbil
Lotus Emeya,1,2025,M07,1339.0,Lotus,Geely (Lynk & Co),Kina,Benzin,Fossil,Personbil
Maxus e-Deliver 9,2,2025,M07,1166.0,Maxus,SAIC Motor (Maxus),Kina,Benzin,Fossil,Varebil/MPV
Mazda 3,3,2025,M07,1154.0,Mazda,Mazda Motor Corporation,Japan,Benzin,Fossil,Personbil
Mazda CX-60,1,2025,M07,1255.0,Mazda,Mazda Motor Corporation,Japan,Benzin,Fossil,SUV/Crossover
Mazda CX-80,2,2025,M07,1168.0,Mazda,Mazda Motor Corporation,Japan,Benzin,Fossil,SUV/Crossover
Melex 463,21,2025,M07,,Melex,Melex Sp. z o.o.,Polen,El,Nul-emission,ATV/UTV/Andet
Mercedes-Benz S-Klasse,1,2025,M07,1201.0,Mercedes-Benz,Mercedes-Benz Group,Tyskland,Benzin,Fossil,Personbil
Mercedes-Benz Vito Tourer,9,2025,M07,1092.0,Mercedes-Benz,Mercedes-Benz Group,Tyskland,Benzin,Fossil,Varebil/MPV
MG Marvel R,1,2025,M07,1347.0,MG,SAIC Motor (MG),Kina,Benzin,Fossil,Personbil
Nilsson Hearse,1,2025,M07,1202.0,Nilsson Hearse,Nilsson Hearse,Sverige,Benzin,Fossil,Varebil/MPV
Nissan X-Trail,2,2025,M07,1204.0,Nissan,Nissan Motor Co.,Japan,Hybrid,Lav-emission,Personbil
Odes Aodes 1000,1,2025,M07,,Odes,Odes,Ukendt,Benzin,Fossil,Personbil
Opel Astra,1,2025,M07,1258.0,Opel,Stellantis,Europæisk (Multinational),Benzin,Fossil,Personbil
Opel Corsa,9,2025,M07,1259.0,Opel,Stellantis,Europæisk (Multinational),Benzin,Fossil,Personbil
Opel Mokka,1,2025,M07,1261.0,Opel,Stellantis,Europæisk (Multinational),Benzin,Fossil,Personbil
Opel Rocks-e,1,2025,M07,,Opel,Stellantis,Europæisk (Multinational),Benzin,Fossil,Personbil
Opel Zafira,1,2025,M07,1205.0,Opel,Stellantis,Europæisk (Multinational),Benzin,Fossil,Varebil/MPV
Porsche 718 Spyder RS,1,2025,M07,1322.0,Porsche,Volkswagen Group,Tyskland,Benzin,Fossil,ATV/UTV/Andet
Porsche Cayman,1,2025,M07,1323.0,Porsche,Volkswagen Group,Tyskland,Benzin,Fossil,Personbil
Porsche Panamera,1,2025,M07,1265.0,Porsche,Volkswagen Group,Tyskland,Benzin,Fossil,Personbil
Skoda Kodiaq iV,1,2025,M07,1267.0,Skoda,Volkswagen Group,Tyskland,Hybrid,Lav-emission,SUV/Crossover
Skoda Superb,3,2025,M07,1139.0,Skoda,Volkswagen Group,Tyskland,Benzin,Fossil,Personbil
Skoda Superb iV,3,2025,M07,1289.0,Skoda,Volkswagen Group,Tyskland,Hybrid,Lav-emission,Personbil
Subaru Crosstrek,2,2025,M07,1381.0,Subaru,Subaru Corporation,Japan,Benzin,Fossil,SUV/Crossover
Subaru Outback,1,2025,M07,1178.0,Subaru,Subaru Corporation,Japan,Benzin,Fossil,SUV/Crossover
Suzuki Ignis,41,2025,M07,1268.0,Suzuki,Suzuki Motor Corporation,Japan,Benzin,Fossil,Personbil
Suzuki Swace,1,2025,M07,1270.0,Suzuki,Suzuki Motor Corporation,Japan,Benzin,Fossil,Personbil
Tesla Model S,2,2025,M07,1213.0,Tesla,"Tesla, Inc.",USA,El,Nul-emission,Personbil
Toyota C-HR,27,2025,M07,1271.0,Toyota,Toyota Motor Corporation,Japan,Hybrid,Lav-emission,Personbil
Toyota Corolla,4,2025,M07,1180.0,Toyota,Toyota Motor Corporation,Japan,Hybrid,Lav-emission,Personbil
Toyota GR Supra,1,2025,M07,1408.0,Toyota,Toyota Motor Corporation,Japan,Benzin,Fossil,Personbil
Toyota GR86,1,2025,M07,1388.0,Toyota,Toyota Motor Corporation,Japan,Benzin,Fossil,Personbil
Toyota Mirai,13,2025,M07,,Toyota,Toyota Motor Corporation,Japan,Brint,Nul-emission,Personbil
Toyota Proace City Verso,2,2025,M07,1327.0,Toyota,Toyota Motor Corporation,Japan,Benzin,Fossil,Varebil/MPV
Toyota RAV4,92,2025,M07,1273.0,Toyota,Toyota Motor Corporation,Japan,Hybrid,Lav-emission,SUV/Crossover
Volkswagen Caddy,4,2025,M07,1216.0,Volkswagen,Volkswagen Group,Tyskland,Benzin,Fossil,Varebil/MPV
Volkswagen Touran,68,2025,M07,1182.0,Volkswagen,Volkswagen Group,Tyskland,Benzin,Fossil,Personbil
Volvo C40,2,2025,M07,1329.0,Volvo,Geely (Lynk & Co),Kina,Benzin,Fossil,Personbil
Volvo XC90,10,2025,M07,1276.0,Volvo,Geely (Lynk & Co),Kina,Benzin,Fossil,Personbil
Xpeng P7,3,2025,M07,1279.0,Xpeng,XPeng,Kina,El,Nul-emission,Personbil
Tesla Model Y,1355,2026,M06,1002.0,Tesla,"Tesla, Inc.",USA,El,Nul-emission,Personbil
Toyota bZ4X,880,2026,M06,1000.0,Toyota,Toyota Motor Corporation,Japan,El,Nul-emission,Personbil
Kia Niro,660,2026,M06,1244.0,Kia,Hyundai Motor Group,Sydkorea,Benzin,Fossil,Personbil
Skoda Enyaq iV,646,2026,M06,1006.0,Skoda,Volkswagen Group,Tyskland,El,Nul-emission,Personbil
Xpeng G6,489,2026,M06,1015.0,Xpeng,XPeng,Kina,El,Nul-emission,Personbil
Skoda Elroq,483,2026,M06,1001.0,Skoda,Volkswagen Group,Tyskland,El,Nul-emission,Personbil
Volkswagen ID.4,467,2026,M06,1005.0,Volkswagen,Volkswagen Group,Tyskland,El,Nul-emission,Personbil
Volkswagen T-Roc,448,2026,M06,1080.0,Volkswagen,Volkswagen Group,Tyskland,Benzin,Fossil,SUV/Crossover
Toyota C-HR+,435,2026,M06,,Toyota,Toyota Motor Corporation,Japan,El,Nul-emission,SUV/Crossover
Tesla Model 3,420,2026,M06,1179.0,Tesla,"Tesla, Inc.",USA,El,Nul-emission,Personbil
Mercedes-Benz CLA,406,2026,M06,1022.0,Mercedes-Benz,Mercedes-Benz Group,Tyskland,Benzin,Fossil,Personbil
Cupra Tavascan,369,2026,M06,1065.0,Cupra,Volkswagen Group,Tyskland,Benzin,Fossil,Personbil
BMW iX1,368,2026,M06,1009.0,BMW,BMW Group,Tyskland,El,Nul-emission,SUV/Crossover
Mercedes-Benz GLB,337,2026,M06,1088.0,Mercedes-Benz,Mercedes-Benz Group,Tyskland,Benzin,Fossil,Personbil
Volkswagen ID. Buzz,329,2026,M06,1010.0,Volkswagen,Volkswagen Group,Tyskland,El,Nul-emission,Personbil
Citroen C5 Aircross,307,2026,M06,1032.0,Citroen,Stellantis,Europæisk (Multinational),Benzin,Fossil,SUV/Crossover
Toyota Yaris Cross,304,2026,M06,1020.0,Toyota,Toyota Motor Corporation,Japan,Benzin,Fossil,SUV/Crossover
Volkswagen ID.7,302,2026,M06,1017.0,Volkswagen,Volkswagen Group,Tyskland,El,Nul-emission,Personbil
Renault R5,300,2026,M06,1008.0,Renault,Renault Group,Frankrig,Benzin,Fossil,Personbil
Volvo EX40,290,2026,M06,1018.0,Volvo,Geely (Lynk & Co),Kina,Benzin,Fossil,SUV/Crossover
VinFast VF 8,286,2026,M06,,VinFast,VinFast Auto,Vietnam,El,Nul-emission,SUV/Crossover
Mercedes-Benz GLC,284,2026,M06,1076.0,Mercedes-Benz,Mercedes-Benz Group,Tyskland,Benzin,Fossil,Personbil
MG 4,267,2026,M06,1037.0,MG,SAIC Motor (MG),Kina,Benzin,Fossil,Personbil
Audi Q4 e-tron,258,2026,M06,1003.0,Audi,Volkswagen Group,Tyskland,El,Nul-emission,SUV/Crossover
BMW iX3,249,2026,M06,1224.0,BMW,BMW Group,Tyskland,El,Nul-emission,SUV/Crossover
Audi Q6 e-tron,239,2026,M06,1160.0,Audi,Volkswagen Group,Tyskland,El,Nul-emission,SUV/Crossover
Suzuki Vitara,225,2026,M06,1029.0,Suzuki,Suzuki Motor Corporation,Japan,Benzin,Fossil,SUV/Crossover
Mazda 6e,224,2026,M06,1019.0,Mazda,Mazda Motor Corporation,Japan,Benzin,Fossil,Personbil
Mercedes-Benz GLA,200,2026,M06,1090.0,Mercedes-Benz,Mercedes-Benz Group,Tyskland,Benzin,Fossil,Personbil
Polestar 4,198,2026,M06,1048.0,Polestar,Geely (Lynk & Co),Kina,El,Nul-emission,Personbil
Mercedes-Benz EQA,196,2026,M06,1026.0,Mercedes-Benz,Mercedes-Benz Group,Tyskland,El,Nul-emission,Personbil
BMW 3'er,191,2026,M06,1051.0,BMW,BMW Group,Tyskland,Benzin,Fossil,Personbil
BMW X1,191,2026,M06,1013.0,BMW,BMW Group,Tyskland,Benzin,Fossil,SUV/Crossover
Peugeot 2008,189,2026,M06,1030.0,Peugeot,Stellantis,Europæisk (Multinational),Benzin,Fossil,Personbil
Volkswagen ID.3,189,2026,M06,1011.0,Volkswagen,Volkswagen Group,Tyskland,El,Nul-emission,Personbil
Cupra Formentor,184,2026,M06,1062.0,Cupra,Volkswagen Group,Tyskland,Benzin,Fossil,Personbil
Renault Scenic,184,2026,M06,1021.0,Renault,Renault Group,Frankrig,Benzin,Fossil,Personbil
VinFast VF 6,181,2026,M06,,VinFast,VinFast Auto,Vietnam,El,Nul-emission,SUV/Crossover
Skoda Kodiaq,176,2026,M06,1047.0,Skoda,Volkswagen Group,Tyskland,Benzin,Fossil,SUV/Crossover
Toyota Urban Cruiser,176,2026,M06,1004.0,Toyota,Toyota Motor Corporation,Japan,Benzin,Fossil,Personbil
Ford Explorer,174,2026,M06,1023.0,Ford,Ford Motor Company,USA,Benzin,Fossil,Personbil
Mazda CX-5,174,2026,M06,1311.0,Mazda,Mazda Motor Corporation,Japan,Benzin,Fossil,SUV/Crossover
Cupra Raval,173,2026,M06,,Cupra,Volkswagen Group,Tyskland,El,Nul-emission,Personbil
Hyundai Ioniq 5,161,2026,M06,1050.0,Hyundai,Hyundai Motor Group,Sydkorea,El,Nul-emission,Personbil
Zeekr 7X,160,2026,M06,1028.0,Zeekr,Geely (Lynk & Co),Kina,El,Nul-emission,Personbil
Audi Q2,157,2026,M06,1071.0,Audi,Volkswagen Group,Tyskland,Benzin,Fossil,SUV/Crossover
Renault Symbioz,155,2026,M06,1085.0,Renault,Renault Group,Frankrig,Benzin,Fossil,Personbil
Audi A6 e-tron,153,2026,M06,1038.0,Audi,Volkswagen Group,Tyskland,El,Nul-emission,Personbil
Leapmotor B10,151,2026,M06,1031.0,Leapmotor,Leapmotor,Kina,El,Nul-emission,Personbil
MG S5,142,2026,M06,1046.0,MG,SAIC Motor (MG),Kina,Benzin,Fossil,Personbil
Kia PV5,141,2026,M06,1066.0,Kia,Hyundai Motor Group,Sydkorea,Benzin,Fossil,Personbil
Hyundai Kona,137,2026,M06,1043.0,Hyundai,Hyundai Motor Group,Sydkorea,Benzin,Fossil,SUV/Crossover
Nissan Micra,137,2026,M06,1055.0,Nissan,Nissan Motor Co.,Japan,Benzin,Fossil,Personbil
Audi A3,134,2026,M06,1064.0,Audi,Volkswagen Group,Tyskland,Benzin,Fossil,Personbil
BMW 5'er,134,2026,M06,1063.0,BMW,BMW Group,Tyskland,Benzin,Fossil,Personbil
Toyota Yaris,133,2026,M06,1057.0,Toyota,Toyota Motor Corporation,Japan,Hybrid,Lav-emission,Personbil
BMW i4,127,2026,M06,1045.0,BMW,BMW Group,Tyskland,El,Nul-emission,Personbil
Cupra Leon,126,2026,M06,1100.0,Cupra,Volkswagen Group,Tyskland,Benzin,Fossil,Personbil
Peugeot 208,125,2026,M06,1024.0,Peugeot,Stellantis,Europæisk (Multinational),Benzin,Fossil,Personbil
Citroen C3 Aircross,120,2026,M06,1014.0,Citroen,Stellantis,Europæisk (Multinational),Benzin,Fossil,SUV/Crossover
Renault Twingo,120,2026,M06,,Renault,Renault Group,Frankrig,El,Nul-emission,Personbil
Renault Clio,119,2026,M06,1111.0,Renault,Renault Group,Frankrig,Benzin,Fossil,Personbil
MG S6 EV,114,2026,M06,1101.0,MG,SAIC Motor (MG),Kina,Benzin,Fossil,Personbil
Xpeng G9,114,2026,M06,1068.0,Xpeng,XPeng,Kina,El,Nul-emission,Personbil
Renault R4,111,2026,M06,1016.0,Renault,Renault Group,Frankrig,Benzin,Fossil,Personbil
Renault Megane E-Tech,109,2026,M06,1041.0,Renault,Renault Group,Frankrig,El,Nul-emission,Personbil
Suzuki Swift,108,2026,M06,1034.0,Suzuki,Suzuki Motor Corporation,Japan,Benzin,Fossil,Personbil
BMW i5,105,2026,M06,1049.0,BMW,BMW Group,Tyskland,El,Nul-emission,Personbil
Volvo EX30,103,2026,M06,1056.0,Volvo,Geely (Lynk & Co),Kina,Benzin,Fossil,SUV/Crossover
Cupra Born,102,2026,M06,1007.0,Cupra,Volkswagen Group,Tyskland,El,Nul-emission,Personbil
VinFast VF 8 Plus,93,2026,M06,,VinFast,VinFast Auto,Vietnam,El,Nul-emission,SUV/Crossover
Ford Capri,92,2026,M06,1052.0,Ford,Ford Motor Company,USA,Benzin,Fossil,Personbil
Peugeot 3008,89,2026,M06,1036.0,Peugeot,Stellantis,Europæisk (Multinational),Benzin,Fossil,Personbil
Hyundai Inster,88,2026,M06,1061.0,Hyundai,Hyundai Motor Group,Sydkorea,Benzin,Fossil,Personbil
Kia EV3,87,2026,M06,1033.0,Kia,Hyundai Motor Group,Sydkorea,Benzin,Fossil,Personbil
Kia EV5,87,2026,M06,1164.0,Kia,Hyundai Motor Group,Sydkorea,Benzin,Fossil,Personbil
BYD Seal U,82,2026,M06,1104.0,BYD,BYD Auto,Kina,Benzin,Fossil,Personbil
Nissan Qashqai,81,2026,M06,1035.0,Nissan,Nissan Motor Co.,Japan,Benzin,Fossil,SUV/Crossover
Peugeot 5008,81,2026,M06,1039.0,Peugeot,Stellantis,Europæisk (Multinational),Benzin,Fossil,Personbil
BYD Sealion 7,79,2026,M06,1096.0,BYD,BYD Auto,Kina,Benzin,Fossil,Personbil
Renault Austral,75,2026,M06,1025.0,Renault,Renault Group,Frankrig,Benzin,Fossil,Personbil
Ford Tourneo Custom,70,2026,M06,1082.0,Ford,Ford Motor Company,USA,Benzin,Fossil,Varebil/MPV
Volkswagen Passat,67,2026,M06,1125.0,Volkswagen,Volkswagen Group,Tyskland,Benzin,Fossil,Personbil
BYD Dolphin Surf,65,2026,M06,1095.0,BYD,BYD Auto,Kina,Benzin,Fossil,Personbil
Kia EV6,65,2026,M06,1069.0,Kia,Hyundai Motor Group,Sydkorea,Benzin,Fossil,Personbil
Toyota Corolla Cross,62,2026,M06,1124.0,Toyota,Toyota Motor Corporation,Japan,Benzin,Fossil,SUV/Crossover
BYD Atto 3 Evo,60,2026,M06,,BYD,BYD Auto,Kina,El,Nul-emission,SUV/Crossover
Jaecoo J5,57,2026,M06,1116.0,Jaecoo,Chery Group,Kina,Benzin,Fossil,Personbil
BMW 1'er,55,2026,M06,1067.0,BMW,BMW Group,Tyskland,Benzin,Fossil,Personbil
Volkswagen ID.5,55,2026,M06,1053.0,Volkswagen,Volkswagen Group,Tyskland,El,Nul-emission,Personbil
Mercedes-Benz C-Klasse,54,2026,M06,1098.0,Mercedes-Benz,Mercedes-Benz Group,Tyskland,Benzin,Fossil,Personbil
Opel Frontera,52,2026,M06,1077.0,Opel,Stellantis,Europæisk (Multinational),Benzin,Fossil,SUV/Crossover
Volvo EX90,52,2026,M06,1081.0,Volvo,Geely (Lynk & Co),Kina,Benzin,Fossil,Personbil
Citroen C3,51,2026,M06,1012.0,Citroen,Stellantis,Europæisk (Multinational),Benzin,Fossil,Personbil
BMW X3,50,2026,M06,1141.0,BMW,BMW Group,Tyskland,Benzin,Fossil,SUV/Crossover
Fiat Grande Panda,50,2026,M06,1122.0,Fiat,Stellantis,Europæisk (Multinational),Benzin,Fossil,Personbil
BYD Tang,49,2026,M06,1126.0,BYD,BYD Auto,Kina,Benzin,Fossil,Personbil
Hyundai Ioniq 6,46,2026,M06,1133.0,Hyundai,Hyundai Motor Group,Sydkorea,El,Nul-emission,Personbil
Toyota Aygo X,45,2026,M06,1042.0,Toyota,Toyota Motor Corporation,Japan,Benzin,Fossil,Personbil
Audi Q5,44,2026,M06,1137.0,Audi,Volkswagen Group,Tyskland,Benzin,Fossil,SUV/Crossover
Volkswagen T-Cross,44,2026,M06,1181.0,Volkswagen,Volkswagen Group,Tyskland,Benzin,Fossil,SUV/Crossover
Volkswagen Touran,44,2026,M06,1182.0,Volkswagen,Volkswagen Group,Tyskland,Benzin,Fossil,Personbil
Opel Grandland,43,2026,M06,1072.0,Opel,Stellantis,Europæisk (Multinational),Benzin,Fossil,SUV/Crossover
Nissan Ariya,42,2026,M06,1070.0,Nissan,Nissan Motor Co.,Japan,Benzin,Fossil,Personbil
MG ZS,41,2026,M06,1040.0,MG,SAIC Motor (MG),Kina,Benzin,Fossil,Personbil
BMW iX2,39,2026,M06,1087.0,BMW,BMW Group,Tyskland,El,Nul-emission,SUV/Crossover
Mini Aceman,35,2026,M06,1079.0,Mini,BMW Group,Tyskland,El,Nul-emission,Personbil
Honda e:Ny1,34,2026,M06,1086.0,Honda,Honda Motor Co.,Japan,El,Nul-emission,Personbil
Seat Ibiza,34,2026,M06,1073.0,Seat,Volkswagen Group,Tyskland,Benzin,Fossil,Personbil
Navor E5,33,2026,M06,1078.0,Navor,DFSK Motor,Kina,Benzin,Fossil,Personbil
Volvo EC40,32,2026,M06,1093.0,Volvo,Geely (Lynk & Co),Kina,Benzin,Fossil,Personbil
Mercedes-Benz A-Klasse,31,2026,M06,1123.0,Mercedes-Benz,Mercedes-Benz Group,Tyskland,Benzin,Fossil,Personbil
BMW iX,30,2026,M06,1089.0,BMW,BMW Group,Tyskland,El,Nul-emission,Personbil
BYD Atto 2,30,2026,M06,1106.0,BYD,BYD Auto,Kina,Benzin,Fossil,Personbil
Hyundai Ioniq 9,30,2026,M06,1118.0,Hyundai,Hyundai Motor Group,Sydkorea,El,Nul-emission,Personbil
Kia EV9,30,2026,M06,1058.0,Kia,Hyundai Motor Group,Sydkorea,Benzin,Fossil,Personbil
Zeekr 7GT,30,2026,M06,,Zeekr,Geely (Lynk & Co),Kina,El,Nul-emission,Personbil
Mercedes-Benz EQE,29,2026,M06,1074.0,Mercedes-Benz,Mercedes-Benz Group,Tyskland,El,Nul-emission,Personbil
Nissan Leaf,28,2026,M06,1318.0,Nissan,Nissan Motor Co.,Japan,Benzin,Fossil,Personbil
Ford Puma,27,2026,M06,1054.0,Ford,Ford Motor Company,USA,Benzin,Fossil,Personbil
Mini 3-dørs,27,2026,M06,1083.0,Mini,BMW Group,Tyskland,Benzin,Fossil,Personbil
Audi Q3,26,2026,M06,1099.0,Audi,Volkswagen Group,Tyskland,Benzin,Fossil,SUV/Crossover
Deepal S05,26,2026,M06,,Deepal,Changan Automobile,Kina,El,Nul-emission,SUV/Crossover
Lexus RZ,25,2026,M06,1075.0,Lexus,Toyota Motor Corporation,Japan,Benzin,Fossil,Personbil
Polestar 2,25,2026,M06,1097.0,Polestar,Geely (Lynk & Co),Kina,El,Nul-emission,Personbil
BMW 4'er,24,2026,M06,1185.0,BMW,BMW Group,Tyskland,Benzin,Fossil,Personbil
BYD Dolphin,24,2026,M06,1187.0,BYD,BYD Auto,Kina,Benzin,Fossil,Personbil
Subaru Uncharted,24,2026,M06,,Subaru,Subaru Corporation,Japan,El,Nul-emission,SUV/Crossover
BYD Seal,23,2026,M06,1107.0,BYD,BYD Auto,Kina,Benzin,Fossil,Personbil
Ford Transit,22,2026,M06,1091.0,Ford,Ford Motor Company,USA,Benzin,Fossil,Varebil/MPV
Audi A5,21,2026,M06,1115.0,Audi,Volkswagen Group,Tyskland,Benzin,Fossil,Personbil
MG Cyberster,21,2026,M06,1173.0,MG,SAIC Motor (MG),Kina,Benzin,Fossil,Personbil
Porsche Cayenne,21,2026,M06,1208.0,Porsche,Volkswagen Group,Tyskland,Benzin,Fossil,SUV/Crossover
Skoda Kamiq,21,2026,M06,1112.0,Skoda,Volkswagen Group,Tyskland,Benzin,Fossil,SUV/Crossover
Volkswagen Tiguan,21,2026,M06,1145.0,Volkswagen,Volkswagen Group,Tyskland,Benzin,Fossil,SUV/Crossover
Renault Trafic,20,2026,M06,1176.0,Renault,Renault Group,Frankrig,Benzin,Fossil,Varebil/MPV
Audi A6,19,2026,M06,1159.0,Audi,Volkswagen Group,Tyskland,Benzin,Fossil,Personbil
Kia EV4,18,2026,M06,1059.0,Kia,Hyundai Motor Group,Sydkorea,Benzin,Fossil,Personbil
Porsche Macan,18,2026,M06,1119.0,Porsche,Volkswagen Group,Tyskland,Benzin,Fossil,SUV/Crossover
Mercedes-Benz EQB,16,2026,M06,1027.0,Mercedes-Benz,Mercedes-Benz Group,Tyskland,El,Nul-emission,Personbil
Mercedes-Benz Sprinter,16,2026,M06,1134.0,Mercedes-Benz,Mercedes-Benz Group,Tyskland,Benzin,Fossil,Varebil/MPV
Mini Countryman,16,2026,M06,1102.0,Mini,BMW Group,Tyskland,Benzin,Fossil,Personbil
Seat Arona,16,2026,M06,1177.0,Seat,Volkswagen Group,Tyskland,Benzin,Fossil,Personbil
Ford Kuga,15,2026,M06,1060.0,Ford,Ford Motor Company,USA,Hybrid,Lav-emission,Personbil
KGM Torres EVX,15,2026,M06,1108.0,KGM,KG Mobility (tidl. SsangYong),Sydkorea,El,Nul-emission,SUV/Crossover
Skoda Karoq,15,2026,M06,1094.0,Skoda,Volkswagen Group,Tyskland,Benzin,Fossil,SUV/Crossover
Mercedes-Benz E-Klasse,14,2026,M06,1128.0,Mercedes-Benz,Mercedes-Benz Group,Tyskland,Benzin,Fossil,Personbil
Skyworth K,14,2026,M06,1121.0,Skyworth,Skyworth,Ukendt,El,Nul-emission,Personbil
Ford Mustang Mach-E,13,2026,M06,1147.0,Ford,Ford Motor Company,USA,Benzin,Fossil,Personbil
Mercedes-Benz EQE SUV,13,2026,M06,1110.0,Mercedes-Benz,Mercedes-Benz Group,Tyskland,El,Nul-emission,SUV/Crossover
Subaru Solterra,13,2026,M06,1113.0,Subaru,Subaru Corporation,Japan,Benzin,Fossil,Personbil
Suzuki SX4,12,2026,M06,1131.0,Suzuki,Suzuki Motor Corporation,Japan,Benzin,Fossil,SUV/Crossover
Volvo ES90,12,2026,M06,1105.0,Volvo,Geely (Lynk & Co),Kina,Benzin,Fossil,Personbil
Zeekr X,12,2026,M06,1114.0,Zeekr,Geely (Lynk & Co),Kina,El,Nul-emission,Personbil
Cupra Terramar,11,2026,M06,1044.0,Cupra,Volkswagen Group,Tyskland,Benzin,Fossil,Personbil
Skoda Octavia,11,2026,M06,1157.0,Skoda,Volkswagen Group,Tyskland,Benzin,Fossil,Personbil
Subaru E-Outback,11,2026,M06,,Subaru,Subaru Corporation,Japan,El,Nul-emission,SUV/Crossover
Dacia Sandero,10,2026,M06,1231.0,Dacia,Renault Group,Frankrig,Benzin,Fossil,Personbil
Land Rover Range Rover Sport,10,2026,M06,1196.0,Land Rover,Jaguar Land Rover (Tata Motors),Indien,Benzin,Fossil,SUV/Crossover
Omoda 5,10,2026,M06,1129.0,Omoda,Chery Group,Kina,Benzin,Fossil,Personbil
Toyota Proace Verso,8,2026,M06,1135.0,Toyota,Toyota Motor Corporation,Japan,Benzin,Fossil,Varebil/MPV
MG HS,7,2026,M06,1109.0,MG,SAIC Motor (MG),Kina,Benzin,Fossil,Personbil
Honda HR-V,6,2026,M06,1149.0,Honda,Honda Motor Co.,Japan,Benzin,Fossil,Personbil
Polestar 3,6,2026,M06,1263.0,Polestar,Geely (Lynk & Co),Kina,El,Nul-emission,Personbil
Citroen Berlingo,5,2026,M06,1117.0,Citroen,Stellantis,Europæisk (Multinational),Benzin,Fossil,Varebil/MPV
Lexus ES,5,2026,M06,1375.0,Lexus,Toyota Motor Corporation,Japan,Benzin,Fossil,Personbil
Mazda MX-5,5,2026,M06,1346.0,Mazda,Mazda Motor Corporation,Japan,Benzin,Fossil,Personbil
Mercedes-Benz EQV,5,2026,M06,1155.0,Mercedes-Benz,Mercedes-Benz Group,Tyskland,El,Nul-emission,Personbil
Mercedes-Benz GLE,5,2026,M06,1144.0,Mercedes-Benz,Mercedes-Benz Group,Tyskland,Benzin,Fossil,Personbil
Peugeot Expert,5,2026,M06,1363.0,Peugeot,Stellantis,Europæisk (Multinational),Benzin,Fossil,Varebil/MPV
Volkswagen Multivan,5,2026,M06,1274.0,Volkswagen,Volkswagen Group,Tyskland,Benzin,Fossil,Varebil/MPV
Alpine A290,4,2026,M06,,Alpine,Renault Group,Frankrig,El,Nul-emission,Personbil
Audi e-tron GT,4,2026,M06,1284.0,Audi,Volkswagen Group,Tyskland,El,Nul-emission,Personbil
BMW i7,4,2026,M06,1146.0,BMW,BMW Group,Tyskland,El,Nul-emission,Personbil
BMW i7,4,2026,M06,,BMW,BMW Group,Tyskland,El,Nul-emission,Personbil
Dacia Bigster,4,2026,M06,1278.0,Dacia,Renault Group,Frankrig,Benzin,Fossil,Personbil
Dacia Jogger,4,2026,M06,1230.0,Dacia,Renault Group,Frankrig,Benzin,Fossil,Personbil
Hongqi EHS7,4,2026,M06,1138.0,Hongqi,FAW (Hongqi),Kina,El,Nul-emission,Personbil
Mazda 2,4,2026,M06,1153.0,Mazda,Mazda Motor Corporation,Japan,Benzin,Fossil,Personbil
Mercedes-Benz V-Klasse,4,2026,M06,1171.0,Mercedes-Benz,Mercedes-Benz Group,Tyskland,Benzin,Fossil,Personbil
Mercedes-Benz Vito Tourer,4,2026,M06,1092.0,Mercedes-Benz,Mercedes-Benz Group,Tyskland,Benzin,Fossil,Varebil/MPV
Renault Master,4,2026,M06,1120.0,Renault,Renault Group,Frankrig,Benzin,Fossil,Varebil/MPV
Skoda Fabia,4,2026,M06,1211.0,Skoda,Volkswagen Group,Tyskland,Benzin,Fossil,Personbil
Skoda Scala,4,2026,M06,1130.0,Skoda,Volkswagen Group,Tyskland,Benzin,Fossil,Personbil
Volkswagen Golf,4,2026,M06,1219.0,Volkswagen,Volkswagen Group,Tyskland,Benzin,Fossil,Personbil
Alpine A390,3,2026,M06,,Alpine,Renault Group,Frankrig,El,Nul-emission,SUV/Crossover
Can-Am Outlander Electric,3,2026,M06,,Can-Am,Bombardier Recreational Products,Canada,El,Nul-emission,ATV/UTV/Andet
Deepal S07,3,2026,M06,,Deepal,Changan Automobile,Kina,El,Nul-emission,SUV/Crossover
Exlantix ET,3,2026,M06,1132.0,Exlantix,Chery Group,Kina,El,Nul-emission,Personbil
Fisker Ocean,3,2026,M06,1233.0,Fisker,Fisker Inc.,USA,El,Nul-emission,Personbil
Honda CR-V,3,2026,M06,1127.0,Honda,Honda Motor Co.,Japan,Hybrid,Lav-emission,Personbil
Hyundai Bayon,3,2026,M06,1151.0,Hyundai,Hyundai Motor Group,Sydkorea,Benzin,Fossil,Personbil
Mazda 3,3,2026,M06,1154.0,Mazda,Mazda Motor Corporation,Japan,Benzin,Fossil,Personbil
Mercedes-Benz CLE,3,2026,M06,1257.0,Mercedes-Benz,Mercedes-Benz Group,Tyskland,Benzin,Fossil,Personbil
Nio Firefly,3,2026,M06,1203.0,Nio,NIO,Kina,El,Nul-emission,Personbil
Porsche 911,3,2026,M06,1264.0,Porsche,Volkswagen Group,Tyskland,Benzin,Fossil,Personbil
Skoda Superb,3,2026,M06,1139.0,Skoda,Volkswagen Group,Tyskland,Benzin,Fossil,Personbil
Tesla Model X,3,2026,M06,1214.0,Tesla,"Tesla, Inc.",USA,El,Nul-emission,Personbil
Volkswagen Polo,3,2026,M06,1140.0,Volkswagen,Volkswagen Group,Tyskland,Benzin,Fossil,Personbil
Yunlong JJ5000BP-H06,3,2026,M06,,Yunlong,Shandong Yunlong Eco Technologies,Kina,El,Nul-emission,ATV/UTV/Andet
Zeekr 001,3,2026,M06,1136.0,Zeekr,Geely (Lynk & Co),Kina,El,Nul-emission,Personbil
Dacia Duster,2,2026,M06,1229.0,Dacia,Renault Group,Frankrig,Benzin,Fossil,Personbil
Exlantix ES,2,2026,M06,1142.0,Exlantix,Chery Group,Kina,El,Nul-emission,Personbil
Fiat Topolino,2,2026,M06,,Fiat,Stellantis,Europæisk (Multinational),Benzin,Fossil,Personbil
Land Rover Range Rover,2,2026,M06,1283.0,Land Rover,Jaguar Land Rover (Tata Motors),Indien,Benzin,Fossil,SUV/Crossover
Maxus Euniq5,2,2026,M06,1198.0,Maxus,SAIC Motor (Maxus),Kina,Benzin,Fossil,SUV/Crossover
Mercedes-Benz G-Klasse,2,2026,M06,1170.0,Mercedes-Benz,Mercedes-Benz Group,Tyskland,Benzin,Fossil,Personbil
Mini Cabriolet,2,2026,M06,1370.0,Mini,BMW Group,Tyskland,Benzin,Fossil,Personbil
Peugeot 308,2,2026,M06,1206.0,Peugeot,Stellantis,Europæisk (Multinational),Benzin,Fossil,Personbil
Porsche Taycan,2,2026,M06,1175.0,Porsche,Volkswagen Group,Tyskland,El,Nul-emission,Personbil
Volkswagen Caddy,2,2026,M06,1216.0,Volkswagen,Volkswagen Group,Tyskland,Benzin,Fossil,Varebil/MPV
Volkswagen Crafter,2,2026,M06,1218.0,Volkswagen,Volkswagen Group,Tyskland,Benzin,Fossil,Varebil/MPV
Bach YM2000DP,1,2026,M06,1294.0,Bach,Bach,Danmark,El,Nul-emission,Kabinescooter
BMW 2'er,1,2026,M06,1223.0,BMW,BMW Group,Tyskland,Benzin,Fossil,Personbil
BMW X2,1,2026,M06,1434.0,BMW,BMW Group,Tyskland,Benzin,Fossil,SUV/Crossover
BMW X5,1,2026,M06,1186.0,BMW,BMW Group,Tyskland,Benzin,Fossil,SUV/Crossover
CFMOTO UForce 1000 Pro Highland,1,2026,M06,,CFMOTO,CFMOTO,Kina,Benzin,Fossil,ATV/UTV/Andet
DS N°8,1,2026,M06,,DS,Stellantis,Europæisk (Multinational),El,Nul-emission,SUV/Crossover
Ford Mustang,1,2026,M06,1378.0,Ford,Ford Motor Company,USA,Benzin,Fossil,Personbil
Garia Monaco,1,2026,M06,1398.0,Garia,Garia,Danmark,Benzin,Fossil,Personbil
Honda Civic,1,2026,M06,1163.0,Honda,Honda Motor Co.,Japan,Hybrid,Lav-emission,Personbil
Honda Jazz,1,2026,M06,1150.0,Honda,Honda Motor Co.,Japan,Benzin,Fossil,Personbil
Land Rover Discovery Sport,1,2026,M06,1251.0,Land Rover,Jaguar Land Rover (Tata Motors),Indien,Benzin,Fossil,SUV/Crossover
Linhai LH80DA,1,2026,M06,1334.0,Linhai,"Zhejiang Linhai Power Machinery Group Co., Ltd.",Ukendt,Benzin,Fossil,ATV/UTV/Andet
Lynk & Co 02,1,2026,M06,1143.0,Lynk & Co,Geely (Lynk & Co),Kina,Benzin,Fossil,Personbil
MAN TGE,1,2026,M06,1197.0,MAN,TRATON (Volkswagen Group),Tyskland,Benzin,Fossil,Varebil/MPV
Maserati Grecale,1,2026,M06,1152.0,Maserati,Stellantis,Europæisk (Multinational),Benzin,Fossil,Personbil
Maxus Euniq6,1,2026,M06,1167.0,Maxus,SAIC Motor (Maxus),Kina,Benzin,Fossil,SUV/Crossover
Mazda CX-60,1,2026,M06,1255.0,Mazda,Mazda Motor Corporation,Japan,Benzin,Fossil,SUV/Crossover
Microlino,1,2026,M06,1174.0,Microlino,Micro,Schweitz/Italien,El,Nul-emission,ATV/UTV/Andet
Nio EL6,1,2026,M06,1362.0,Nio,NIO,Kina,El,Nul-emission,Personbil
Nio ET5,1,2026,M06,1354.0,Nio,NIO,Kina,El,Nul-emission,Personbil
Opel Vivaro,1,2026,M06,1416.0,Opel,Stellantis,Europæisk (Multinational),Benzin,Fossil,Varebil/MPV
Peugeot Traveller,1,2026,M06,1321.0,Peugeot,Stellantis,Europæisk (Multinational),Benzin,Fossil,Varebil/MPV
Polaris Ranger XP,1,2026,M06,,Polaris,Polaris Inc.,USA,Benzin,Fossil,ATV/UTV/Andet
Porsche 718 Spyder RS,1,2026,M06,1322.0,Porsche,Volkswagen Group,Tyskland,Benzin,Fossil,ATV/UTV/Andet
Renault Captur,1,2026,M06,1266.0,Renault,Renault Group,Frankrig,Benzin,Fossil,Personbil
Skoda Epiq,1,2026,M06,,Skoda,Volkswagen Group,Tyskland,El,Nul-emission,SUV/Crossover
Toyota Proace,1,2026,M06,1215.0,Toyota,Toyota Motor Corporation,Japan,Benzin,Fossil,Varebil/MPV
Volkswagen Caravelle,1,2026,M06,1217.0,Volkswagen,Volkswagen Group,Tyskland,Benzin,Fossil,Varebil/MPV
Volvo EX60,1,2026,M06,,Volvo,Geely (Lynk & Co),Kina,El,Nul-emission,SUV/Crossover
Volvo XC60,1,2026,M06,1275.0,Volvo,Geely (Lynk & Co),Kina,Benzin,Fossil,Personbil
Yunlong JJ2000DBP,1,2026,M06,1277.0,Yunlong,MG,Kina,Benzin,Fossil,Personbil
Yunlong LH-Q,1,2026,M06,,Yunlong,Shandong Yunlong Eco Technologies,Kina,El,Nul-emission,ATV/UTV/Andet
Tesla Model Y,1155,2025,M06,1002.0,Tesla,"Tesla, Inc.",USA,El,Nul-emission,Personbil
Toyota bZ4X,69,2025,M06,1000.0,Toyota,Toyota Motor Corporation,Japan,El,Nul-emission,Personbil
Kia Niro,36,2025,M06,1244.0,Kia,Hyundai Motor Group,Sydkorea,Benzin,Fossil,Personbil
Skoda Enyaq iV,439,2025,M06,1006.0,Skoda,Volkswagen Group,Tyskland,El,Nul-emission,Personbil
Xpeng G6,129,2025,M06,1015.0,Xpeng,XPeng,Kina,El,Nul-emission,Personbil
Skoda Elroq,1683,2025,M06,1001.0,Skoda,Volkswagen Group,Tyskland,El,Nul-emission,Personbil
Volkswagen ID.4,601,2025,M06,1005.0,Volkswagen,Volkswagen Group,Tyskland,El,Nul-emission,Personbil
Volkswagen T-Roc,708,2025,M06,1080.0,Volkswagen,Volkswagen Group,Tyskland,Benzin,Fossil,SUV/Crossover
Tesla Model 3,127,2025,M06,1179.0,Tesla,"Tesla, Inc.",USA,El,Nul-emission,Personbil
Mercedes-Benz CLA,36,2025,M06,1022.0,Mercedes-Benz,Mercedes-Benz Group,Tyskland,Benzin,Fossil,Personbil
Cupra Tavascan,98,2025,M06,1065.0,Cupra,Volkswagen Group,Tyskland,Benzin,Fossil,Personbil
BMW iX1,231,2025,M06,1009.0,BMW,BMW Group,Tyskland,El,Nul-emission,SUV/Crossover
Mercedes-Benz GLB,55,2025,M06,1088.0,Mercedes-Benz,Mercedes-Benz Group,Tyskland,Benzin,Fossil,Personbil
Volkswagen ID. Buzz,542,2025,M06,1010.0,Volkswagen,Volkswagen Group,Tyskland,El,Nul-emission,Personbil
Citroen C5 Aircross,1,2025,M06,1032.0,Citroen,Stellantis,Europæisk (Multinational),Benzin,Fossil,SUV/Crossover
Toyota Yaris Cross,226,2025,M06,1020.0,Toyota,Toyota Motor Corporation,Japan,Benzin,Fossil,SUV/Crossover
Volkswagen ID.7,168,2025,M06,1017.0,Volkswagen,Volkswagen Group,Tyskland,El,Nul-emission,Personbil
Renault R5,468,2025,M06,1008.0,Renault,Renault Group,Frankrig,Benzin,Fossil,Personbil
Volvo EX40,192,2025,M06,1018.0,Volvo,Geely (Lynk & Co),Kina,Benzin,Fossil,SUV/Crossover
Mercedes-Benz GLC,102,2025,M06,1076.0,Mercedes-Benz,Mercedes-Benz Group,Tyskland,Benzin,Fossil,Personbil
MG 4,215,2025,M06,1037.0,MG,SAIC Motor (MG),Kina,Benzin,Fossil,Personbil
Audi Q4 e-tron,353,2025,M06,1003.0,Audi,Volkswagen Group,Tyskland,El,Nul-emission,SUV/Crossover
BMW iX3,3,2025,M06,1224.0,BMW,BMW Group,Tyskland,El,Nul-emission,SUV/Crossover
Audi Q6 e-tron,168,2025,M06,1160.0,Audi,Volkswagen Group,Tyskland,El,Nul-emission,SUV/Crossover
Suzuki Vitara,52,2025,M06,1029.0,Suzuki,Suzuki Motor Corporation,Japan,Benzin,Fossil,SUV/Crossover
Mercedes-Benz GLA,60,2025,M06,1090.0,Mercedes-Benz,Mercedes-Benz Group,Tyskland,Benzin,Fossil,Personbil
Polestar 4,129,2025,M06,1048.0,Polestar,Geely (Lynk & Co),Kina,El,Nul-emission,Personbil
Mercedes-Benz EQA,257,2025,M06,1026.0,Mercedes-Benz,Mercedes-Benz Group,Tyskland,El,Nul-emission,Personbil
BMW 3'er,262,2025,M06,1051.0,BMW,BMW Group,Tyskland,Benzin,Fossil,Personbil
BMW X1,264,2025,M06,1013.0,BMW,BMW Group,Tyskland,Benzin,Fossil,SUV/Crossover
Peugeot 2008,199,2025,M06,1030.0,Peugeot,Stellantis,Europæisk (Multinational),Benzin,Fossil,Personbil
Volkswagen ID.3,573,2025,M06,1011.0,Volkswagen,Volkswagen Group,Tyskland,El,Nul-emission,Personbil
Cupra Formentor,578,2025,M06,1062.0,Cupra,Volkswagen Group,Tyskland,Benzin,Fossil,Personbil
Renault Scenic,168,2025,M06,1021.0,Renault,Renault Group,Frankrig,Benzin,Fossil,Personbil
Skoda Kodiaq,72,2025,M06,1047.0,Skoda,Volkswagen Group,Tyskland,Benzin,Fossil,SUV/Crossover
Ford Explorer,222,2025,M06,1023.0,Ford,Ford Motor Company,USA,Benzin,Fossil,Personbil
Hyundai Ioniq 5,128,2025,M06,1050.0,Hyundai,Hyundai Motor Group,Sydkorea,El,Nul-emission,Personbil
Zeekr 7X,5,2025,M06,1028.0,Zeekr,Geely (Lynk & Co),Kina,El,Nul-emission,Personbil
Audi Q2,112,2025,M06,1071.0,Audi,Volkswagen Group,Tyskland,Benzin,Fossil,SUV/Crossover
Audi A6 e-tron,100,2025,M06,1038.0,Audi,Volkswagen Group,Tyskland,El,Nul-emission,Personbil
MG S5,6,2025,M06,1046.0,MG,SAIC Motor (MG),Kina,Benzin,Fossil,Personbil
Hyundai Kona,118,2025,M06,1043.0,Hyundai,Hyundai Motor Group,Sydkorea,Benzin,Fossil,SUV/Crossover
Audi A3,120,2025,M06,1064.0,Audi,Volkswagen Group,Tyskland,Benzin,Fossil,Personbil
BMW 5'er,88,2025,M06,1063.0,BMW,BMW Group,Tyskland,Benzin,Fossil,Personbil
Toyota Yaris,122,2025,M06,1057.0,Toyota,Toyota Motor Corporation,Japan,Hybrid,Lav-emission,Personbil
BMW i4,73,2025,M06,1045.0,BMW,BMW Group,Tyskland,El,Nul-emission,Personbil
Cupra Leon,146,2025,M06,1100.0,Cupra,Volkswagen Group,Tyskland,Benzin,Fossil,Personbil
Peugeot 208,78,2025,M06,1024.0,Peugeot,Stellantis,Europæisk (Multinational),Benzin,Fossil,Personbil
Citroen C3 Aircross,54,2025,M06,1014.0,Citroen,Stellantis,Europæisk (Multinational),Benzin,Fossil,SUV/Crossover
Renault Clio,155,2025,M06,1111.0,Renault,Renault Group,Frankrig,Benzin,Fossil,Personbil
Xpeng G9,47,2025,M06,1068.0,Xpeng,XPeng,Kina,El,Nul-emission,Personbil
Renault Megane E-Tech,110,2025,M06,1041.0,Renault,Renault Group,Frankrig,El,Nul-emission,Personbil
Suzuki Swift,152,2025,M06,1034.0,Suzuki,Suzuki Motor Corporation,Japan,Benzin,Fossil,Personbil
BMW i5,186,2025,M06,1049.0,BMW,BMW Group,Tyskland,El,Nul-emission,Personbil
Volvo EX30,133,2025,M06,1056.0,Volvo,Geely (Lynk & Co),Kina,Benzin,Fossil,SUV/Crossover
Cupra Born,225,2025,M06,1007.0,Cupra,Volkswagen Group,Tyskland,El,Nul-emission,Personbil
Ford Capri,140,2025,M06,1052.0,Ford,Ford Motor Company,USA,Benzin,Fossil,Personbil
Peugeot 3008,57,2025,M06,1036.0,Peugeot,Stellantis,Europæisk (Multinational),Benzin,Fossil,Personbil
Hyundai Inster,86,2025,M06,1061.0,Hyundai,Hyundai Motor Group,Sydkorea,Benzin,Fossil,Personbil
Kia EV3,282,2025,M06,1033.0,Kia,Hyundai Motor Group,Sydkorea,Benzin,Fossil,Personbil
BYD Seal U,44,2025,M06,1104.0,BYD,BYD Auto,Kina,Benzin,Fossil,Personbil
Nissan Qashqai,79,2025,M06,1035.0,Nissan,Nissan Motor Co.,Japan,Benzin,Fossil,SUV/Crossover
Peugeot 5008,99,2025,M06,1039.0,Peugeot,Stellantis,Europæisk (Multinational),Benzin,Fossil,Personbil
BYD Sealion 7,44,2025,M06,1096.0,BYD,BYD Auto,Kina,Benzin,Fossil,Personbil
Renault Austral,154,2025,M06,1025.0,Renault,Renault Group,Frankrig,Benzin,Fossil,Personbil
Ford Tourneo Custom,54,2025,M06,1082.0,Ford,Ford Motor Company,USA,Benzin,Fossil,Varebil/MPV
Volkswagen Passat,13,2025,M06,1125.0,Volkswagen,Volkswagen Group,Tyskland,Benzin,Fossil,Personbil
BYD Dolphin Surf,2,2025,M06,1095.0,BYD,BYD Auto,Kina,Benzin,Fossil,Personbil
Kia EV6,210,2025,M06,1069.0,Kia,Hyundai Motor Group,Sydkorea,Benzin,Fossil,Personbil
Toyota Corolla Cross,33,2025,M06,1124.0,Toyota,Toyota Motor Corporation,Japan,Benzin,Fossil,SUV/Crossover
BMW 1'er,41,2025,M06,1067.0,BMW,BMW Group,Tyskland,Benzin,Fossil,Personbil
Volkswagen ID.5,116,2025,M06,1053.0,Volkswagen,Volkswagen Group,Tyskland,El,Nul-emission,Personbil
Mercedes-Benz C-Klasse,84,2025,M06,1098.0,Mercedes-Benz,Mercedes-Benz Group,Tyskland,Benzin,Fossil,Personbil
Opel Frontera,39,2025,M06,1077.0,Opel,Stellantis,Europæisk (Multinational),Benzin,Fossil,SUV/Crossover
Volvo EX90,43,2025,M06,1081.0,Volvo,Geely (Lynk & Co),Kina,Benzin,Fossil,Personbil
Citroen C3,58,2025,M06,1012.0,Citroen,Stellantis,Europæisk (Multinational),Benzin,Fossil,Personbil
BMW X3,17,2025,M06,1141.0,BMW,BMW Group,Tyskland,Benzin,Fossil,SUV/Crossover
BYD Tang,8,2025,M06,1126.0,BYD,BYD Auto,Kina,Benzin,Fossil,Personbil
Hyundai Ioniq 6,78,2025,M06,1133.0,Hyundai,Hyundai Motor Group,Sydkorea,El,Nul-emission,Personbil
Toyota Aygo X,199,2025,M06,1042.0,Toyota,Toyota Motor Corporation,Japan,Benzin,Fossil,Personbil
Audi Q5,10,2025,M06,1137.0,Audi,Volkswagen Group,Tyskland,Benzin,Fossil,SUV/Crossover
Volkswagen T-Cross,1,2025,M06,1181.0,Volkswagen,Volkswagen Group,Tyskland,Benzin,Fossil,SUV/Crossover
Volkswagen Touran,118,2025,M06,1182.0,Volkswagen,Volkswagen Group,Tyskland,Benzin,Fossil,Personbil
Opel Grandland,74,2025,M06,1072.0,Opel,Stellantis,Europæisk (Multinational),Benzin,Fossil,SUV/Crossover
Nissan Ariya,68,2025,M06,1070.0,Nissan,Nissan Motor Co.,Japan,Benzin,Fossil,Personbil
MG ZS,248,2025,M06,1040.0,MG,SAIC Motor (MG),Kina,Benzin,Fossil,Personbil
BMW iX2,28,2025,M06,1087.0,BMW,BMW Group,Tyskland,El,Nul-emission,SUV/Crossover
Mini Aceman,14,2025,M06,1079.0,Mini,BMW Group,Tyskland,El,Nul-emission,Personbil
Honda e:Ny1,7,2025,M06,1086.0,Honda,Honda Motor Co.,Japan,El,Nul-emission,Personbil
Seat Ibiza,90,2025,M06,1073.0,Seat,Volkswagen Group,Tyskland,Benzin,Fossil,Personbil
Navor E5,267,2025,M06,1078.0,Navor,DFSK Motor,Kina,Benzin,Fossil,Personbil
Volvo EC40,31,2025,M06,1093.0,Volvo,Geely (Lynk & Co),Kina,Benzin,Fossil,Personbil
Mercedes-Benz A-Klasse,81,2025,M06,1123.0,Mercedes-Benz,Mercedes-Benz Group,Tyskland,Benzin,Fossil,Personbil
BMW iX,23,2025,M06,1089.0,BMW,BMW Group,Tyskland,El,Nul-emission,Personbil
BYD Atto 2,35,2025,M06,1106.0,BYD,BYD Auto,Kina,Benzin,Fossil,Personbil
Kia EV9,33,2025,M06,1058.0,Kia,Hyundai Motor Group,Sydkorea,Benzin,Fossil,Personbil
Mercedes-Benz EQE,77,2025,M06,1074.0,Mercedes-Benz,Mercedes-Benz Group,Tyskland,El,Nul-emission,Personbil
Ford Puma,96,2025,M06,1054.0,Ford,Ford Motor Company,USA,Benzin,Fossil,Personbil
Mini 3-dørs,32,2025,M06,1083.0,Mini,BMW Group,Tyskland,Benzin,Fossil,Personbil
Audi Q3,1,2025,M06,1099.0,Audi,Volkswagen Group,Tyskland,Benzin,Fossil,SUV/Crossover
Lexus RZ,11,2025,M06,1075.0,Lexus,Toyota Motor Corporation,Japan,Benzin,Fossil,Personbil
Polestar 2,117,2025,M06,1097.0,Polestar,Geely (Lynk & Co),Kina,El,Nul-emission,Personbil
BMW 4'er,43,2025,M06,1185.0,BMW,BMW Group,Tyskland,Benzin,Fossil,Personbil
BYD Dolphin,44,2025,M06,1187.0,BYD,BYD Auto,Kina,Benzin,Fossil,Personbil
BYD Seal,47,2025,M06,1107.0,BYD,BYD Auto,Kina,Benzin,Fossil,Personbil
Ford Transit,29,2025,M06,1091.0,Ford,Ford Motor Company,USA,Benzin,Fossil,Varebil/MPV
Audi A5,119,2025,M06,1115.0,Audi,Volkswagen Group,Tyskland,Benzin,Fossil,Personbil
MG Cyberster,7,2025,M06,1173.0,MG,SAIC Motor (MG),Kina,Benzin,Fossil,Personbil
Porsche Cayenne,7,2025,M06,1208.0,Porsche,Volkswagen Group,Tyskland,Benzin,Fossil,SUV/Crossover
Skoda Kamiq,62,2025,M06,1112.0,Skoda,Volkswagen Group,Tyskland,Benzin,Fossil,SUV/Crossover
Volkswagen Tiguan,45,2025,M06,1145.0,Volkswagen,Volkswagen Group,Tyskland,Benzin,Fossil,SUV/Crossover
Renault Trafic,3,2025,M06,1176.0,Renault,Renault Group,Frankrig,Benzin,Fossil,Varebil/MPV
Audi A6,65,2025,M06,1159.0,Audi,Volkswagen Group,Tyskland,Benzin,Fossil,Personbil
Porsche Macan,38,2025,M06,1119.0,Porsche,Volkswagen Group,Tyskland,Benzin,Fossil,SUV/Crossover
Mercedes-Benz EQB,275,2025,M06,1027.0,Mercedes-Benz,Mercedes-Benz Group,Tyskland,El,Nul-emission,Personbil
Mercedes-Benz Sprinter,73,2025,M06,1134.0,Mercedes-Benz,Mercedes-Benz Group,Tyskland,Benzin,Fossil,Varebil/MPV
Mini Countryman,15,2025,M06,1102.0,Mini,BMW Group,Tyskland,Benzin,Fossil,Personbil
Seat Arona,39,2025,M06,1177.0,Seat,Volkswagen Group,Tyskland,Benzin,Fossil,Personbil
Ford Kuga,41,2025,M06,1060.0,Ford,Ford Motor Company,USA,Hybrid,Lav-emission,Personbil
KGM Torres EVX,4,2025,M06,1108.0,KGM,KG Mobility (tidl. SsangYong),Sydkorea,El,Nul-emission,SUV/Crossover
Skoda Karoq,20,2025,M06,1094.0,Skoda,Volkswagen Group,Tyskland,Benzin,Fossil,SUV/Crossover
Mercedes-Benz E-Klasse,20,2025,M06,1128.0,Mercedes-Benz,Mercedes-Benz Group,Tyskland,Benzin,Fossil,Personbil
Ford Mustang Mach-E,53,2025,M06,1147.0,Ford,Ford Motor Company,USA,Benzin,Fossil,Personbil
Mercedes-Benz EQE SUV,48,2025,M06,1110.0,Mercedes-Benz,Mercedes-Benz Group,Tyskland,El,Nul-emission,SUV/Crossover
Subaru Solterra,4,2025,M06,1113.0,Subaru,Subaru Corporation,Japan,Benzin,Fossil,Personbil
Suzuki SX4,58,2025,M06,1131.0,Suzuki,Suzuki Motor Corporation,Japan,Benzin,Fossil,SUV/Crossover
Zeekr X,2,2025,M06,1114.0,Zeekr,Geely (Lynk & Co),Kina,El,Nul-emission,Personbil
Cupra Terramar,221,2025,M06,1044.0,Cupra,Volkswagen Group,Tyskland,Benzin,Fossil,Personbil
Skoda Octavia,12,2025,M06,1157.0,Skoda,Volkswagen Group,Tyskland,Benzin,Fossil,Personbil
Dacia Sandero,68,2025,M06,1231.0,Dacia,Renault Group,Frankrig,Benzin,Fossil,Personbil
Land Rover Range Rover Sport,10,2025,M06,1196.0,Land Rover,Jaguar Land Rover (Tata Motors),Indien,Benzin,Fossil,SUV/Crossover
Toyota Proace Verso,13,2025,M06,1135.0,Toyota,Toyota Motor Corporation,Japan,Benzin,Fossil,Varebil/MPV
MG HS,15,2025,M06,1109.0,MG,SAIC Motor (MG),Kina,Benzin,Fossil,Personbil
Honda HR-V,4,2025,M06,1149.0,Honda,Honda Motor Co.,Japan,Benzin,Fossil,Personbil
Polestar 3,11,2025,M06,1263.0,Polestar,Geely (Lynk & Co),Kina,El,Nul-emission,Personbil
Citroen Berlingo,7,2025,M06,1117.0,Citroen,Stellantis,Europæisk (Multinational),Benzin,Fossil,Varebil/MPV
Mazda MX-5,5,2025,M06,1346.0,Mazda,Mazda Motor Corporation,Japan,Benzin,Fossil,Personbil
Mercedes-Benz EQV,15,2025,M06,1155.0,Mercedes-Benz,Mercedes-Benz Group,Tyskland,El,Nul-emission,Personbil
Mercedes-Benz GLE,11,2025,M06,1144.0,Mercedes-Benz,Mercedes-Benz Group,Tyskland,Benzin,Fossil,Personbil
Volkswagen Multivan,7,2025,M06,1274.0,Volkswagen,Volkswagen Group,Tyskland,Benzin,Fossil,Varebil/MPV
Audi e-tron GT,1,2025,M06,1284.0,Audi,Volkswagen Group,Tyskland,El,Nul-emission,Personbil
BMW i7,14,2025,M06,1146.0,BMW,BMW Group,Tyskland,El,Nul-emission,Personbil
BMW i7,14,2025,M06,,BMW,BMW Group,Tyskland,El,Nul-emission,Personbil
Dacia Bigster,13,2025,M06,1278.0,Dacia,Renault Group,Frankrig,Benzin,Fossil,Personbil
Dacia Jogger,3,2025,M06,1230.0,Dacia,Renault Group,Frankrig,Benzin,Fossil,Personbil
Hongqi EHS7,41,2025,M06,1138.0,Hongqi,FAW (Hongqi),Kina,El,Nul-emission,Personbil
Mazda 2,68,2025,M06,1153.0,Mazda,Mazda Motor Corporation,Japan,Benzin,Fossil,Personbil
Mercedes-Benz V-Klasse,6,2025,M06,1171.0,Mercedes-Benz,Mercedes-Benz Group,Tyskland,Benzin,Fossil,Personbil
Mercedes-Benz Vito Tourer,10,2025,M06,1092.0,Mercedes-Benz,Mercedes-Benz Group,Tyskland,Benzin,Fossil,Varebil/MPV
Renault Master,4,2025,M06,1120.0,Renault,Renault Group,Frankrig,Benzin,Fossil,Varebil/MPV
Skoda Fabia,25,2025,M06,1211.0,Skoda,Volkswagen Group,Tyskland,Benzin,Fossil,Personbil
Skoda Scala,15,2025,M06,1130.0,Skoda,Volkswagen Group,Tyskland,Benzin,Fossil,Personbil
Volkswagen Golf,2,2025,M06,1219.0,Volkswagen,Volkswagen Group,Tyskland,Benzin,Fossil,Personbil
Honda CR-V,35,2025,M06,1127.0,Honda,Honda Motor Co.,Japan,Hybrid,Lav-emission,Personbil
Hyundai Bayon,20,2025,M06,1151.0,Hyundai,Hyundai Motor Group,Sydkorea,Benzin,Fossil,Personbil
Mazda 3,6,2025,M06,1154.0,Mazda,Mazda Motor Corporation,Japan,Benzin,Fossil,Personbil
Mercedes-Benz CLE,6,2025,M06,1257.0,Mercedes-Benz,Mercedes-Benz Group,Tyskland,Benzin,Fossil,Personbil
Porsche 911,11,2025,M06,1264.0,Porsche,Volkswagen Group,Tyskland,Benzin,Fossil,Personbil
Skoda Superb,7,2025,M06,1139.0,Skoda,Volkswagen Group,Tyskland,Benzin,Fossil,Personbil
Volkswagen Polo,62,2025,M06,1140.0,Volkswagen,Volkswagen Group,Tyskland,Benzin,Fossil,Personbil
Zeekr 001,4,2025,M06,1136.0,Zeekr,Geely (Lynk & Co),Kina,El,Nul-emission,Personbil
Dacia Duster,30,2025,M06,1229.0,Dacia,Renault Group,Frankrig,Benzin,Fossil,Personbil
Land Rover Range Rover,2,2025,M06,1283.0,Land Rover,Jaguar Land Rover (Tata Motors),Indien,Benzin,Fossil,SUV/Crossover
Mercedes-Benz G-Klasse,5,2025,M06,1170.0,Mercedes-Benz,Mercedes-Benz Group,Tyskland,Benzin,Fossil,Personbil
Mini Cabriolet,12,2025,M06,1370.0,Mini,BMW Group,Tyskland,Benzin,Fossil,Personbil
Peugeot 308,11,2025,M06,1206.0,Peugeot,Stellantis,Europæisk (Multinational),Benzin,Fossil,Personbil
Porsche Taycan,3,2025,M06,1175.0,Porsche,Volkswagen Group,Tyskland,El,Nul-emission,Personbil
Volkswagen Caddy,2,2025,M06,1216.0,Volkswagen,Volkswagen Group,Tyskland,Benzin,Fossil,Varebil/MPV
Volkswagen Crafter,5,2025,M06,1218.0,Volkswagen,Volkswagen Group,Tyskland,Benzin,Fossil,Varebil/MPV
Bach YM2000DP,1,2025,M06,1294.0,Bach,Bach,Danmark,El,Nul-emission,Kabinescooter
BMW X5,3,2025,M06,1186.0,BMW,BMW Group,Tyskland,Benzin,Fossil,SUV/Crossover
Ford Mustang,2,2025,M06,1378.0,Ford,Ford Motor Company,USA,Benzin,Fossil,Personbil
Garia Monaco,1,2025,M06,1398.0,Garia,Garia,Danmark,Benzin,Fossil,Personbil
Honda Civic,2,2025,M06,1163.0,Honda,Honda Motor Co.,Japan,Hybrid,Lav-emission,Personbil
Honda Jazz,8,2025,M06,1150.0,Honda,Honda Motor Co.,Japan,Benzin,Fossil,Personbil
Lynk & Co 02,2,2025,M06,1143.0,Lynk & Co,Geely (Lynk & Co),Kina,Benzin,Fossil,Personbil
MAN TGE,2,2025,M06,1197.0,MAN,TRATON (Volkswagen Group),Tyskland,Benzin,Fossil,Varebil/MPV
Mazda CX-60,10,2025,M06,1255.0,Mazda,Mazda Motor Corporation,Japan,Benzin,Fossil,SUV/Crossover
Opel Vivaro,1,2025,M06,1416.0,Opel,Stellantis,Europæisk (Multinational),Benzin,Fossil,Varebil/MPV
Renault Captur,123,2025,M06,1266.0,Renault,Renault Group,Frankrig,Benzin,Fossil,Personbil
Volkswagen Caravelle,3,2025,M06,1217.0,Volkswagen,Volkswagen Group,Tyskland,Benzin,Fossil,Varebil/MPV
Volvo XC60,17,2025,M06,1275.0,Volvo,Geely (Lynk & Co),Kina,Benzin,Fossil,Personbil
Yunlong JJ2000DBP,4,2025,M06,1277.0,Yunlong,MG,Kina,Benzin,Fossil,Personbil
Access SM 480 Road,1,2025,M06,,Access,Access Motor,Taiwan,Benzin,Fossil,ATV/UTV/Andet
Aiways U5,1,2025,M06,1291.0,Aiways,Aiways,Kina,El,Nul-emission,Personbil
Alfa Romeo Junior,8,2025,M06,1221.0,Alfa Romeo,Stellantis,Europæisk (Multinational),Benzin,Fossil,SUV/Crossover
Audi Q7,1,2025,M06,1293.0,Audi,Volkswagen Group,Tyskland,Benzin,Fossil,SUV/Crossover
Audi Q8,1,2025,M06,1281.0,Audi,Volkswagen Group,Tyskland,Benzin,Fossil,SUV/Crossover
Bentley Continental,2,2025,M06,1352.0,Bentley,Volkswagen Group,Tyskland,Benzin,Fossil,Personbil
BYD Atto 3,5,2025,M06,1161.0,BYD,BYD Auto,Kina,Benzin,Fossil,Personbil
CFMOTO CForce 1000,1,2025,M06,1395.0,CFMOTO,CFMOTO,Kina,Benzin,Fossil,ATV/UTV/Andet
Citroen C4,1,2025,M06,1227.0,Citroen,Stellantis,Europæisk (Multinational),Benzin,Fossil,Personbil
Citroen ë-C4 X,1,2025,M06,1372.0,Citroen,Stellantis,Europæisk (Multinational),Benzin,Fossil,Personbil
Eagle Golf Car,1,2025,M06,1188.0,Eagle,"Eagle Golf Cars, LLC",USA,EL,Nul-emission,ATV/UTV/Andet
Evolution DEL2023DUB,1,2025,M06,,Evolution,Evolution Electric Vehicles,USA,El,Nul-emission,ATV/UTV/Andet
Evolution Turfman 750,1,2025,M06,,Evolution Turfman,Evolution Electric Vehicles,USA,El,Nul-emission,ATV/UTV/Andet
Ford F-150,1,2025,M06,,Ford,Ford Motor Company,USA,Benzin,Fossil,Personbil
Ford Focus,3,2025,M06,1162.0,Ford,Ford Motor Company,USA,Benzin,Fossil,Personbil
Ford Transit Custom,8,2025,M06,1192.0,Ford,Ford Motor Company,USA,Benzin,Fossil,Varebil/MPV
Garia Monaco OFF-X,1,2025,M06,1285.0,Garia,Garia,Danmark,Benzin,Fossil,Personbil
HDK Turfmann 700,1,2025,M06,1379.0,HDK,HDK Automotive,Kina,El,Nul-emission,ATV/UTV/Andet
Hisun HS5DUTV-2,2,2025,M06,1148.0,Hisun,"Chongqing Huansong Industrial (Group) Co., Ltd.",Kina,Benzin,Fossil,ATV/UTV/Andet
Honda ZR-V,4,2025,M06,1193.0,Honda,Honda Motor Co.,Japan,Benzin,Fossil,Personbil
Hongqi E-HS9,2,2025,M06,1236.0,Hongqi,FAW (Hongqi),Kina,El,Nul-emission,Personbil
Hongqi EH7,2,2025,M06,1194.0,Hongqi,FAW (Hongqi),Kina,El,Nul-emission,Personbil
Hyundai I10,2,2025,M06,1237.0,Hyundai,Hyundai Motor Group,Sydkorea,Benzin,Fossil,Personbil
Hyundai I20,6,2025,M06,1238.0,Hyundai,Hyundai Motor Group,Sydkorea,Benzin,Fossil,Personbil
Hyundai I30,1,2025,M06,1239.0,Hyundai,Hyundai Motor Group,Sydkorea,Benzin,Fossil,Personbil
Hyundai Santa Fe,12,2025,M06,1240.0,Hyundai,Hyundai Motor Group,Sydkorea,Benzin,Fossil,SUV/Crossover
Hyundai Tucson,39,2025,M06,1241.0,Hyundai,Hyundai Motor Group,Sydkorea,Benzin,Fossil,SUV/Crossover
JAC E30X,4,2025,M06,1195.0,JAC,JAC Motors,Kina,Benzin,Fossil,Personbil
Jeep Avenger,5,2025,M06,1242.0,Jeep,Stellantis,Europæisk (Multinational),Benzin,Fossil,SUV/Crossover
Jinpeng JPYD25D1,1,2025,M06,,Jinpeng,Jinpeng,Ukendt,Benzin,Fossil,Personbil
Kia Ceed,12,2025,M06,1243.0,Kia,Hyundai Motor Group,Sydkorea,Benzin,Fossil,Personbil
Kia Picanto,5,2025,M06,1245.0,Kia,Hyundai Motor Group,Sydkorea,Benzin,Fossil,Personbil
Kia Sportage,2,2025,M06,1247.0,Kia,Hyundai Motor Group,Sydkorea,Benzin,Fossil,SUV/Crossover
Kia Stonic,2,2025,M06,1248.0,Kia,Hyundai Motor Group,Sydkorea,Benzin,Fossil,Personbil
Kia XCeed,2,2025,M06,1249.0,Kia,Hyundai Motor Group,Sydkorea,Benzin,Fossil,Personbil
Lexus LBX,2,2025,M06,1165.0,Lexus,Toyota Motor Corporation,Japan,Benzin,Fossil,Personbil
Lexus LS,1,2025,M06,,Lexus,Toyota Motor Corporation,Japan,Benzin,Fossil,Personbil
Lexus NX,39,2025,M06,1252.0,Lexus,Toyota Motor Corporation,Japan,Hybrid,Lav-emission,Personbil
Lotus Eletre,4,2025,M06,1254.0,Lotus,Geely (Lynk & Co),Kina,Benzin,Fossil,Personbil
Maxus eTerron 9,1,2025,M06,,Maxus,SAIC Motor (Maxus),Kina,Benzin,Fossil,Personbil
Maxus MIFA 9,2,2025,M06,1310.0,Maxus,SAIC Motor (Maxus),Kina,Benzin,Fossil,Varebil/MPV
Mazda CX-30,13,2025,M06,1084.0,Mazda,Mazda Motor Corporation,Japan,Benzin,Fossil,SUV/Crossover
Mazda CX-80,7,2025,M06,1168.0,Mazda,Mazda Motor Corporation,Japan,Benzin,Fossil,SUV/Crossover
Mazda MX-30,55,2025,M06,1199.0,Mazda,Mazda Motor Corporation,Japan,Benzin,Fossil,Personbil
Mercedes-Benz AMG GT,1,2025,M06,1312.0,Mercedes-Benz,Mercedes-Benz Group,Tyskland,Benzin,Fossil,Personbil
Mercedes-Benz Citan,1,2025,M06,1313.0,Mercedes-Benz,Mercedes-Benz Group,Tyskland,Benzin,Fossil,Varebil/MPV
Mercedes-Benz GLS,1,2025,M06,1314.0,Mercedes-Benz,Mercedes-Benz Group,Tyskland,Benzin,Fossil,Personbil
Mercedes-Benz Vito,1,2025,M06,1156.0,Mercedes-Benz,Mercedes-Benz Group,Tyskland,Benzin,Fossil,Varebil/MPV
MG EHS,1,2025,M06,1316.0,MG,SAIC Motor (MG),Kina,Benzin,Fossil,Personbil
MG Marvel R,3,2025,M06,1347.0,MG,SAIC Motor (MG),Kina,Benzin,Fossil,Personbil
Mini 5-dørs,2,2025,M06,1317.0,Mini,BMW Group,Tyskland,Benzin,Fossil,Personbil
Moke EV1,1,2025,M06,,Moke,Moke,Ukendt,Benzin,Fossil,Personbil
Nilsson Hearse,3,2025,M06,1202.0,Nilsson Hearse,Nilsson Hearse,Sverige,Benzin,Fossil,Varebil/MPV
Nissan Juke,4,2025,M06,1103.0,Nissan,Nissan Motor Co.,Japan,Benzin,Fossil,SUV/Crossover
Nissan X-Trail,2,2025,M06,1204.0,Nissan,Nissan Motor Co.,Japan,Hybrid,Lav-emission,Personbil
Opel Astra,3,2025,M06,1258.0,Opel,Stellantis,Europæisk (Multinational),Benzin,Fossil,Personbil
Opel Corsa,31,2025,M06,1259.0,Opel,Stellantis,Europæisk (Multinational),Benzin,Fossil,Personbil
Opel Crossland,2,2025,M06,1260.0,Opel,Stellantis,Europæisk (Multinational),Benzin,Fossil,SUV/Crossover
Opel Mokka,8,2025,M06,1261.0,Opel,Stellantis,Europæisk (Multinational),Benzin,Fossil,Personbil
Opel Zafira,5,2025,M06,1205.0,Opel,Stellantis,Europæisk (Multinational),Benzin,Fossil,Varebil/MPV
Porsche Cayman,4,2025,M06,1323.0,Porsche,Volkswagen Group,Tyskland,Benzin,Fossil,Personbil
Renault Rafale,1,2025,M06,,Renault,Renault Group,Frankrig,Benzin,Fossil,Personbil
Rolls-Royce Spectre,1,2025,M06,1288.0,Rolls-Royce,BMW Group,Tyskland,Benzin,Fossil,Personbil
Seat Leon,1,2025,M06,1210.0,Seat,Volkswagen Group,Tyskland,Benzin,Fossil,Personbil
Skoda Kodiaq iV,4,2025,M06,1267.0,Skoda,Volkswagen Group,Tyskland,Hybrid,Lav-emission,SUV/Crossover
Skoda Superb iV,1,2025,M06,1289.0,Skoda,Volkswagen Group,Tyskland,Hybrid,Lav-emission,Personbil
Subaru Forester,6,2025,M06,1212.0,Subaru,Subaru Corporation,Japan,Benzin,Fossil,SUV/Crossover
Subaru Outback,2,2025,M06,1178.0,Subaru,Subaru Corporation,Japan,Benzin,Fossil,SUV/Crossover
Suzuki Ignis,24,2025,M06,1268.0,Suzuki,Suzuki Motor Corporation,Japan,Benzin,Fossil,Personbil
Suzuki Swace,1,2025,M06,1270.0,Suzuki,Suzuki Motor Corporation,Japan,Benzin,Fossil,Personbil
Toyota C-HR,115,2025,M06,1271.0,Toyota,Toyota Motor Corporation,Japan,Hybrid,Lav-emission,Personbil
Toyota Corolla,20,2025,M06,1180.0,Toyota,Toyota Motor Corporation,Japan,Hybrid,Lav-emission,Personbil
Toyota GR86,1,2025,M06,1388.0,Toyota,Toyota Motor Corporation,Japan,Benzin,Fossil,Personbil
Toyota Mirai,15,2025,M06,,Toyota,Toyota Motor Corporation,Japan,Brint,Nul-emission,Personbil
Toyota Proace City,1,2025,M06,1290.0,Toyota,Toyota Motor Corporation,Japan,Benzin,Fossil,Varebil/MPV
Toyota Proace City Verso,6,2025,M06,1327.0,Toyota,Toyota Motor Corporation,Japan,Benzin,Fossil,Varebil/MPV
Toyota RAV4,82,2025,M06,1273.0,Toyota,Toyota Motor Corporation,Japan,Hybrid,Lav-emission,SUV/Crossover
Volvo C40,1,2025,M06,1329.0,Volvo,Geely (Lynk & Co),Kina,Benzin,Fossil,Personbil
Volvo S90,3,2025,M06,1380.0,Volvo,Geely (Lynk & Co),Kina,Benzin,Fossil,Personbil
Volvo XC90,4,2025,M06,1276.0,Volvo,Geely (Lynk & Co),Kina,Benzin,Fossil,Personbil
Xpeng P7,7,2025,M06,1279.0,Xpeng,XPeng,Kina,El,Nul-emission,Personbil
Yunlong JJ5000BU,1,2025,M06,,Yunlong,Shandong Yunlong Eco Technologies,Kina,El,Nul-emission,ATV/UTV/Andet
Tesla Model Y,1030,2026,M05,1002.0,Tesla,"Tesla, Inc.",USA,El,Nul-emission,Personbil
Skoda Enyaq iV,912,2026,M05,1006.0,Skoda,Volkswagen Group,Tyskland,El,Nul-emission,Personbil
Skoda Elroq,875,2026,M05,1001.0,Skoda,Volkswagen Group,Tyskland,El,Nul-emission,Personbil
Toyota C-HR+,806,2026,M05,,Toyota,Toyota Motor Corporation,Japan,El,Nul-emission,SUV/Crossover
Tesla Model 3,720,2026,M05,1179.0,Tesla,"Tesla, Inc.",USA,El,Nul-emission,Personbil
Xpeng G6,460,2026,M05,1015.0,Xpeng,XPeng,Kina,El,Nul-emission,Personbil
Volkswagen ID.4,458,2026,M05,1005.0,Volkswagen,Volkswagen Group,Tyskland,El,Nul-emission,Personbil
Citroen C5 Aircross,440,2026,M05,1032.0,Citroen,Stellantis,Europæisk (Multinational),Benzin,Fossil,SUV/Crossover
Audi Q4 e-tron,388,2026,M05,1003.0,Audi,Volkswagen Group,Tyskland,El,Nul-emission,SUV/Crossover
Toyota Urban Cruiser,382,2026,M05,1004.0,Toyota,Toyota Motor Corporation,Japan,Benzin,Fossil,Personbil
Toyota bZ4X,379,2026,M05,1000.0,Toyota,Toyota Motor Corporation,Japan,El,Nul-emission,Personbil
Volkswagen ID. Buzz,366,2026,M05,1010.0,Volkswagen,Volkswagen Group,Tyskland,El,Nul-emission,Personbil
Mercedes-Benz GLB,319,2026,M05,1088.0,Mercedes-Benz,Mercedes-Benz Group,Tyskland,Benzin,Fossil,Personbil
Renault R5,295,2026,M05,1008.0,Renault,Renault Group,Frankrig,Benzin,Fossil,Personbil
BMW iX1,273,2026,M05,1009.0,BMW,BMW Group,Tyskland,El,Nul-emission,SUV/Crossover
Mercedes-Benz EQA,260,2026,M05,1026.0,Mercedes-Benz,Mercedes-Benz Group,Tyskland,El,Nul-emission,Personbil
Volkswagen T-Roc,255,2026,M05,1080.0,Volkswagen,Volkswagen Group,Tyskland,Benzin,Fossil,SUV/Crossover
Cupra Born,254,2026,M05,1007.0,Cupra,Volkswagen Group,Tyskland,El,Nul-emission,Personbil
Mercedes-Benz CLA,251,2026,M05,1022.0,Mercedes-Benz,Mercedes-Benz Group,Tyskland,Benzin,Fossil,Personbil
Toyota Yaris Cross,246,2026,M05,1020.0,Toyota,Toyota Motor Corporation,Japan,Benzin,Fossil,SUV/Crossover
Audi Q2,242,2026,M05,1071.0,Audi,Volkswagen Group,Tyskland,Benzin,Fossil,SUV/Crossover
MG 4,234,2026,M05,1037.0,MG,SAIC Motor (MG),Kina,Benzin,Fossil,Personbil
Cupra Tavascan,231,2026,M05,1065.0,Cupra,Volkswagen Group,Tyskland,Benzin,Fossil,Personbil
BMW X1,221,2026,M05,1013.0,BMW,BMW Group,Tyskland,Benzin,Fossil,SUV/Crossover
Zeekr 7X,221,2026,M05,1028.0,Zeekr,Geely (Lynk & Co),Kina,El,Nul-emission,Personbil
Polestar 4,216,2026,M05,1048.0,Polestar,Geely (Lynk & Co),Kina,El,Nul-emission,Personbil
Renault Scenic,211,2026,M05,1021.0,Renault,Renault Group,Frankrig,Benzin,Fossil,Personbil
Cupra Formentor,207,2026,M05,1062.0,Cupra,Volkswagen Group,Tyskland,Benzin,Fossil,Personbil
Suzuki Vitara,207,2026,M05,1029.0,Suzuki,Suzuki Motor Corporation,Japan,Benzin,Fossil,SUV/Crossover
Kia PV5,197,2026,M05,1066.0,Kia,Hyundai Motor Group,Sydkorea,Benzin,Fossil,Personbil
Mazda 6e,183,2026,M05,1019.0,Mazda,Mazda Motor Corporation,Japan,Benzin,Fossil,Personbil
Volkswagen ID.7,173,2026,M05,1017.0,Volkswagen,Volkswagen Group,Tyskland,El,Nul-emission,Personbil
Audi Q6 e-tron,163,2026,M05,1160.0,Audi,Volkswagen Group,Tyskland,El,Nul-emission,SUV/Crossover
Hyundai Ioniq 5,160,2026,M05,1050.0,Hyundai,Hyundai Motor Group,Sydkorea,El,Nul-emission,Personbil
Peugeot 2008,160,2026,M05,1030.0,Peugeot,Stellantis,Europæisk (Multinational),Benzin,Fossil,Personbil
Mercedes-Benz GLC,155,2026,M05,1076.0,Mercedes-Benz,Mercedes-Benz Group,Tyskland,Benzin,Fossil,Personbil
Renault Austral,155,2026,M05,1025.0,Renault,Renault Group,Frankrig,Benzin,Fossil,Personbil
Citroen C3 Aircross,150,2026,M05,1014.0,Citroen,Stellantis,Europæisk (Multinational),Benzin,Fossil,SUV/Crossover
Renault Megane E-Tech,145,2026,M05,1041.0,Renault,Renault Group,Frankrig,El,Nul-emission,Personbil
Volvo EX40,145,2026,M05,1018.0,Volvo,Geely (Lynk & Co),Kina,Benzin,Fossil,SUV/Crossover
Volkswagen ID.3,133,2026,M05,1011.0,Volkswagen,Volkswagen Group,Tyskland,El,Nul-emission,Personbil
Ford Explorer,129,2026,M05,1023.0,Ford,Ford Motor Company,USA,Benzin,Fossil,Personbil
Hyundai Kona,129,2026,M05,1043.0,Hyundai,Hyundai Motor Group,Sydkorea,Benzin,Fossil,SUV/Crossover
Audi A6 e-tron,126,2026,M05,1038.0,Audi,Volkswagen Group,Tyskland,El,Nul-emission,Personbil
Renault Captur,123,2026,M05,1266.0,Renault,Renault Group,Frankrig,Benzin,Fossil,Personbil
Seat Ibiza,123,2026,M05,1073.0,Seat,Volkswagen Group,Tyskland,Benzin,Fossil,Personbil
Peugeot 208,118,2026,M05,1024.0,Peugeot,Stellantis,Europæisk (Multinational),Benzin,Fossil,Personbil
Renault R4,112,2026,M05,1016.0,Renault,Renault Group,Frankrig,Benzin,Fossil,Personbil
MG S6 EV,105,2026,M05,1101.0,MG,SAIC Motor (MG),Kina,Benzin,Fossil,Personbil
Nissan Micra,104,2026,M05,1055.0,Nissan,Nissan Motor Co.,Japan,Benzin,Fossil,Personbil
Volvo EX30,104,2026,M05,1056.0,Volvo,Geely (Lynk & Co),Kina,Benzin,Fossil,SUV/Crossover
BMW 5'er,102,2026,M05,1063.0,BMW,BMW Group,Tyskland,Benzin,Fossil,Personbil
MG S5,102,2026,M05,1046.0,MG,SAIC Motor (MG),Kina,Benzin,Fossil,Personbil
Renault Symbioz,101,2026,M05,1085.0,Renault,Renault Group,Frankrig,Benzin,Fossil,Personbil
BMW i4,97,2026,M05,1045.0,BMW,BMW Group,Tyskland,El,Nul-emission,Personbil
Cupra Leon,96,2026,M05,1100.0,Cupra,Volkswagen Group,Tyskland,Benzin,Fossil,Personbil
BYD Sealion 7,95,2026,M05,1096.0,BYD,BYD Auto,Kina,Benzin,Fossil,Personbil
BMW 3'er,94,2026,M05,1051.0,BMW,BMW Group,Tyskland,Benzin,Fossil,Personbil
Toyota Yaris,92,2026,M05,1057.0,Toyota,Toyota Motor Corporation,Japan,Hybrid,Lav-emission,Personbil
Xpeng G9,92,2026,M05,1068.0,Xpeng,XPeng,Kina,El,Nul-emission,Personbil
Mazda CX-30,91,2026,M05,1084.0,Mazda,Mazda Motor Corporation,Japan,Benzin,Fossil,SUV/Crossover
Skoda Kodiaq,89,2026,M05,1047.0,Skoda,Volkswagen Group,Tyskland,Benzin,Fossil,SUV/Crossover
Peugeot 5008,87,2026,M05,1039.0,Peugeot,Stellantis,Europæisk (Multinational),Benzin,Fossil,Personbil
Opel Frontera,86,2026,M05,1077.0,Opel,Stellantis,Europæisk (Multinational),Benzin,Fossil,SUV/Crossover
Suzuki Swift,85,2026,M05,1034.0,Suzuki,Suzuki Motor Corporation,Japan,Benzin,Fossil,Personbil
Kia EV6,84,2026,M05,1069.0,Kia,Hyundai Motor Group,Sydkorea,Benzin,Fossil,Personbil
Kia EV5,83,2026,M05,1164.0,Kia,Hyundai Motor Group,Sydkorea,Benzin,Fossil,Personbil
Audi A3,82,2026,M05,1064.0,Audi,Volkswagen Group,Tyskland,Benzin,Fossil,Personbil
Nissan Qashqai,75,2026,M05,1035.0,Nissan,Nissan Motor Co.,Japan,Benzin,Fossil,SUV/Crossover
Deepal S05,74,2026,M05,,Deepal,Changan Automobile,Kina,El,Nul-emission,SUV/Crossover
Peugeot 3008,73,2026,M05,1036.0,Peugeot,Stellantis,Europæisk (Multinational),Benzin,Fossil,Personbil
Mercedes-Benz EQE,71,2026,M05,1074.0,Mercedes-Benz,Mercedes-Benz Group,Tyskland,El,Nul-emission,Personbil
Mercedes-Benz A-Klasse,69,2026,M05,1123.0,Mercedes-Benz,Mercedes-Benz Group,Tyskland,Benzin,Fossil,Personbil
Ford Tourneo Custom,68,2026,M05,1082.0,Ford,Ford Motor Company,USA,Benzin,Fossil,Varebil/MPV
BYD Seal U,67,2026,M05,1104.0,BYD,BYD Auto,Kina,Benzin,Fossil,Personbil
Ford Capri,64,2026,M05,1052.0,Ford,Ford Motor Company,USA,Benzin,Fossil,Personbil
BMW i5,62,2026,M05,1049.0,BMW,BMW Group,Tyskland,El,Nul-emission,Personbil
Volkswagen Touran,60,2026,M05,1182.0,Volkswagen,Volkswagen Group,Tyskland,Benzin,Fossil,Personbil
Navor E5,59,2026,M05,1078.0,Navor,DFSK Motor,Kina,Benzin,Fossil,Personbil
Toyota Aygo X,58,2026,M05,1042.0,Toyota,Toyota Motor Corporation,Japan,Benzin,Fossil,Personbil
Volkswagen ID.5,58,2026,M05,1053.0,Volkswagen,Volkswagen Group,Tyskland,El,Nul-emission,Personbil
Audi Q5,55,2026,M05,1137.0,Audi,Volkswagen Group,Tyskland,Benzin,Fossil,SUV/Crossover
Hyundai Ioniq 6,53,2026,M05,1133.0,Hyundai,Hyundai Motor Group,Sydkorea,El,Nul-emission,Personbil
Seat Arona,50,2026,M05,1177.0,Seat,Volkswagen Group,Tyskland,Benzin,Fossil,Personbil
Audi Q3,49,2026,M05,1099.0,Audi,Volkswagen Group,Tyskland,Benzin,Fossil,SUV/Crossover
MG 3,49,2026,M05,1172.0,MG,SAIC Motor (MG),Kina,Benzin,Fossil,Personbil
Dacia Bigster,48,2026,M05,1278.0,Dacia,Renault Group,Frankrig,Benzin,Fossil,Personbil
MG ZS,45,2026,M05,1040.0,MG,SAIC Motor (MG),Kina,Benzin,Fossil,Personbil
Mazda CX-5,44,2026,M05,1311.0,Mazda,Mazda Motor Corporation,Japan,Benzin,Fossil,SUV/Crossover
Mercedes-Benz C-Klasse,44,2026,M05,1098.0,Mercedes-Benz,Mercedes-Benz Group,Tyskland,Benzin,Fossil,Personbil
Mercedes-Benz GLA,44,2026,M05,1090.0,Mercedes-Benz,Mercedes-Benz Group,Tyskland,Benzin,Fossil,Personbil
Volkswagen Passat,44,2026,M05,1125.0,Volkswagen,Volkswagen Group,Tyskland,Benzin,Fossil,Personbil
Hyundai Inster,43,2026,M05,1061.0,Hyundai,Hyundai Motor Group,Sydkorea,Benzin,Fossil,Personbil
Kia EV4,43,2026,M05,1059.0,Kia,Hyundai Motor Group,Sydkorea,Benzin,Fossil,Personbil
BMW X3,41,2026,M05,1141.0,BMW,BMW Group,Tyskland,Benzin,Fossil,SUV/Crossover
Opel Grandland,39,2026,M05,1072.0,Opel,Stellantis,Europæisk (Multinational),Benzin,Fossil,SUV/Crossover
BYD Dolphin Surf,38,2026,M05,1095.0,BYD,BYD Auto,Kina,Benzin,Fossil,Personbil
Fiat Grande Panda,38,2026,M05,1122.0,Fiat,Stellantis,Europæisk (Multinational),Benzin,Fossil,Personbil
Renault Twingo,37,2026,M05,,Renault,Renault Group,Frankrig,El,Nul-emission,Personbil
Nissan Ariya,36,2026,M05,1070.0,Nissan,Nissan Motor Co.,Japan,Benzin,Fossil,Personbil
BMW iX2,35,2026,M05,1087.0,BMW,BMW Group,Tyskland,El,Nul-emission,SUV/Crossover
Mini Aceman,35,2026,M05,1079.0,Mini,BMW Group,Tyskland,El,Nul-emission,Personbil
Cupra Terramar,34,2026,M05,1044.0,Cupra,Volkswagen Group,Tyskland,Benzin,Fossil,Personbil
Ford Puma,33,2026,M05,1054.0,Ford,Ford Motor Company,USA,Benzin,Fossil,Personbil
BMW 1'er,32,2026,M05,1067.0,BMW,BMW Group,Tyskland,Benzin,Fossil,Personbil
Polestar 2,32,2026,M05,1097.0,Polestar,Geely (Lynk & Co),Kina,El,Nul-emission,Personbil
BYD Atto 2,31,2026,M05,1106.0,BYD,BYD Auto,Kina,Benzin,Fossil,Personbil
Mini 3-dørs,31,2026,M05,1083.0,Mini,BMW Group,Tyskland,Benzin,Fossil,Personbil
Citroen C3,30,2026,M05,1012.0,Citroen,Stellantis,Europæisk (Multinational),Benzin,Fossil,Personbil
Dacia Sandero,30,2026,M05,1231.0,Dacia,Renault Group,Frankrig,Benzin,Fossil,Personbil
BMW iX3,29,2026,M05,1224.0,BMW,BMW Group,Tyskland,El,Nul-emission,SUV/Crossover
BYD Tang,29,2026,M05,1126.0,BYD,BYD Auto,Kina,Benzin,Fossil,Personbil
Kia EV9,28,2026,M05,1058.0,Kia,Hyundai Motor Group,Sydkorea,Benzin,Fossil,Personbil
Subaru Uncharted,28,2026,M05,,Subaru,Subaru Corporation,Japan,El,Nul-emission,SUV/Crossover
BYD Dolphin,27,2026,M05,1187.0,BYD,BYD Auto,Kina,Benzin,Fossil,Personbil
BYD Seal,27,2026,M05,1107.0,BYD,BYD Auto,Kina,Benzin,Fossil,Personbil
Skyworth K,27,2026,M05,1121.0,Skyworth,Skyworth,Ukendt,El,Nul-emission,Personbil
Lexus RZ,26,2026,M05,1075.0,Lexus,Toyota Motor Corporation,Japan,Benzin,Fossil,Personbil
BMW iX,25,2026,M05,1089.0,BMW,BMW Group,Tyskland,El,Nul-emission,Personbil
Subaru Solterra,25,2026,M05,1113.0,Subaru,Subaru Corporation,Japan,Benzin,Fossil,Personbil
Toyota Corolla Cross,24,2026,M05,1124.0,Toyota,Toyota Motor Corporation,Japan,Benzin,Fossil,SUV/Crossover
Mercedes-Benz EQB,23,2026,M05,1027.0,Mercedes-Benz,Mercedes-Benz Group,Tyskland,El,Nul-emission,Personbil
Ford Transit,22,2026,M05,1091.0,Ford,Ford Motor Company,USA,Benzin,Fossil,Varebil/MPV
Kia EV3,22,2026,M05,1033.0,Kia,Hyundai Motor Group,Sydkorea,Benzin,Fossil,Personbil
Porsche Macan,22,2026,M05,1119.0,Porsche,Volkswagen Group,Tyskland,Benzin,Fossil,SUV/Crossover
Renault Clio,22,2026,M05,1111.0,Renault,Renault Group,Frankrig,Benzin,Fossil,Personbil
Hyundai Ioniq 9,21,2026,M05,1118.0,Hyundai,Hyundai Motor Group,Sydkorea,El,Nul-emission,Personbil
Skoda Kamiq,21,2026,M05,1112.0,Skoda,Volkswagen Group,Tyskland,Benzin,Fossil,SUV/Crossover
Volvo EC40,20,2026,M05,1093.0,Volvo,Geely (Lynk & Co),Kina,Benzin,Fossil,Personbil
Volvo EX90,20,2026,M05,1081.0,Volvo,Geely (Lynk & Co),Kina,Benzin,Fossil,Personbil
Audi A5,19,2026,M05,1115.0,Audi,Volkswagen Group,Tyskland,Benzin,Fossil,Personbil
Honda e:Ny1,19,2026,M05,1086.0,Honda,Honda Motor Co.,Japan,El,Nul-emission,Personbil
Audi A6,18,2026,M05,1159.0,Audi,Volkswagen Group,Tyskland,Benzin,Fossil,Personbil
Dacia Duster,18,2026,M05,1229.0,Dacia,Renault Group,Frankrig,Benzin,Fossil,Personbil
Mini Countryman,18,2026,M05,1102.0,Mini,BMW Group,Tyskland,Benzin,Fossil,Personbil
HDK Turfman,16,2026,M05,1353.0,HDK,HDK Automotive,Kina,El,Nul-emission,ATV/UTV/Andet
Mercedes-Benz Sprinter,16,2026,M05,1134.0,Mercedes-Benz,Mercedes-Benz Group,Tyskland,Benzin,Fossil,Varebil/MPV
Mercedes-Benz E-Klasse,15,2026,M05,1128.0,Mercedes-Benz,Mercedes-Benz Group,Tyskland,Benzin,Fossil,Personbil
Omoda 5,15,2026,M05,1129.0,Omoda,Chery Group,Kina,Benzin,Fossil,Personbil
Volkswagen Polo,15,2026,M05,1140.0,Volkswagen,Volkswagen Group,Tyskland,Benzin,Fossil,Personbil
Zeekr X,15,2026,M05,1114.0,Zeekr,Geely (Lynk & Co),Kina,El,Nul-emission,Personbil
BMW 4'er,14,2026,M05,1185.0,BMW,BMW Group,Tyskland,Benzin,Fossil,Personbil
Kia Niro,14,2026,M05,1244.0,Kia,Hyundai Motor Group,Sydkorea,Benzin,Fossil,Personbil
Skoda Scala,12,2026,M05,1130.0,Skoda,Volkswagen Group,Tyskland,Benzin,Fossil,Personbil
Subaru E-Outback,12,2026,M05,,Subaru,Subaru Corporation,Japan,El,Nul-emission,SUV/Crossover
Suzuki SX4,12,2026,M05,1131.0,Suzuki,Suzuki Motor Corporation,Japan,Benzin,Fossil,SUV/Crossover
Ford Mustang Mach-E,11,2026,M05,1147.0,Ford,Ford Motor Company,USA,Benzin,Fossil,Personbil
Skoda Fabia,11,2026,M05,1211.0,Skoda,Volkswagen Group,Tyskland,Benzin,Fossil,Personbil
Dacia Jogger,10,2026,M05,1230.0,Dacia,Renault Group,Frankrig,Benzin,Fossil,Personbil
KGM Torres EVX,10,2026,M05,1108.0,KGM,KG Mobility (tidl. SsangYong),Sydkorea,El,Nul-emission,SUV/Crossover
Skoda Superb,10,2026,M05,1139.0,Skoda,Volkswagen Group,Tyskland,Benzin,Fossil,Personbil
Volvo ES90,10,2026,M05,1105.0,Volvo,Geely (Lynk & Co),Kina,Benzin,Fossil,Personbil
Mercedes-Benz EQE SUV,9,2026,M05,1110.0,Mercedes-Benz,Mercedes-Benz Group,Tyskland,El,Nul-emission,SUV/Crossover
Mercedes-Benz GLE,9,2026,M05,1144.0,Mercedes-Benz,Mercedes-Benz Group,Tyskland,Benzin,Fossil,Personbil
Volvo V90,9,2026,M05,1220.0,Volvo,Geely (Lynk & Co),Kina,Benzin,Fossil,Personbil
BYD Atto 3 Evo,8,2026,M05,,BYD,BYD Auto,Kina,El,Nul-emission,SUV/Crossover
Honda CR-V,8,2026,M05,1127.0,Honda,Honda Motor Co.,Japan,Hybrid,Lav-emission,Personbil
Land Rover Range Rover Sport,8,2026,M05,1196.0,Land Rover,Jaguar Land Rover (Tata Motors),Indien,Benzin,Fossil,SUV/Crossover
Leapmotor B10,8,2026,M05,1031.0,Leapmotor,Leapmotor,Kina,El,Nul-emission,Personbil
Mercedes-Benz G-Klasse,8,2026,M05,1170.0,Mercedes-Benz,Mercedes-Benz Group,Tyskland,Benzin,Fossil,Personbil
Porsche 911,8,2026,M05,1264.0,Porsche,Volkswagen Group,Tyskland,Benzin,Fossil,Personbil
Volkswagen T-Cross,8,2026,M05,1181.0,Volkswagen,Volkswagen Group,Tyskland,Benzin,Fossil,SUV/Crossover
Ford Kuga,7,2026,M05,1060.0,Ford,Ford Motor Company,USA,Hybrid,Lav-emission,Personbil
Mercedes-Benz CLE,7,2026,M05,1257.0,Mercedes-Benz,Mercedes-Benz Group,Tyskland,Benzin,Fossil,Personbil
Mercedes-Benz Vito Tourer,7,2026,M05,1092.0,Mercedes-Benz,Mercedes-Benz Group,Tyskland,Benzin,Fossil,Varebil/MPV
Mercedes-Benz EQV,6,2026,M05,1155.0,Mercedes-Benz,Mercedes-Benz Group,Tyskland,El,Nul-emission,Personbil
Mercedes-Benz V-Klasse,6,2026,M05,1171.0,Mercedes-Benz,Mercedes-Benz Group,Tyskland,Benzin,Fossil,Personbil
Xpeng P7+,6,2026,M05,,Xpeng,XPeng,Kina,El,Nul-emission,Personbil
Citroen Berlingo,5,2026,M05,1117.0,Citroen,Stellantis,Europæisk (Multinational),Benzin,Fossil,Varebil/MPV
Honda Civic,5,2026,M05,1163.0,Honda,Honda Motor Co.,Japan,Hybrid,Lav-emission,Personbil
Mazda 2,5,2026,M05,1153.0,Mazda,Mazda Motor Corporation,Japan,Benzin,Fossil,Personbil
Mazda MX-5,5,2026,M05,1346.0,Mazda,Mazda Motor Corporation,Japan,Benzin,Fossil,Personbil
Toyota Proace Verso,5,2026,M05,1135.0,Toyota,Toyota Motor Corporation,Japan,Benzin,Fossil,Varebil/MPV
Honda Jazz,4,2026,M05,1150.0,Honda,Honda Motor Co.,Japan,Benzin,Fossil,Personbil
Hongqi EHS7,4,2026,M05,1138.0,Hongqi,FAW (Hongqi),Kina,El,Nul-emission,Personbil
Renault Master,4,2026,M05,1120.0,Renault,Renault Group,Frankrig,Benzin,Fossil,Varebil/MPV
Skoda Octavia,4,2026,M05,1157.0,Skoda,Volkswagen Group,Tyskland,Benzin,Fossil,Personbil
Toyota Land Cruiser,4,2026,M05,1272.0,Toyota,Toyota Motor Corporation,Japan,Benzin,Fossil,SUV/Crossover
Volkswagen Tiguan,4,2026,M05,1145.0,Volkswagen,Volkswagen Group,Tyskland,Benzin,Fossil,SUV/Crossover
Audi e-tron GT,3,2026,M05,1284.0,Audi,Volkswagen Group,Tyskland,El,Nul-emission,Personbil
BMW 2'er,3,2026,M05,1223.0,BMW,BMW Group,Tyskland,Benzin,Fossil,Personbil
Eagle EG2048KR,3,2026,M05,,Eagle,Suzhou Eagle Electric Vehicle Manufacturing,Kina,El,Nul-emission,ATV/UTV/Andet
Hyundai Bayon,3,2026,M05,1151.0,Hyundai,Hyundai Motor Group,Sydkorea,Benzin,Fossil,Personbil
JAC E30X,3,2026,M05,1195.0,JAC,JAC Motors,Kina,Benzin,Fossil,Personbil
Jaecoo J5,3,2026,M05,1116.0,Jaecoo,Chery Group,Kina,Benzin,Fossil,Personbil
Maserati Grecale,3,2026,M05,1152.0,Maserati,Stellantis,Europæisk (Multinational),Benzin,Fossil,Personbil
MG HS,3,2026,M05,1109.0,MG,SAIC Motor (MG),Kina,Benzin,Fossil,Personbil
Nilsson Hearse,3,2026,M05,1202.0,Nilsson Hearse,Nilsson Hearse,Sverige,Benzin,Fossil,Varebil/MPV
Nio EL6,3,2026,M05,1362.0,Nio,NIO,Kina,El,Nul-emission,Personbil
Nio Firefly,3,2026,M05,1203.0,Nio,NIO,Kina,El,Nul-emission,Personbil
Nissan Juke,3,2026,M05,1103.0,Nissan,Nissan Motor Co.,Japan,Benzin,Fossil,SUV/Crossover
Renault Trafic,3,2026,M05,1176.0,Renault,Renault Group,Frankrig,Benzin,Fossil,Varebil/MPV
BMW i7,2,2026,M05,1146.0,BMW,BMW Group,Tyskland,El,Nul-emission,Personbil
BMW i7,2,2026,M05,,BMW,BMW Group,Tyskland,El,Nul-emission,Personbil
Honda HR-V,2,2026,M05,1149.0,Honda,Honda Motor Co.,Japan,Benzin,Fossil,Personbil
Honda ZR-V,2,2026,M05,1193.0,Honda,Honda Motor Co.,Japan,Benzin,Fossil,Personbil
MG Cyberster,2,2026,M05,1173.0,MG,SAIC Motor (MG),Kina,Benzin,Fossil,Personbil
Polestar 3,2,2026,M05,1263.0,Polestar,Geely (Lynk & Co),Kina,El,Nul-emission,Personbil
Skoda Karoq,2,2026,M05,1094.0,Skoda,Volkswagen Group,Tyskland,Benzin,Fossil,SUV/Crossover
Volkswagen Caddy,2,2026,M05,1216.0,Volkswagen,Volkswagen Group,Tyskland,Benzin,Fossil,Varebil/MPV
Volkswagen Caravelle,2,2026,M05,1217.0,Volkswagen,Volkswagen Group,Tyskland,Benzin,Fossil,Varebil/MPV
Yunlong JJ2000DBP,2,2026,M05,1277.0,Yunlong,MG,Kina,Benzin,Fossil,Personbil
Alpine A290,1,2026,M05,,Alpine,Renault Group,Frankrig,El,Nul-emission,Personbil
Aston Martin Vanquish,1,2026,M05,,Aston Martin,Aston Martin Lagonda,Storbritannien,Benzin,Fossil,Personbil
Bach YM2000DP,1,2026,M05,1294.0,Bach,Bach,Danmark,El,Nul-emission,Kabinescooter
BMW X5,1,2026,M05,1186.0,BMW,BMW Group,Tyskland,Benzin,Fossil,SUV/Crossover
Can-Am Outlander Electric,1,2026,M05,,Can-Am,Bombardier Recreational Products,Canada,El,Nul-emission,ATV/UTV/Andet
Can-Am Outlander Max Electric,1,2026,M05,,Can-Am,Bombardier Recreational Products,Canada,El,Nul-emission,ATV/UTV/Andet
Can-Am Spyder F3,1,2026,M05,,Can-Am,Bombardier Recreational Products,Canada,Benzin,Fossil,ATV/UTV/Andet
CFMOTO CForce 1000,1,2026,M05,1395.0,CFMOTO,CFMOTO,Kina,Benzin,Fossil,ATV/UTV/Andet
CFMOTO CForce 1000 Touring,1,2026,M05,1423.0,CFMOTO,CFMOTO,Kina,Benzin,Fossil,ATV/UTV/Andet
CFMOTO CForce 520L,1,2026,M05,,CFMOTO,CFMOTO,Kina,Benzin,Fossil,ATV/UTV/Andet
Exlantix ET,1,2026,M05,1132.0,Exlantix,Chery Group,Kina,El,Nul-emission,Personbil
Ferrari 12Cilindri,1,2026,M05,,Ferrari,Ferrari,Italien,Benzin,Fossil,Personbil
Ferrari Amalfi,1,2026,M05,,Ferrari,Ferrari S.p.A.,Italien,Benzin,Fossil,Personbil
Ford Mustang,1,2026,M05,1378.0,Ford,Ford Motor Company,USA,Benzin,Fossil,Personbil
Ford Transit Custom,1,2026,M05,1192.0,Ford,Ford Motor Company,USA,Benzin,Fossil,Varebil/MPV
Goes Terrox 1000,1,2026,M05,,Goes,Goes,Ukendt,Benzin,Fossil,ATV/UTV/Andet
Linhai LH80DA,1,2026,M05,1334.0,Linhai,"Zhejiang Linhai Power Machinery Group Co., Ltd.",Ukendt,Benzin,Fossil,ATV/UTV/Andet
Lotus Eletre,1,2026,M05,1254.0,Lotus,Geely (Lynk & Co),Kina,Benzin,Fossil,Personbil
Lynk & Co 02,1,2026,M05,1143.0,Lynk & Co,Geely (Lynk & Co),Kina,Benzin,Fossil,Personbil
MAN TGE,1,2026,M05,1197.0,MAN,TRATON (Volkswagen Group),Tyskland,Benzin,Fossil,Varebil/MPV
Mazda 3,1,2026,M05,1154.0,Mazda,Mazda Motor Corporation,Japan,Benzin,Fossil,Personbil
Mazda CX-80,1,2026,M05,1168.0,Mazda,Mazda Motor Corporation,Japan,Benzin,Fossil,SUV/Crossover
Mercedes-Benz AMG GT,1,2026,M05,1312.0,Mercedes-Benz,Mercedes-Benz Group,Tyskland,Benzin,Fossil,Personbil
Mercedes-Benz S-Klasse,1,2026,M05,1201.0,Mercedes-Benz,Mercedes-Benz Group,Tyskland,Benzin,Fossil,Personbil
Mercedes-Benz Vito,1,2026,M05,1156.0,Mercedes-Benz,Mercedes-Benz Group,Tyskland,Benzin,Fossil,Varebil/MPV
Odes Workcross 1000-3,1,2026,M05,,Odes,ODES,Ukendt,Benzin,Fossil,ATV/UTV/Andet
Opel Mokka,1,2026,M05,1261.0,Opel,Stellantis,Europæisk (Multinational),Benzin,Fossil,Personbil
Opel Vivaro,1,2026,M05,1416.0,Opel,Stellantis,Europæisk (Multinational),Benzin,Fossil,Varebil/MPV
Peugeot 308,1,2026,M05,1206.0,Peugeot,Stellantis,Europæisk (Multinational),Benzin,Fossil,Personbil
Today Sunshine,1,2026,M05,1158.0,Today Sunshine,Today Sunshine,Ukendt,Benzin,Fossil,Personbil
Toyota Proace,1,2026,M05,1215.0,Toyota,Toyota Motor Corporation,Japan,Benzin,Fossil,Varebil/MPV
Volkswagen Crafter,1,2026,M05,1218.0,Volkswagen,Volkswagen Group,Tyskland,Benzin,Fossil,Varebil/MPV
Volkswagen Golf,1,2026,M05,1219.0,Volkswagen,Volkswagen Group,Tyskland,Benzin,Fossil,Personbil
Volkswagen Multivan,1,2026,M05,1274.0,Volkswagen,Volkswagen Group,Tyskland,Benzin,Fossil,Varebil/MPV
Volkswagen up!,1,2026,M05,1445.0,Volkswagen,Volkswagen Group,Tyskland,Benzin,Fossil,Personbil
Yunlong JJ5000BU,1,2026,M05,,Yunlong,Shandong Yunlong Eco Technologies,Kina,El,Nul-emission,ATV/UTV/Andet
Tesla Model Y,674,2025,M05,1002.0,Tesla,"Tesla, Inc.",USA,El,Nul-emission,Personbil
Skoda Enyaq iV,262,2025,M05,1006.0,Skoda,Volkswagen Group,Tyskland,El,Nul-emission,Personbil
Skoda Elroq,1457,2025,M05,1001.0,Skoda,Volkswagen Group,Tyskland,El,Nul-emission,Personbil
Tesla Model 3,66,2025,M05,1179.0,Tesla,"Tesla, Inc.",USA,El,Nul-emission,Personbil
Xpeng G6,245,2025,M05,1015.0,Xpeng,XPeng,Kina,El,Nul-emission,Personbil
Volkswagen ID.4,822,2025,M05,1005.0,Volkswagen,Volkswagen Group,Tyskland,El,Nul-emission,Personbil
Audi Q4 e-tron,387,2025,M05,1003.0,Audi,Volkswagen Group,Tyskland,El,Nul-emission,SUV/Crossover
Toyota bZ4X,175,2025,M05,1000.0,Toyota,Toyota Motor Corporation,Japan,El,Nul-emission,Personbil
Volkswagen ID. Buzz,311,2025,M05,1010.0,Volkswagen,Volkswagen Group,Tyskland,El,Nul-emission,Personbil
Mercedes-Benz GLB,67,2025,M05,1088.0,Mercedes-Benz,Mercedes-Benz Group,Tyskland,Benzin,Fossil,Personbil
Renault R5,461,2025,M05,1008.0,Renault,Renault Group,Frankrig,Benzin,Fossil,Personbil
BMW iX1,267,2025,M05,1009.0,BMW,BMW Group,Tyskland,El,Nul-emission,SUV/Crossover
Mercedes-Benz EQA,243,2025,M05,1026.0,Mercedes-Benz,Mercedes-Benz Group,Tyskland,El,Nul-emission,Personbil
Volkswagen T-Roc,661,2025,M05,1080.0,Volkswagen,Volkswagen Group,Tyskland,Benzin,Fossil,SUV/Crossover
Cupra Born,139,2025,M05,1007.0,Cupra,Volkswagen Group,Tyskland,El,Nul-emission,Personbil
Mercedes-Benz CLA,43,2025,M05,1022.0,Mercedes-Benz,Mercedes-Benz Group,Tyskland,Benzin,Fossil,Personbil
Toyota Yaris Cross,289,2025,M05,1020.0,Toyota,Toyota Motor Corporation,Japan,Benzin,Fossil,SUV/Crossover
Audi Q2,130,2025,M05,1071.0,Audi,Volkswagen Group,Tyskland,Benzin,Fossil,SUV/Crossover
MG 4,108,2025,M05,1037.0,MG,SAIC Motor (MG),Kina,Benzin,Fossil,Personbil
Cupra Tavascan,107,2025,M05,1065.0,Cupra,Volkswagen Group,Tyskland,Benzin,Fossil,Personbil
BMW X1,276,2025,M05,1013.0,BMW,BMW Group,Tyskland,Benzin,Fossil,SUV/Crossover
Zeekr 7X,2,2025,M05,1028.0,Zeekr,Geely (Lynk & Co),Kina,El,Nul-emission,Personbil
Polestar 4,105,2025,M05,1048.0,Polestar,Geely (Lynk & Co),Kina,El,Nul-emission,Personbil
Renault Scenic,181,2025,M05,1021.0,Renault,Renault Group,Frankrig,Benzin,Fossil,Personbil
Cupra Formentor,312,2025,M05,1062.0,Cupra,Volkswagen Group,Tyskland,Benzin,Fossil,Personbil
Suzuki Vitara,59,2025,M05,1029.0,Suzuki,Suzuki Motor Corporation,Japan,Benzin,Fossil,SUV/Crossover
Volkswagen ID.7,186,2025,M05,1017.0,Volkswagen,Volkswagen Group,Tyskland,El,Nul-emission,Personbil
Audi Q6 e-tron,145,2025,M05,1160.0,Audi,Volkswagen Group,Tyskland,El,Nul-emission,SUV/Crossover
Hyundai Ioniq 5,189,2025,M05,1050.0,Hyundai,Hyundai Motor Group,Sydkorea,El,Nul-emission,Personbil
Peugeot 2008,112,2025,M05,1030.0,Peugeot,Stellantis,Europæisk (Multinational),Benzin,Fossil,Personbil
Mercedes-Benz GLC,84,2025,M05,1076.0,Mercedes-Benz,Mercedes-Benz Group,Tyskland,Benzin,Fossil,Personbil
Renault Austral,49,2025,M05,1025.0,Renault,Renault Group,Frankrig,Benzin,Fossil,Personbil
Citroen C3 Aircross,50,2025,M05,1014.0,Citroen,Stellantis,Europæisk (Multinational),Benzin,Fossil,SUV/Crossover
Renault Megane E-Tech,81,2025,M05,1041.0,Renault,Renault Group,Frankrig,El,Nul-emission,Personbil
Volvo EX40,96,2025,M05,1018.0,Volvo,Geely (Lynk & Co),Kina,Benzin,Fossil,SUV/Crossover
Volkswagen ID.3,512,2025,M05,1011.0,Volkswagen,Volkswagen Group,Tyskland,El,Nul-emission,Personbil
Ford Explorer,167,2025,M05,1023.0,Ford,Ford Motor Company,USA,Benzin,Fossil,Personbil
Hyundai Kona,104,2025,M05,1043.0,Hyundai,Hyundai Motor Group,Sydkorea,Benzin,Fossil,SUV/Crossover
Audi A6 e-tron,172,2025,M05,1038.0,Audi,Volkswagen Group,Tyskland,El,Nul-emission,Personbil
Renault Captur,109,2025,M05,1266.0,Renault,Renault Group,Frankrig,Benzin,Fossil,Personbil
Seat Ibiza,67,2025,M05,1073.0,Seat,Volkswagen Group,Tyskland,Benzin,Fossil,Personbil
Peugeot 208,67,2025,M05,1024.0,Peugeot,Stellantis,Europæisk (Multinational),Benzin,Fossil,Personbil
Volvo EX30,104,2025,M05,1056.0,Volvo,Geely (Lynk & Co),Kina,Benzin,Fossil,SUV/Crossover
BMW 5'er,116,2025,M05,1063.0,BMW,BMW Group,Tyskland,Benzin,Fossil,Personbil
MG S5,8,2025,M05,1046.0,MG,SAIC Motor (MG),Kina,Benzin,Fossil,Personbil
BMW i4,73,2025,M05,1045.0,BMW,BMW Group,Tyskland,El,Nul-emission,Personbil
Cupra Leon,203,2025,M05,1100.0,Cupra,Volkswagen Group,Tyskland,Benzin,Fossil,Personbil
BYD Sealion 7,47,2025,M05,1096.0,BYD,BYD Auto,Kina,Benzin,Fossil,Personbil
BMW 3'er,354,2025,M05,1051.0,BMW,BMW Group,Tyskland,Benzin,Fossil,Personbil
Toyota Yaris,170,2025,M05,1057.0,Toyota,Toyota Motor Corporation,Japan,Hybrid,Lav-emission,Personbil
Xpeng G9,51,2025,M05,1068.0,Xpeng,XPeng,Kina,El,Nul-emission,Personbil
Mazda CX-30,13,2025,M05,1084.0,Mazda,Mazda Motor Corporation,Japan,Benzin,Fossil,SUV/Crossover
Skoda Kodiaq,38,2025,M05,1047.0,Skoda,Volkswagen Group,Tyskland,Benzin,Fossil,SUV/Crossover
Peugeot 5008,104,2025,M05,1039.0,Peugeot,Stellantis,Europæisk (Multinational),Benzin,Fossil,Personbil
Opel Frontera,39,2025,M05,1077.0,Opel,Stellantis,Europæisk (Multinational),Benzin,Fossil,SUV/Crossover
Suzuki Swift,170,2025,M05,1034.0,Suzuki,Suzuki Motor Corporation,Japan,Benzin,Fossil,Personbil
Kia EV6,181,2025,M05,1069.0,Kia,Hyundai Motor Group,Sydkorea,Benzin,Fossil,Personbil
Audi A3,149,2025,M05,1064.0,Audi,Volkswagen Group,Tyskland,Benzin,Fossil,Personbil
Nissan Qashqai,147,2025,M05,1035.0,Nissan,Nissan Motor Co.,Japan,Benzin,Fossil,SUV/Crossover
Peugeot 3008,77,2025,M05,1036.0,Peugeot,Stellantis,Europæisk (Multinational),Benzin,Fossil,Personbil
Mercedes-Benz EQE,77,2025,M05,1074.0,Mercedes-Benz,Mercedes-Benz Group,Tyskland,El,Nul-emission,Personbil
Mercedes-Benz A-Klasse,75,2025,M05,1123.0,Mercedes-Benz,Mercedes-Benz Group,Tyskland,Benzin,Fossil,Personbil
Ford Tourneo Custom,40,2025,M05,1082.0,Ford,Ford Motor Company,USA,Benzin,Fossil,Varebil/MPV
BYD Seal U,43,2025,M05,1104.0,BYD,BYD Auto,Kina,Benzin,Fossil,Personbil
Ford Capri,61,2025,M05,1052.0,Ford,Ford Motor Company,USA,Benzin,Fossil,Personbil
BMW i5,161,2025,M05,1049.0,BMW,BMW Group,Tyskland,El,Nul-emission,Personbil
Volkswagen Touran,90,2025,M05,1182.0,Volkswagen,Volkswagen Group,Tyskland,Benzin,Fossil,Personbil
Navor E5,119,2025,M05,1078.0,Navor,DFSK Motor,Kina,Benzin,Fossil,Personbil
Toyota Aygo X,222,2025,M05,1042.0,Toyota,Toyota Motor Corporation,Japan,Benzin,Fossil,Personbil
Volkswagen ID.5,92,2025,M05,1053.0,Volkswagen,Volkswagen Group,Tyskland,El,Nul-emission,Personbil
Hyundai Ioniq 6,54,2025,M05,1133.0,Hyundai,Hyundai Motor Group,Sydkorea,El,Nul-emission,Personbil
Seat Arona,6,2025,M05,1177.0,Seat,Volkswagen Group,Tyskland,Benzin,Fossil,Personbil
Audi Q3,2,2025,M05,1099.0,Audi,Volkswagen Group,Tyskland,Benzin,Fossil,SUV/Crossover
MG 3,10,2025,M05,1172.0,MG,SAIC Motor (MG),Kina,Benzin,Fossil,Personbil
Dacia Bigster,16,2025,M05,1278.0,Dacia,Renault Group,Frankrig,Benzin,Fossil,Personbil
MG ZS,112,2025,M05,1040.0,MG,SAIC Motor (MG),Kina,Benzin,Fossil,Personbil
Mercedes-Benz C-Klasse,55,2025,M05,1098.0,Mercedes-Benz,Mercedes-Benz Group,Tyskland,Benzin,Fossil,Personbil
Mercedes-Benz GLA,33,2025,M05,1090.0,Mercedes-Benz,Mercedes-Benz Group,Tyskland,Benzin,Fossil,Personbil
Volkswagen Passat,46,2025,M05,1125.0,Volkswagen,Volkswagen Group,Tyskland,Benzin,Fossil,Personbil
Hyundai Inster,131,2025,M05,1061.0,Hyundai,Hyundai Motor Group,Sydkorea,Benzin,Fossil,Personbil
BMW X3,8,2025,M05,1141.0,BMW,BMW Group,Tyskland,Benzin,Fossil,SUV/Crossover
Opel Grandland,55,2025,M05,1072.0,Opel,Stellantis,Europæisk (Multinational),Benzin,Fossil,SUV/Crossover
BYD Dolphin Surf,12,2025,M05,1095.0,BYD,BYD Auto,Kina,Benzin,Fossil,Personbil
Nissan Ariya,114,2025,M05,1070.0,Nissan,Nissan Motor Co.,Japan,Benzin,Fossil,Personbil
BMW iX2,33,2025,M05,1087.0,BMW,BMW Group,Tyskland,El,Nul-emission,SUV/Crossover
Mini Aceman,20,2025,M05,1079.0,Mini,BMW Group,Tyskland,El,Nul-emission,Personbil
Cupra Terramar,275,2025,M05,1044.0,Cupra,Volkswagen Group,Tyskland,Benzin,Fossil,Personbil
Ford Puma,62,2025,M05,1054.0,Ford,Ford Motor Company,USA,Benzin,Fossil,Personbil
BMW 1'er,25,2025,M05,1067.0,BMW,BMW Group,Tyskland,Benzin,Fossil,Personbil
Polestar 2,81,2025,M05,1097.0,Polestar,Geely (Lynk & Co),Kina,El,Nul-emission,Personbil
BYD Atto 2,3,2025,M05,1106.0,BYD,BYD Auto,Kina,Benzin,Fossil,Personbil
Mini 3-dørs,33,2025,M05,1083.0,Mini,BMW Group,Tyskland,Benzin,Fossil,Personbil
Citroen C3,127,2025,M05,1012.0,Citroen,Stellantis,Europæisk (Multinational),Benzin,Fossil,Personbil
Dacia Sandero,26,2025,M05,1231.0,Dacia,Renault Group,Frankrig,Benzin,Fossil,Personbil
BMW iX3,4,2025,M05,1224.0,BMW,BMW Group,Tyskland,El,Nul-emission,SUV/Crossover
BYD Tang,10,2025,M05,1126.0,BYD,BYD Auto,Kina,Benzin,Fossil,Personbil
Kia EV9,11,2025,M05,1058.0,Kia,Hyundai Motor Group,Sydkorea,Benzin,Fossil,Personbil
BYD Dolphin,24,2025,M05,1187.0,BYD,BYD Auto,Kina,Benzin,Fossil,Personbil
BYD Seal,27,2025,M05,1107.0,BYD,BYD Auto,Kina,Benzin,Fossil,Personbil
Lexus RZ,9,2025,M05,1075.0,Lexus,Toyota Motor Corporation,Japan,Benzin,Fossil,Personbil
BMW iX,25,2025,M05,1089.0,BMW,BMW Group,Tyskland,El,Nul-emission,Personbil
Subaru Solterra,11,2025,M05,1113.0,Subaru,Subaru Corporation,Japan,Benzin,Fossil,Personbil
Toyota Corolla Cross,212,2025,M05,1124.0,Toyota,Toyota Motor Corporation,Japan,Benzin,Fossil,SUV/Crossover
Mercedes-Benz EQB,267,2025,M05,1027.0,Mercedes-Benz,Mercedes-Benz Group,Tyskland,El,Nul-emission,Personbil
Ford Transit,3,2025,M05,1091.0,Ford,Ford Motor Company,USA,Benzin,Fossil,Varebil/MPV
Kia EV3,407,2025,M05,1033.0,Kia,Hyundai Motor Group,Sydkorea,Benzin,Fossil,Personbil
Porsche Macan,57,2025,M05,1119.0,Porsche,Volkswagen Group,Tyskland,Benzin,Fossil,SUV/Crossover
Renault Clio,66,2025,M05,1111.0,Renault,Renault Group,Frankrig,Benzin,Fossil,Personbil
Skoda Kamiq,81,2025,M05,1112.0,Skoda,Volkswagen Group,Tyskland,Benzin,Fossil,SUV/Crossover
Volvo EC40,20,2025,M05,1093.0,Volvo,Geely (Lynk & Co),Kina,Benzin,Fossil,Personbil
Volvo EX90,36,2025,M05,1081.0,Volvo,Geely (Lynk & Co),Kina,Benzin,Fossil,Personbil
Audi A5,441,2025,M05,1115.0,Audi,Volkswagen Group,Tyskland,Benzin,Fossil,Personbil
Honda e:Ny1,10,2025,M05,1086.0,Honda,Honda Motor Co.,Japan,El,Nul-emission,Personbil
Dacia Duster,32,2025,M05,1229.0,Dacia,Renault Group,Frankrig,Benzin,Fossil,Personbil
Mini Countryman,28,2025,M05,1102.0,Mini,BMW Group,Tyskland,Benzin,Fossil,Personbil
Mercedes-Benz Sprinter,38,2025,M05,1134.0,Mercedes-Benz,Mercedes-Benz Group,Tyskland,Benzin,Fossil,Varebil/MPV
Mercedes-Benz E-Klasse,28,2025,M05,1128.0,Mercedes-Benz,Mercedes-Benz Group,Tyskland,Benzin,Fossil,Personbil
Volkswagen Polo,68,2025,M05,1140.0,Volkswagen,Volkswagen Group,Tyskland,Benzin,Fossil,Personbil
Zeekr X,1,2025,M05,1114.0,Zeekr,Geely (Lynk & Co),Kina,El,Nul-emission,Personbil
BMW 4'er,76,2025,M05,1185.0,BMW,BMW Group,Tyskland,Benzin,Fossil,Personbil
Kia Niro,13,2025,M05,1244.0,Kia,Hyundai Motor Group,Sydkorea,Benzin,Fossil,Personbil
Skoda Scala,23,2025,M05,1130.0,Skoda,Volkswagen Group,Tyskland,Benzin,Fossil,Personbil
Suzuki SX4,50,2025,M05,1131.0,Suzuki,Suzuki Motor Corporation,Japan,Benzin,Fossil,SUV/Crossover
Ford Mustang Mach-E,45,2025,M05,1147.0,Ford,Ford Motor Company,USA,Benzin,Fossil,Personbil
Skoda Fabia,31,2025,M05,1211.0,Skoda,Volkswagen Group,Tyskland,Benzin,Fossil,Personbil
Dacia Jogger,12,2025,M05,1230.0,Dacia,Renault Group,Frankrig,Benzin,Fossil,Personbil
KGM Torres EVX,1,2025,M05,1108.0,KGM,KG Mobility (tidl. SsangYong),Sydkorea,El,Nul-emission,SUV/Crossover
Skoda Superb,5,2025,M05,1139.0,Skoda,Volkswagen Group,Tyskland,Benzin,Fossil,Personbil
Mercedes-Benz EQE SUV,44,2025,M05,1110.0,Mercedes-Benz,Mercedes-Benz Group,Tyskland,El,Nul-emission,SUV/Crossover
Mercedes-Benz GLE,7,2025,M05,1144.0,Mercedes-Benz,Mercedes-Benz Group,Tyskland,Benzin,Fossil,Personbil
Volvo V90,2,2025,M05,1220.0,Volvo,Geely (Lynk & Co),Kina,Benzin,Fossil,Personbil
Honda CR-V,18,2025,M05,1127.0,Honda,Honda Motor Co.,Japan,Hybrid,Lav-emission,Personbil
Land Rover Range Rover Sport,12,2025,M05,1196.0,Land Rover,Jaguar Land Rover (Tata Motors),Indien,Benzin,Fossil,SUV/Crossover
Mercedes-Benz G-Klasse,4,2025,M05,1170.0,Mercedes-Benz,Mercedes-Benz Group,Tyskland,Benzin,Fossil,Personbil
Porsche 911,10,2025,M05,1264.0,Porsche,Volkswagen Group,Tyskland,Benzin,Fossil,Personbil
Volkswagen T-Cross,4,2025,M05,1181.0,Volkswagen,Volkswagen Group,Tyskland,Benzin,Fossil,SUV/Crossover
Ford Kuga,33,2025,M05,1060.0,Ford,Ford Motor Company,USA,Hybrid,Lav-emission,Personbil
Mercedes-Benz CLE,6,2025,M05,1257.0,Mercedes-Benz,Mercedes-Benz Group,Tyskland,Benzin,Fossil,Personbil
Mercedes-Benz Vito Tourer,13,2025,M05,1092.0,Mercedes-Benz,Mercedes-Benz Group,Tyskland,Benzin,Fossil,Varebil/MPV
Mercedes-Benz EQV,11,2025,M05,1155.0,Mercedes-Benz,Mercedes-Benz Group,Tyskland,El,Nul-emission,Personbil
Mercedes-Benz V-Klasse,5,2025,M05,1171.0,Mercedes-Benz,Mercedes-Benz Group,Tyskland,Benzin,Fossil,Personbil
Citroen Berlingo,2,2025,M05,1117.0,Citroen,Stellantis,Europæisk (Multinational),Benzin,Fossil,Varebil/MPV
Honda Civic,5,2025,M05,1163.0,Honda,Honda Motor Co.,Japan,Hybrid,Lav-emission,Personbil
Mazda 2,88,2025,M05,1153.0,Mazda,Mazda Motor Corporation,Japan,Benzin,Fossil,Personbil
Toyota Proace Verso,32,2025,M05,1135.0,Toyota,Toyota Motor Corporation,Japan,Benzin,Fossil,Varebil/MPV
Honda Jazz,4,2025,M05,1150.0,Honda,Honda Motor Co.,Japan,Benzin,Fossil,Personbil
Hongqi EHS7,13,2025,M05,1138.0,Hongqi,FAW (Hongqi),Kina,El,Nul-emission,Personbil
Skoda Octavia,32,2025,M05,1157.0,Skoda,Volkswagen Group,Tyskland,Benzin,Fossil,Personbil
Toyota Land Cruiser,1,2025,M05,1272.0,Toyota,Toyota Motor Corporation,Japan,Benzin,Fossil,SUV/Crossover
Volkswagen Tiguan,65,2025,M05,1145.0,Volkswagen,Volkswagen Group,Tyskland,Benzin,Fossil,SUV/Crossover
Hyundai Bayon,41,2025,M05,1151.0,Hyundai,Hyundai Motor Group,Sydkorea,Benzin,Fossil,Personbil
JAC E30X,6,2025,M05,1195.0,JAC,JAC Motors,Kina,Benzin,Fossil,Personbil
Maserati Grecale,2,2025,M05,1152.0,Maserati,Stellantis,Europæisk (Multinational),Benzin,Fossil,Personbil
MG HS,13,2025,M05,1109.0,MG,SAIC Motor (MG),Kina,Benzin,Fossil,Personbil
Nissan Juke,17,2025,M05,1103.0,Nissan,Nissan Motor Co.,Japan,Benzin,Fossil,SUV/Crossover
Renault Trafic,4,2025,M05,1176.0,Renault,Renault Group,Frankrig,Benzin,Fossil,Varebil/MPV
BMW i7,18,2025,M05,1146.0,BMW,BMW Group,Tyskland,El,Nul-emission,Personbil
BMW i7,18,2025,M05,,BMW,BMW Group,Tyskland,El,Nul-emission,Personbil
Honda HR-V,3,2025,M05,1149.0,Honda,Honda Motor Co.,Japan,Benzin,Fossil,Personbil
Honda ZR-V,6,2025,M05,1193.0,Honda,Honda Motor Co.,Japan,Benzin,Fossil,Personbil
MG Cyberster,26,2025,M05,1173.0,MG,SAIC Motor (MG),Kina,Benzin,Fossil,Personbil
Polestar 3,12,2025,M05,1263.0,Polestar,Geely (Lynk & Co),Kina,El,Nul-emission,Personbil
Skoda Karoq,17,2025,M05,1094.0,Skoda,Volkswagen Group,Tyskland,Benzin,Fossil,SUV/Crossover
Volkswagen Caddy,7,2025,M05,1216.0,Volkswagen,Volkswagen Group,Tyskland,Benzin,Fossil,Varebil/MPV
Volkswagen Caravelle,22,2025,M05,1217.0,Volkswagen,Volkswagen Group,Tyskland,Benzin,Fossil,Varebil/MPV
Yunlong JJ2000DBP,2,2025,M05,1277.0,Yunlong,MG,Kina,Benzin,Fossil,Personbil
BMW X5,10,2025,M05,1186.0,BMW,BMW Group,Tyskland,Benzin,Fossil,SUV/Crossover
Ford Mustang,1,2025,M05,1378.0,Ford,Ford Motor Company,USA,Benzin,Fossil,Personbil
Ford Transit Custom,20,2025,M05,1192.0,Ford,Ford Motor Company,USA,Benzin,Fossil,Varebil/MPV
Lotus Eletre,1,2025,M05,1254.0,Lotus,Geely (Lynk & Co),Kina,Benzin,Fossil,Personbil
MAN TGE,1,2025,M05,1197.0,MAN,TRATON (Volkswagen Group),Tyskland,Benzin,Fossil,Varebil/MPV
Mazda 3,10,2025,M05,1154.0,Mazda,Mazda Motor Corporation,Japan,Benzin,Fossil,Personbil
Mazda CX-80,9,2025,M05,1168.0,Mazda,Mazda Motor Corporation,Japan,Benzin,Fossil,SUV/Crossover
Mercedes-Benz AMG GT,2,2025,M05,1312.0,Mercedes-Benz,Mercedes-Benz Group,Tyskland,Benzin,Fossil,Personbil
Mercedes-Benz S-Klasse,1,2025,M05,1201.0,Mercedes-Benz,Mercedes-Benz Group,Tyskland,Benzin,Fossil,Personbil
Opel Mokka,1,2025,M05,1261.0,Opel,Stellantis,Europæisk (Multinational),Benzin,Fossil,Personbil
Peugeot 308,7,2025,M05,1206.0,Peugeot,Stellantis,Europæisk (Multinational),Benzin,Fossil,Personbil
Volkswagen Crafter,4,2025,M05,1218.0,Volkswagen,Volkswagen Group,Tyskland,Benzin,Fossil,Varebil/MPV
Volkswagen Multivan,32,2025,M05,1274.0,Volkswagen,Volkswagen Group,Tyskland,Benzin,Fossil,Varebil/MPV
Access SP450,1,2025,M05,,Access,Access Motor,Taiwan,Benzin,Fossil,ATV/UTV/Andet
Agile SCX,1,2025,M05,,Agile,Agile Automotive ApS,Danmark,Benzin,Fossil,Personbil
Alfa Romeo Junior,13,2025,M05,1221.0,Alfa Romeo,Stellantis,Europæisk (Multinational),Benzin,Fossil,SUV/Crossover
Audi Q7,1,2025,M05,1293.0,Audi,Volkswagen Group,Tyskland,Benzin,Fossil,SUV/Crossover
Audi Q8,1,2025,M05,1281.0,Audi,Volkswagen Group,Tyskland,Benzin,Fossil,SUV/Crossover
Audi Q8 e-tron,1,2025,M05,1357.0,Audi,Volkswagen Group,Tyskland,El,Nul-emission,SUV/Crossover
Bentley Continental,1,2025,M05,1352.0,Bentley,Volkswagen Group,Tyskland,Benzin,Fossil,Personbil
BMW X4,3,2025,M05,1296.0,BMW,BMW Group,Tyskland,Benzin,Fossil,SUV/Crossover
BMW X7,1,2025,M05,1297.0,BMW,BMW Group,Tyskland,Benzin,Fossil,SUV/Crossover
BYD Atto 3,11,2025,M05,1161.0,BYD,BYD Auto,Kina,Benzin,Fossil,Personbil
Citroen e-SpaceTourer,1,2025,M05,1228.0,Citroen,Stellantis,Europæisk (Multinational),Benzin,Fossil,Personbil
Dodge Challenger,1,2025,M05,,Dodge,Stellantis,Europæisk (Multinational),Benzin,Fossil,Personbil
Eagle,1,2025,M05,1301.0,Eagle,"Eagle Golf Cars, LLC",USA,El,Nul-emission,Personbil
Eagle Golf Car,1,2025,M05,1188.0,Eagle,"Eagle Golf Cars, LLC",USA,EL,Nul-emission,ATV/UTV/Andet
Ford Focus,8,2025,M05,1162.0,Ford,Ford Motor Company,USA,Benzin,Fossil,Personbil
Ford Tourneo Connect,1,2025,M05,1234.0,Ford,Ford Motor Company,USA,Benzin,Fossil,Varebil/MPV
Goes Terrox 500,1,2025,M05,,Goes,Goes,Ukendt,Benzin,Fossil,Personbil
Harley Davidson FLRT,1,2025,M05,1403.0,Harley Davidson,Harley Davidson,USA,Benzin,Fossil,ATV/UTV/Andet
HDK Turfmann 700,48,2025,M05,1379.0,HDK,HDK Automotive,Kina,El,Nul-emission,ATV/UTV/Andet
Hisun HS5DUTV-2,3,2025,M05,1148.0,Hisun,"Chongqing Huansong Industrial (Group) Co., Ltd.",Kina,Benzin,Fossil,ATV/UTV/Andet
Hongqi E-HS9,1,2025,M05,1236.0,Hongqi,FAW (Hongqi),Kina,El,Nul-emission,Personbil
Hongqi EH7,2,2025,M05,1194.0,Hongqi,FAW (Hongqi),Kina,El,Nul-emission,Personbil
Hyundai I10,13,2025,M05,1237.0,Hyundai,Hyundai Motor Group,Sydkorea,Benzin,Fossil,Personbil
Hyundai I20,36,2025,M05,1238.0,Hyundai,Hyundai Motor Group,Sydkorea,Benzin,Fossil,Personbil
Hyundai I30,18,2025,M05,1239.0,Hyundai,Hyundai Motor Group,Sydkorea,Benzin,Fossil,Personbil
Hyundai Santa Fe,2,2025,M05,1240.0,Hyundai,Hyundai Motor Group,Sydkorea,Benzin,Fossil,SUV/Crossover
Hyundai Tucson,55,2025,M05,1241.0,Hyundai,Hyundai Motor Group,Sydkorea,Benzin,Fossil,SUV/Crossover
Jeep Avenger,2,2025,M05,1242.0,Jeep,Stellantis,Europæisk (Multinational),Benzin,Fossil,SUV/Crossover
Kia Ceed,11,2025,M05,1243.0,Kia,Hyundai Motor Group,Sydkorea,Benzin,Fossil,Personbil
Kia Picanto,8,2025,M05,1245.0,Kia,Hyundai Motor Group,Sydkorea,Benzin,Fossil,Personbil
Kia Sportage,1,2025,M05,1247.0,Kia,Hyundai Motor Group,Sydkorea,Benzin,Fossil,SUV/Crossover
Kia Stonic,4,2025,M05,1248.0,Kia,Hyundai Motor Group,Sydkorea,Benzin,Fossil,Personbil
Kia XCeed,1,2025,M05,1249.0,Kia,Hyundai Motor Group,Sydkorea,Benzin,Fossil,Personbil
Lamborghini Revuelto,1,2025,M05,,Lamborghini,Volkswagen Group,Tyskland,Benzin,Fossil,Personbil
Lamborghini Urus,2,2025,M05,1394.0,Lamborghini,Volkswagen Group,Tyskland,Benzin,Fossil,SUV/Crossover
Land Rover Range Rover,1,2025,M05,1283.0,Land Rover,Jaguar Land Rover (Tata Motors),Indien,Benzin,Fossil,SUV/Crossover
Lexus LBX,34,2025,M05,1165.0,Lexus,Toyota Motor Corporation,Japan,Benzin,Fossil,Personbil
Lexus NX,12,2025,M05,1252.0,Lexus,Toyota Motor Corporation,Japan,Hybrid,Lav-emission,Personbil
Loncin XWolf 700L,1,2025,M05,,Loncin,Loncin,Ukendt,Benzin,Fossil,ATV/UTV/Andet
Maserati GranCabrio,1,2025,M05,1431.0,Maserati,Stellantis,Europæisk (Multinational),Benzin,Fossil,Personbil
Maxus e-Deliver 9,2,2025,M05,1166.0,Maxus,SAIC Motor (Maxus),Kina,Benzin,Fossil,Varebil/MPV
Mazda CX-60,2,2025,M05,1255.0,Mazda,Mazda Motor Corporation,Japan,Benzin,Fossil,SUV/Crossover
Mazda MX-30,16,2025,M05,1199.0,Mazda,Mazda Motor Corporation,Japan,Benzin,Fossil,Personbil
Mercedes-Benz B-Klasse,2,2025,M05,1256.0,Mercedes-Benz,Mercedes-Benz Group,Tyskland,Benzin,Fossil,Personbil
Mercedes-Benz EQS,2,2025,M05,1169.0,Mercedes-Benz,Mercedes-Benz Group,Tyskland,El,Nul-emission,Personbil
Mercedes-Benz SL,1,2025,M05,1315.0,Mercedes-Benz,Mercedes-Benz Group,Tyskland,Benzin,Fossil,Personbil
Mini Cabriolet,11,2025,M05,1370.0,Mini,BMW Group,Tyskland,Benzin,Fossil,Personbil
Nissan Leaf,1,2025,M05,1318.0,Nissan,Nissan Motor Co.,Japan,Benzin,Fossil,Personbil
Nissan X-Trail,1,2025,M05,1204.0,Nissan,Nissan Motor Co.,Japan,Hybrid,Lav-emission,Personbil
Opel Astra,2,2025,M05,1258.0,Opel,Stellantis,Europæisk (Multinational),Benzin,Fossil,Personbil
Opel Zafira,1,2025,M05,1205.0,Opel,Stellantis,Europæisk (Multinational),Benzin,Fossil,Varebil/MPV
Paxster 23,1,2025,M05,,Paxster,Paxster,Ukendt,Benzin,Fossil,Personbil
Polaris Ranger,2,2025,M05,1404.0,Polaris,Polaris,USA,Benzin,Fossil,ATV/UTV/Andet
Porsche 718 Spyder RS,1,2025,M05,1322.0,Porsche,Volkswagen Group,Tyskland,Benzin,Fossil,ATV/UTV/Andet
Porsche Cayenne,2,2025,M05,1208.0,Porsche,Volkswagen Group,Tyskland,Benzin,Fossil,SUV/Crossover
Porsche Cayman,3,2025,M05,1323.0,Porsche,Volkswagen Group,Tyskland,Benzin,Fossil,Personbil
Porsche Taycan,8,2025,M05,1175.0,Porsche,Volkswagen Group,Tyskland,El,Nul-emission,Personbil
Powerland Tachyon,1,2025,M05,1209.0,Powerland,Powerland,Ukendt,Benzin,Fossil,Personbil
Renault Zoe,2,2025,M05,1387.0,Renault,Renault Group,Frankrig,Benzin,Fossil,Personbil
Skoda Kodiaq iV,2,2025,M05,1267.0,Skoda,Volkswagen Group,Tyskland,Hybrid,Lav-emission,SUV/Crossover
Skoda Superb iV,1,2025,M05,1289.0,Skoda,Volkswagen Group,Tyskland,Hybrid,Lav-emission,Personbil
Subaru Forester,1,2025,M05,1212.0,Subaru,Subaru Corporation,Japan,Benzin,Fossil,SUV/Crossover
Subaru Outback,2,2025,M05,1178.0,Subaru,Subaru Corporation,Japan,Benzin,Fossil,SUV/Crossover
Suzuki Ignis,44,2025,M05,1268.0,Suzuki,Suzuki Motor Corporation,Japan,Benzin,Fossil,Personbil
Suzuki S-Cross,1,2025,M05,1269.0,Suzuki,Suzuki Motor Corporation,Japan,Benzin,Fossil,SUV/Crossover
Toyota C-HR,45,2025,M05,1271.0,Toyota,Toyota Motor Corporation,Japan,Hybrid,Lav-emission,Personbil
Toyota Corolla,42,2025,M05,1180.0,Toyota,Toyota Motor Corporation,Japan,Hybrid,Lav-emission,Personbil
Toyota Proace City Verso,2,2025,M05,1327.0,Toyota,Toyota Motor Corporation,Japan,Benzin,Fossil,Varebil/MPV
Toyota RAV4,109,2025,M05,1273.0,Toyota,Toyota Motor Corporation,Japan,Hybrid,Lav-emission,SUV/Crossover
Vigorous T408-2,1,2025,M05,,Vigorous,Vigorous,Ukendt,Benzin,Fossil,Personbil
Volvo S90,1,2025,M05,1380.0,Volvo,Geely (Lynk & Co),Kina,Benzin,Fossil,Personbil
Volvo XC60,34,2025,M05,1275.0,Volvo,Geely (Lynk & Co),Kina,Benzin,Fossil,Personbil
Volvo XC90,2,2025,M05,1276.0,Volvo,Geely (Lynk & Co),Kina,Benzin,Fossil,Personbil
Xpeng P7,12,2025,M05,1279.0,Xpeng,XPeng,Kina,El,Nul-emission,Personbil
Skoda Elroq,3707,2026,M04,1001.0,Skoda,Volkswagen Group,Tyskland,El,Nul-emission,Personbil
Toyota bZ4X,3675,2026,M04,1000.0,Toyota,Toyota Motor Corporation,Japan,El,Nul-emission,Personbil
Volkswagen ID.4,2347,2026,M04,1005.0,Volkswagen,Volkswagen Group,Tyskland,El,Nul-emission,Personbil
Skoda Enyaq iV,2293,2026,M04,1006.0,Skoda,Volkswagen Group,Tyskland,El,Nul-emission,Personbil
Tesla Model Y,1957,2026,M04,1002.0,Tesla,"Tesla, Inc.",USA,El,Nul-emission,Personbil
Audi Q4 e-tron,1866,2026,M04,1003.0,Audi,Volkswagen Group,Tyskland,El,Nul-emission,SUV/Crossover
Xpeng G6,1190,2026,M04,1015.0,Xpeng,XPeng,Kina,El,Nul-emission,Personbil
Toyota Urban Cruiser,1184,2026,M04,1004.0,Toyota,Toyota Motor Corporation,Japan,Benzin,Fossil,Personbil
Renault R5,1085,2026,M04,1008.0,Renault,Renault Group,Frankrig,Benzin,Fossil,Personbil
Volkswagen ID. Buzz,1010,2026,M04,1010.0,Volkswagen,Volkswagen Group,Tyskland,El,Nul-emission,Personbil
Cupra Tavascan,996,2026,M04,1065.0,Cupra,Volkswagen Group,Tyskland,Benzin,Fossil,Personbil
Mercedes-Benz EQA,988,2026,M04,1026.0,Mercedes-Benz,Mercedes-Benz Group,Tyskland,El,Nul-emission,Personbil
Volkswagen ID.7,978,2026,M04,1017.0,Volkswagen,Volkswagen Group,Tyskland,El,Nul-emission,Personbil
Volkswagen ID.3,974,2026,M04,1011.0,Volkswagen,Volkswagen Group,Tyskland,El,Nul-emission,Personbil
Toyota C-HR+,964,2026,M04,,Toyota,Toyota Motor Corporation,Japan,El,Nul-emission,SUV/Crossover
BMW X1,932,2026,M04,1013.0,BMW,BMW Group,Tyskland,Benzin,Fossil,SUV/Crossover
Nissan Qashqai,922,2026,M04,1035.0,Nissan,Nissan Motor Co.,Japan,Benzin,Fossil,SUV/Crossover
Mercedes-Benz CLA,909,2026,M04,1022.0,Mercedes-Benz,Mercedes-Benz Group,Tyskland,Benzin,Fossil,Personbil
BMW iX1,894,2026,M04,1009.0,BMW,BMW Group,Tyskland,El,Nul-emission,SUV/Crossover
Renault Scenic,856,2026,M04,1021.0,Renault,Renault Group,Frankrig,Benzin,Fossil,Personbil
Cupra Born,827,2026,M04,1007.0,Cupra,Volkswagen Group,Tyskland,El,Nul-emission,Personbil
Volvo EX40,818,2026,M04,1018.0,Volvo,Geely (Lynk & Co),Kina,Benzin,Fossil,SUV/Crossover
Tesla Model 3,725,2026,M04,1179.0,Tesla,"Tesla, Inc.",USA,El,Nul-emission,Personbil
Zeekr 7X,627,2026,M04,1028.0,Zeekr,Geely (Lynk & Co),Kina,El,Nul-emission,Personbil
Citroen C3 Aircross,625,2026,M04,1014.0,Citroen,Stellantis,Europæisk (Multinational),Benzin,Fossil,SUV/Crossover
Peugeot 208,619,2026,M04,1024.0,Peugeot,Stellantis,Europæisk (Multinational),Benzin,Fossil,Personbil
Ford Explorer,616,2026,M04,1023.0,Ford,Ford Motor Company,USA,Benzin,Fossil,Personbil
Suzuki Vitara,613,2026,M04,1029.0,Suzuki,Suzuki Motor Corporation,Japan,Benzin,Fossil,SUV/Crossover
Polestar 4,598,2026,M04,1048.0,Polestar,Geely (Lynk & Co),Kina,El,Nul-emission,Personbil
Mazda 6e,591,2026,M04,1019.0,Mazda,Mazda Motor Corporation,Japan,Benzin,Fossil,Personbil
Citroen C3,550,2026,M04,1012.0,Citroen,Stellantis,Europæisk (Multinational),Benzin,Fossil,Personbil
Cupra Formentor,527,2026,M04,1062.0,Cupra,Volkswagen Group,Tyskland,Benzin,Fossil,Personbil
BMW 5'er,516,2026,M04,1063.0,BMW,BMW Group,Tyskland,Benzin,Fossil,Personbil
Renault R4,497,2026,M04,1016.0,Renault,Renault Group,Frankrig,Benzin,Fossil,Personbil
Mercedes-Benz EQB,495,2026,M04,1027.0,Mercedes-Benz,Mercedes-Benz Group,Tyskland,El,Nul-emission,Personbil
Peugeot 2008,493,2026,M04,1030.0,Peugeot,Stellantis,Europæisk (Multinational),Benzin,Fossil,Personbil
Kia PV5,491,2026,M04,1066.0,Kia,Hyundai Motor Group,Sydkorea,Benzin,Fossil,Personbil
Citroen C5 Aircross,488,2026,M04,1032.0,Citroen,Stellantis,Europæisk (Multinational),Benzin,Fossil,SUV/Crossover
Toyota Yaris Cross,467,2026,M04,1020.0,Toyota,Toyota Motor Corporation,Japan,Benzin,Fossil,SUV/Crossover
Kia EV3,454,2026,M04,1033.0,Kia,Hyundai Motor Group,Sydkorea,Benzin,Fossil,Personbil
BMW 3'er,444,2026,M04,1051.0,BMW,BMW Group,Tyskland,Benzin,Fossil,Personbil
Renault Megane E-Tech,443,2026,M04,1041.0,Renault,Renault Group,Frankrig,El,Nul-emission,Personbil
Audi A6 e-tron,438,2026,M04,1038.0,Audi,Volkswagen Group,Tyskland,El,Nul-emission,Personbil
Skoda Kodiaq,431,2026,M04,1047.0,Skoda,Volkswagen Group,Tyskland,Benzin,Fossil,SUV/Crossover
Hyundai Kona,413,2026,M04,1043.0,Hyundai,Hyundai Motor Group,Sydkorea,Benzin,Fossil,SUV/Crossover
MG ZS,399,2026,M04,1040.0,MG,SAIC Motor (MG),Kina,Benzin,Fossil,Personbil
Suzuki Swift,398,2026,M04,1034.0,Suzuki,Suzuki Motor Corporation,Japan,Benzin,Fossil,Personbil
Peugeot 5008,398,2026,M04,1039.0,Peugeot,Stellantis,Europæisk (Multinational),Benzin,Fossil,Personbil
Leapmotor B10,389,2026,M04,1031.0,Leapmotor,Leapmotor,Kina,El,Nul-emission,Personbil
BMW i4,387,2026,M04,1045.0,BMW,BMW Group,Tyskland,El,Nul-emission,Personbil
MG 4,378,2026,M04,1037.0,MG,SAIC Motor (MG),Kina,Benzin,Fossil,Personbil
Nissan Micra,368,2026,M04,1055.0,Nissan,Nissan Motor Co.,Japan,Benzin,Fossil,Personbil
Hyundai Ioniq 5,363,2026,M04,1050.0,Hyundai,Hyundai Motor Group,Sydkorea,El,Nul-emission,Personbil
Mercedes-Benz GLC,362,2026,M04,1076.0,Mercedes-Benz,Mercedes-Benz Group,Tyskland,Benzin,Fossil,Personbil
Volvo EX30,336,2026,M04,1056.0,Volvo,Geely (Lynk & Co),Kina,Benzin,Fossil,SUV/Crossover
Audi Q2,328,2026,M04,1071.0,Audi,Volkswagen Group,Tyskland,Benzin,Fossil,SUV/Crossover
Audi Q6 e-tron,322,2026,M04,1160.0,Audi,Volkswagen Group,Tyskland,El,Nul-emission,SUV/Crossover
Opel Frontera,303,2026,M04,1077.0,Opel,Stellantis,Europæisk (Multinational),Benzin,Fossil,SUV/Crossover
Peugeot 3008,292,2026,M04,1036.0,Peugeot,Stellantis,Europæisk (Multinational),Benzin,Fossil,Personbil
Hyundai Inster,283,2026,M04,1061.0,Hyundai,Hyundai Motor Group,Sydkorea,Benzin,Fossil,Personbil
Toyota Aygo X,280,2026,M04,1042.0,Toyota,Toyota Motor Corporation,Japan,Benzin,Fossil,Personbil
BMW i5,277,2026,M04,1049.0,BMW,BMW Group,Tyskland,El,Nul-emission,Personbil
Volkswagen ID.5,257,2026,M04,1053.0,Volkswagen,Volkswagen Group,Tyskland,El,Nul-emission,Personbil
Mercedes-Benz GLB,247,2026,M04,1088.0,Mercedes-Benz,Mercedes-Benz Group,Tyskland,Benzin,Fossil,Personbil
Cupra Leon,238,2026,M04,1100.0,Cupra,Volkswagen Group,Tyskland,Benzin,Fossil,Personbil
Kia EV4,227,2026,M04,1059.0,Kia,Hyundai Motor Group,Sydkorea,Benzin,Fossil,Personbil
Kia EV6,226,2026,M04,1069.0,Kia,Hyundai Motor Group,Sydkorea,Benzin,Fossil,Personbil
MG S5,213,2026,M04,1046.0,MG,SAIC Motor (MG),Kina,Benzin,Fossil,Personbil
Mercedes-Benz EQE,213,2026,M04,1074.0,Mercedes-Benz,Mercedes-Benz Group,Tyskland,El,Nul-emission,Personbil
Xpeng G9,211,2026,M04,1068.0,Xpeng,XPeng,Kina,El,Nul-emission,Personbil
MG S6 EV,209,2026,M04,1101.0,MG,SAIC Motor (MG),Kina,Benzin,Fossil,Personbil
Navor E5,207,2026,M04,1078.0,Navor,DFSK Motor,Kina,Benzin,Fossil,Personbil
Renault Austral,201,2026,M04,1025.0,Renault,Renault Group,Frankrig,Benzin,Fossil,Personbil
Ford Capri,200,2026,M04,1052.0,Ford,Ford Motor Company,USA,Benzin,Fossil,Personbil
Audi A3,198,2026,M04,1064.0,Audi,Volkswagen Group,Tyskland,Benzin,Fossil,Personbil
BYD Sealion 7,198,2026,M04,1096.0,BYD,BYD Auto,Kina,Benzin,Fossil,Personbil
Opel Grandland,185,2026,M04,1072.0,Opel,Stellantis,Europæisk (Multinational),Benzin,Fossil,SUV/Crossover
BMW 1'er,183,2026,M04,1067.0,BMW,BMW Group,Tyskland,Benzin,Fossil,Personbil
Toyota Yaris,181,2026,M04,1057.0,Toyota,Toyota Motor Corporation,Japan,Hybrid,Lav-emission,Personbil
Mercedes-Benz GLA,177,2026,M04,1090.0,Mercedes-Benz,Mercedes-Benz Group,Tyskland,Benzin,Fossil,Personbil
BYD Seal U,173,2026,M04,1104.0,BYD,BYD Auto,Kina,Benzin,Fossil,Personbil
Renault Clio,173,2026,M04,1111.0,Renault,Renault Group,Frankrig,Benzin,Fossil,Personbil
Ford Puma,168,2026,M04,1054.0,Ford,Ford Motor Company,USA,Benzin,Fossil,Personbil
Mazda CX-30,165,2026,M04,1084.0,Mazda,Mazda Motor Corporation,Japan,Benzin,Fossil,SUV/Crossover
Kia EV9,164,2026,M04,1058.0,Kia,Hyundai Motor Group,Sydkorea,Benzin,Fossil,Personbil
Audi Q5,162,2026,M04,1137.0,Audi,Volkswagen Group,Tyskland,Benzin,Fossil,SUV/Crossover
Mercedes-Benz A-Klasse,147,2026,M04,1123.0,Mercedes-Benz,Mercedes-Benz Group,Tyskland,Benzin,Fossil,Personbil
Volkswagen Passat,143,2026,M04,1125.0,Volkswagen,Volkswagen Group,Tyskland,Benzin,Fossil,Personbil
Mercedes-Benz C-Klasse,141,2026,M04,1098.0,Mercedes-Benz,Mercedes-Benz Group,Tyskland,Benzin,Fossil,Personbil
Cupra Terramar,138,2026,M04,1044.0,Cupra,Volkswagen Group,Tyskland,Benzin,Fossil,Personbil
BYD Atto 2,138,2026,M04,1106.0,BYD,BYD Auto,Kina,Benzin,Fossil,Personbil
Volvo EC40,133,2026,M04,1093.0,Volvo,Geely (Lynk & Co),Kina,Benzin,Fossil,Personbil
Audi Q3,133,2026,M04,1099.0,Audi,Volkswagen Group,Tyskland,Benzin,Fossil,SUV/Crossover
Volkswagen T-Roc,128,2026,M04,1080.0,Volkswagen,Volkswagen Group,Tyskland,Benzin,Fossil,SUV/Crossover
BMW iX2,128,2026,M04,1087.0,BMW,BMW Group,Tyskland,El,Nul-emission,SUV/Crossover
Ford Tourneo Custom,124,2026,M04,1082.0,Ford,Ford Motor Company,USA,Benzin,Fossil,Varebil/MPV
Renault Symbioz,119,2026,M04,1085.0,Renault,Renault Group,Frankrig,Benzin,Fossil,Personbil
Nissan Ariya,118,2026,M04,1070.0,Nissan,Nissan Motor Co.,Japan,Benzin,Fossil,Personbil
BMW X3,118,2026,M04,1141.0,BMW,BMW Group,Tyskland,Benzin,Fossil,SUV/Crossover
Hyundai Ioniq 6,117,2026,M04,1133.0,Hyundai,Hyundai Motor Group,Sydkorea,El,Nul-emission,Personbil
Ford Transit,109,2026,M04,1091.0,Ford,Ford Motor Company,USA,Benzin,Fossil,Varebil/MPV
Dacia Duster,101,2026,M04,1229.0,Dacia,Renault Group,Frankrig,Benzin,Fossil,Personbil
Mini 3-dørs,98,2026,M04,1083.0,Mini,BMW Group,Tyskland,Benzin,Fossil,Personbil
BYD Dolphin Surf,98,2026,M04,1095.0,BYD,BYD Auto,Kina,Benzin,Fossil,Personbil
Mercedes-Benz EQE SUV,98,2026,M04,1110.0,Mercedes-Benz,Mercedes-Benz Group,Tyskland,El,Nul-emission,SUV/Crossover
Volkswagen Tiguan,98,2026,M04,1145.0,Volkswagen,Volkswagen Group,Tyskland,Benzin,Fossil,SUV/Crossover
Volkswagen Touran,98,2026,M04,1182.0,Volkswagen,Volkswagen Group,Tyskland,Benzin,Fossil,Personbil
BMW iX,97,2026,M04,1089.0,BMW,BMW Group,Tyskland,El,Nul-emission,Personbil
Honda e:Ny1,94,2026,M04,1086.0,Honda,Honda Motor Co.,Japan,El,Nul-emission,Personbil
Audi A5,91,2026,M04,1115.0,Audi,Volkswagen Group,Tyskland,Benzin,Fossil,Personbil
Dacia Sandero,89,2026,M04,1231.0,Dacia,Renault Group,Frankrig,Benzin,Fossil,Personbil
BYD Seal,87,2026,M04,1107.0,BYD,BYD Auto,Kina,Benzin,Fossil,Personbil
Mini Aceman,85,2026,M04,1079.0,Mini,BMW Group,Tyskland,El,Nul-emission,Personbil
Ford Kuga,80,2026,M04,1060.0,Ford,Ford Motor Company,USA,Hybrid,Lav-emission,Personbil
Porsche Macan,80,2026,M04,1119.0,Porsche,Volkswagen Group,Tyskland,Benzin,Fossil,SUV/Crossover
Lexus RZ,77,2026,M04,1075.0,Lexus,Toyota Motor Corporation,Japan,Benzin,Fossil,Personbil
Mazda CX-5,76,2026,M04,1311.0,Mazda,Mazda Motor Corporation,Japan,Benzin,Fossil,SUV/Crossover
Skoda Kamiq,75,2026,M04,1112.0,Skoda,Volkswagen Group,Tyskland,Benzin,Fossil,SUV/Crossover
BYD Dolphin,75,2026,M04,1187.0,BYD,BYD Auto,Kina,Benzin,Fossil,Personbil
Jaecoo J5,74,2026,M04,1116.0,Jaecoo,Chery Group,Kina,Benzin,Fossil,Personbil
Subaru Solterra,72,2026,M04,1113.0,Subaru,Subaru Corporation,Japan,Benzin,Fossil,Personbil
Volvo EX90,70,2026,M04,1081.0,Volvo,Geely (Lynk & Co),Kina,Benzin,Fossil,Personbil
Skoda Karoq,70,2026,M04,1094.0,Skoda,Volkswagen Group,Tyskland,Benzin,Fossil,SUV/Crossover
Hyundai Ioniq 9,68,2026,M04,1118.0,Hyundai,Hyundai Motor Group,Sydkorea,El,Nul-emission,Personbil
Zeekr 001,67,2026,M04,1136.0,Zeekr,Geely (Lynk & Co),Kina,El,Nul-emission,Personbil
Omoda 5,66,2026,M04,1129.0,Omoda,Chery Group,Kina,Benzin,Fossil,Personbil
Mercedes-Benz Sprinter,66,2026,M04,1134.0,Mercedes-Benz,Mercedes-Benz Group,Tyskland,Benzin,Fossil,Varebil/MPV
BMW iX3,65,2026,M04,1224.0,BMW,BMW Group,Tyskland,El,Nul-emission,SUV/Crossover
Mercedes-Benz E-Klasse,64,2026,M04,1128.0,Mercedes-Benz,Mercedes-Benz Group,Tyskland,Benzin,Fossil,Personbil
Lexus LBX,63,2026,M04,1165.0,Lexus,Toyota Motor Corporation,Japan,Benzin,Fossil,Personbil
Toyota Corolla Cross,62,2026,M04,1124.0,Toyota,Toyota Motor Corporation,Japan,Benzin,Fossil,SUV/Crossover
Honda HR-V,61,2026,M04,1149.0,Honda,Honda Motor Co.,Japan,Benzin,Fossil,Personbil
Audi A6,61,2026,M04,1159.0,Audi,Volkswagen Group,Tyskland,Benzin,Fossil,Personbil
Seat Ibiza,60,2026,M04,1073.0,Seat,Volkswagen Group,Tyskland,Benzin,Fossil,Personbil
Skoda Octavia,59,2026,M04,1157.0,Skoda,Volkswagen Group,Tyskland,Benzin,Fossil,Personbil
Fiat Grande Panda,55,2026,M04,1122.0,Fiat,Stellantis,Europæisk (Multinational),Benzin,Fossil,Personbil
MG HS,54,2026,M04,1109.0,MG,SAIC Motor (MG),Kina,Benzin,Fossil,Personbil
Mini Countryman,53,2026,M04,1102.0,Mini,BMW Group,Tyskland,Benzin,Fossil,Personbil
BYD Tang,53,2026,M04,1126.0,BYD,BYD Auto,Kina,Benzin,Fossil,Personbil
Polestar 2,49,2026,M04,1097.0,Polestar,Geely (Lynk & Co),Kina,El,Nul-emission,Personbil
Nissan Juke,48,2026,M04,1103.0,Nissan,Nissan Motor Co.,Japan,Benzin,Fossil,SUV/Crossover
Suzuki SX4,47,2026,M04,1131.0,Suzuki,Suzuki Motor Corporation,Japan,Benzin,Fossil,SUV/Crossover
Deepal S05,45,2026,M04,,Deepal,Changan Automobile,Kina,El,Nul-emission,SUV/Crossover
Volvo ES90,40,2026,M04,1105.0,Volvo,Geely (Lynk & Co),Kina,Benzin,Fossil,Personbil
Dacia Jogger,40,2026,M04,1230.0,Dacia,Renault Group,Frankrig,Benzin,Fossil,Personbil
KGM Torres EVX,39,2026,M04,1108.0,KGM,KG Mobility (tidl. SsangYong),Sydkorea,El,Nul-emission,SUV/Crossover
Hyundai Bayon,39,2026,M04,1151.0,Hyundai,Hyundai Motor Group,Sydkorea,Benzin,Fossil,Personbil
Honda CR-V,37,2026,M04,1127.0,Honda,Honda Motor Co.,Japan,Hybrid,Lav-emission,Personbil
Skoda Scala,35,2026,M04,1130.0,Skoda,Volkswagen Group,Tyskland,Benzin,Fossil,Personbil
Mercedes-Benz CLE,35,2026,M04,1257.0,Mercedes-Benz,Mercedes-Benz Group,Tyskland,Benzin,Fossil,Personbil
Ford Mustang Mach-E,33,2026,M04,1147.0,Ford,Ford Motor Company,USA,Benzin,Fossil,Personbil
Mercedes-Benz EQV,31,2026,M04,1155.0,Mercedes-Benz,Mercedes-Benz Group,Tyskland,El,Nul-emission,Personbil
Skoda Superb,30,2026,M04,1139.0,Skoda,Volkswagen Group,Tyskland,Benzin,Fossil,Personbil
BMW 4'er,29,2026,M04,1185.0,BMW,BMW Group,Tyskland,Benzin,Fossil,Personbil
Dacia Bigster,28,2026,M04,1278.0,Dacia,Renault Group,Frankrig,Benzin,Fossil,Personbil
Renault Trafic,27,2026,M04,1176.0,Renault,Renault Group,Frankrig,Benzin,Fossil,Varebil/MPV
Seat Arona,27,2026,M04,1177.0,Seat,Volkswagen Group,Tyskland,Benzin,Fossil,Personbil
Mercedes-Benz Vito Tourer,26,2026,M04,1092.0,Mercedes-Benz,Mercedes-Benz Group,Tyskland,Benzin,Fossil,Varebil/MPV
Skyworth K,26,2026,M04,1121.0,Skyworth,Skyworth,Ukendt,El,Nul-emission,Personbil
Zeekr X,25,2026,M04,1114.0,Zeekr,Geely (Lynk & Co),Kina,El,Nul-emission,Personbil
Citroen Berlingo,25,2026,M04,1117.0,Citroen,Stellantis,Europæisk (Multinational),Benzin,Fossil,Varebil/MPV
Kia EV5,25,2026,M04,1164.0,Kia,Hyundai Motor Group,Sydkorea,Benzin,Fossil,Personbil
Mercedes-Benz V-Klasse,23,2026,M04,1171.0,Mercedes-Benz,Mercedes-Benz Group,Tyskland,Benzin,Fossil,Personbil
Opel Mokka,23,2026,M04,1261.0,Opel,Stellantis,Europæisk (Multinational),Benzin,Fossil,Personbil
Toyota Proace Verso,22,2026,M04,1135.0,Toyota,Toyota Motor Corporation,Japan,Benzin,Fossil,Varebil/MPV
BMW i7,21,2026,M04,1146.0,BMW,BMW Group,Tyskland,El,Nul-emission,Personbil
BMW i7,21,2026,M04,,BMW,BMW Group,Tyskland,El,Nul-emission,Personbil
MG Cyberster,21,2026,M04,1173.0,MG,SAIC Motor (MG),Kina,Benzin,Fossil,Personbil
Renault Captur,21,2026,M04,1266.0,Renault,Renault Group,Frankrig,Benzin,Fossil,Personbil
Mercedes-Benz GLE,20,2026,M04,1144.0,Mercedes-Benz,Mercedes-Benz Group,Tyskland,Benzin,Fossil,Personbil
Honda Civic,20,2026,M04,1163.0,Honda,Honda Motor Co.,Japan,Hybrid,Lav-emission,Personbil
Renault Master,19,2026,M04,1120.0,Renault,Renault Group,Frankrig,Benzin,Fossil,Varebil/MPV
Exlantix ET,18,2026,M04,1132.0,Exlantix,Chery Group,Kina,El,Nul-emission,Personbil
Hongqi EHS7,17,2026,M04,1138.0,Hongqi,FAW (Hongqi),Kina,El,Nul-emission,Personbil
Peugeot 308,15,2026,M04,1206.0,Peugeot,Stellantis,Europæisk (Multinational),Benzin,Fossil,Personbil
Skoda Fabia,15,2026,M04,1211.0,Skoda,Volkswagen Group,Tyskland,Benzin,Fossil,Personbil
Honda Jazz,14,2026,M04,1150.0,Honda,Honda Motor Co.,Japan,Benzin,Fossil,Personbil
Nissan X-Trail,13,2026,M04,1204.0,Nissan,Nissan Motor Co.,Japan,Hybrid,Lav-emission,Personbil
Volkswagen Polo,12,2026,M04,1140.0,Volkswagen,Volkswagen Group,Tyskland,Benzin,Fossil,Personbil
Mazda 3,12,2026,M04,1154.0,Mazda,Mazda Motor Corporation,Japan,Benzin,Fossil,Personbil
Porsche Taycan,12,2026,M04,1175.0,Porsche,Volkswagen Group,Tyskland,El,Nul-emission,Personbil
Land Rover Range Rover Sport,12,2026,M04,1196.0,Land Rover,Jaguar Land Rover (Tata Motors),Indien,Benzin,Fossil,SUV/Crossover
Toyota Proace,12,2026,M04,1215.0,Toyota,Toyota Motor Corporation,Japan,Benzin,Fossil,Varebil/MPV
Mazda MX-30,11,2026,M04,1199.0,Mazda,Mazda Motor Corporation,Japan,Benzin,Fossil,Personbil
Nio Firefly,11,2026,M04,1203.0,Nio,NIO,Kina,El,Nul-emission,Personbil
Volkswagen Caravelle,11,2026,M04,1217.0,Volkswagen,Volkswagen Group,Tyskland,Benzin,Fossil,Varebil/MPV
Volvo V90,11,2026,M04,1220.0,Volvo,Geely (Lynk & Co),Kina,Benzin,Fossil,Personbil
BYD Atto 3 Evo,11,2026,M04,,BYD,BYD Auto,Kina,El,Nul-emission,SUV/Crossover
Opel Vivaro,11,2026,M04,1416.0,Opel,Stellantis,Europæisk (Multinational),Benzin,Fossil,Varebil/MPV
Mazda 2,9,2026,M04,1153.0,Mazda,Mazda Motor Corporation,Japan,Benzin,Fossil,Personbil
Mercedes-Benz G-Klasse,9,2026,M04,1170.0,Mercedes-Benz,Mercedes-Benz Group,Tyskland,Benzin,Fossil,Personbil
Volkswagen T-Cross,9,2026,M04,1181.0,Volkswagen,Volkswagen Group,Tyskland,Benzin,Fossil,SUV/Crossover
Honda ZR-V,9,2026,M04,1193.0,Honda,Honda Motor Co.,Japan,Benzin,Fossil,Personbil
Porsche 911,9,2026,M04,1264.0,Porsche,Volkswagen Group,Tyskland,Benzin,Fossil,Personbil
Renault Twingo,9,2026,M04,,Renault,Renault Group,Frankrig,El,Nul-emission,Personbil
Exlantix ES,7,2026,M04,1142.0,Exlantix,Chery Group,Kina,El,Nul-emission,Personbil
Lynk & Co 02,7,2026,M04,1143.0,Lynk & Co,Geely (Lynk & Co),Kina,Benzin,Fossil,Personbil
Mazda CX-80,7,2026,M04,1168.0,Mazda,Mazda Motor Corporation,Japan,Benzin,Fossil,SUV/Crossover
Volkswagen Caddy,7,2026,M04,1216.0,Volkswagen,Volkswagen Group,Tyskland,Benzin,Fossil,Varebil/MPV
Hisun HS5DUTV-2,6,2026,M04,1148.0,Hisun,"Chongqing Huansong Industrial (Group) Co., Ltd.",Kina,Benzin,Fossil,ATV/UTV/Andet
Today Sunshine,6,2026,M04,1158.0,Today Sunshine,Today Sunshine,Ukendt,Benzin,Fossil,Personbil
Volkswagen Golf,6,2026,M04,1219.0,Volkswagen,Volkswagen Group,Tyskland,Benzin,Fossil,Personbil
Yunlong JJ2000DBP,6,2026,M04,1277.0,Yunlong,MG,Kina,Benzin,Fossil,Personbil
Mazda MX-5,6,2026,M04,1346.0,Mazda,Mazda Motor Corporation,Japan,Benzin,Fossil,Personbil
DS N°8,6,2026,M04,,DS,Stellantis,Europæisk (Multinational),El,Nul-emission,SUV/Crossover
Subaru Uncharted,6,2026,M04,,Subaru,Subaru Corporation,Japan,El,Nul-emission,SUV/Crossover
Maxus Euniq6,5,2026,M04,1167.0,Maxus,SAIC Motor (Maxus),Kina,Benzin,Fossil,SUV/Crossover
Porsche Cayenne,5,2026,M04,1208.0,Porsche,Volkswagen Group,Tyskland,Benzin,Fossil,SUV/Crossover
Toyota Proace City Verso,5,2026,M04,1327.0,Toyota,Toyota Motor Corporation,Japan,Benzin,Fossil,Varebil/MPV
Xpeng P7+,5,2026,M04,,Xpeng,XPeng,Kina,El,Nul-emission,Personbil
Maserati Grecale,4,2026,M04,1152.0,Maserati,Stellantis,Europæisk (Multinational),Benzin,Fossil,Personbil
Mercedes-Benz Vito,4,2026,M04,1156.0,Mercedes-Benz,Mercedes-Benz Group,Tyskland,Benzin,Fossil,Varebil/MPV
Microlino,4,2026,M04,1174.0,Microlino,Micro,Schweitz/Italien,El,Nul-emission,ATV/UTV/Andet
BMW X5,4,2026,M04,1186.0,BMW,BMW Group,Tyskland,Benzin,Fossil,SUV/Crossover
MAN TGE,4,2026,M04,1197.0,MAN,TRATON (Volkswagen Group),Tyskland,Benzin,Fossil,Varebil/MPV
Maxus Euniq5,4,2026,M04,1198.0,Maxus,SAIC Motor (Maxus),Kina,Benzin,Fossil,SUV/Crossover
Volkswagen Crafter,4,2026,M04,1218.0,Volkswagen,Volkswagen Group,Tyskland,Benzin,Fossil,Varebil/MPV
Volkswagen Multivan,4,2026,M04,1274.0,Volkswagen,Volkswagen Group,Tyskland,Benzin,Fossil,Varebil/MPV
BYD Atto 3,3,2026,M04,1161.0,BYD,BYD Auto,Kina,Benzin,Fossil,Personbil
Ford Focus,3,2026,M04,1162.0,Ford,Ford Motor Company,USA,Benzin,Fossil,Personbil
Mercedes-Benz EQS,3,2026,M04,1169.0,Mercedes-Benz,Mercedes-Benz Group,Tyskland,El,Nul-emission,Personbil
Subaru Outback,3,2026,M04,1178.0,Subaru,Subaru Corporation,Japan,Benzin,Fossil,SUV/Crossover
Toyota Corolla,3,2026,M04,1180.0,Toyota,Toyota Motor Corporation,Japan,Hybrid,Lav-emission,Personbil
Mercedes-Benz S-Klasse,3,2026,M04,1201.0,Mercedes-Benz,Mercedes-Benz Group,Tyskland,Benzin,Fossil,Personbil
Tesla Model X,3,2026,M04,1214.0,Tesla,"Tesla, Inc.",USA,El,Nul-emission,Personbil
Audi A8,3,2026,M04,1222.0,Audi,Volkswagen Group,Tyskland,Benzin,Fossil,Personbil
Fisker Ocean,3,2026,M04,1233.0,Fisker,Fisker Inc.,USA,El,Nul-emission,Personbil
Deepal S07,3,2026,M04,,Deepal,Changan Automobile,Kina,El,Nul-emission,SUV/Crossover
Mini Cabriolet,3,2026,M04,1370.0,Mini,BMW Group,Tyskland,Benzin,Fossil,Personbil
Fiat Topolino,3,2026,M04,,Fiat,Stellantis,Europæisk (Multinational),Benzin,Fossil,Personbil
Ford Mustang,3,2026,M04,1378.0,Ford,Ford Motor Company,USA,Benzin,Fossil,Personbil
Maxus e-Deliver 9,2,2026,M04,1166.0,Maxus,SAIC Motor (Maxus),Kina,Benzin,Fossil,Varebil/MPV
MG 3,2,2026,M04,1172.0,MG,SAIC Motor (MG),Kina,Benzin,Fossil,Personbil
Eagle Golf Car,2,2026,M04,1188.0,Eagle,"Eagle Golf Cars, LLC",USA,EL,Nul-emission,ATV/UTV/Andet
JAC E30X,2,2026,M04,1195.0,JAC,JAC Motors,Kina,Benzin,Fossil,Personbil
Nilsson Hearse,2,2026,M04,1202.0,Nilsson Hearse,Nilsson Hearse,Sverige,Benzin,Fossil,Varebil/MPV
Opel Zafira,2,2026,M04,1205.0,Opel,Stellantis,Europæisk (Multinational),Benzin,Fossil,Varebil/MPV
Tesla Model S,2,2026,M04,1213.0,Tesla,"Tesla, Inc.",USA,El,Nul-emission,Personbil
Kia Niro,2,2026,M04,1244.0,Kia,Hyundai Motor Group,Sydkorea,Benzin,Fossil,Personbil
Land Rover Defender,2,2026,M04,1250.0,Land Rover,Jaguar Land Rover (Tata Motors),Indien,Benzin,Fossil,SUV/Crossover
Polestar 3,2,2026,M04,1263.0,Polestar,Geely (Lynk & Co),Kina,El,Nul-emission,Personbil
Toyota Mirai,2,2026,M04,,Toyota,Toyota Motor Corporation,Japan,Brint,Nul-emission,Personbil
Garia Monaco 4,2,2026,M04,1338.0,Garia,Garia,Danmark,Benzin,Fossil,Personbil
Honda Prelude,2,2026,M04,,Honda,Honda Motor Company,Japan,Benzin,Fossil,Personbil
JAC e-JS4,2,2026,M04,1303.0,JAC,JAC Motors,Kina,Benzin,Fossil,Personbil
Peugeot Partner,2,2026,M04,,Peugeot,Stellantis,Europæisk (Multinational),Benzin,Fossil,Varebil/MPV
HDK NRG Car,2,2026,M04,1360.0,HDK,HDK Automotive,Kina,El,Nul-emission,ATV/UTV/Andet
Kia EV2,2,2026,M04,,Kia,Hyundai Motor Group,Sydkorea,El,Nul-emission,SUV/Crossover
Bentley Bentayga,1,2026,M04,1183.0,Bentley,Volkswagen Group,Tyskland,Benzin,Fossil,Personbil
Bentley Flying Spur,1,2026,M04,1184.0,Bentley,Volkswagen Group,Tyskland,Benzin,Fossil,Personbil
Evolution Classic 4,1,2026,M04,1189.0,Evolution Classic,Evolution Electric Vehicles,USA,El,Nul-emission,ATV/UTV/Andet
Ferrari Purosangue,1,2026,M04,1190.0,Ferrari,Ferrari,Italien,Benzin,Fossil,Personbil
Ford Allied,1,2026,M04,1191.0,Ford,Ford Motor Company,USA,Benzin,Fossil,Personbil
Ford Transit Custom,1,2026,M04,1192.0,Ford,Ford Motor Company,USA,Benzin,Fossil,Varebil/MPV
Hongqi EH7,1,2026,M04,1194.0,Hongqi,FAW (Hongqi),Kina,El,Nul-emission,Personbil
Mercedes-Benz EQS SUV,1,2026,M04,1200.0,Mercedes-Benz,Mercedes-Benz Group,Tyskland,El,Nul-emission,SUV/Crossover
Porsche 718 Boxster,1,2026,M04,1207.0,Porsche,Volkswagen Group,Tyskland,Benzin,Fossil,Personbil
Powerland Tachyon,1,2026,M04,1209.0,Powerland,Powerland,Ukendt,Benzin,Fossil,Personbil
Seat Leon,1,2026,M04,1210.0,Seat,Volkswagen Group,Tyskland,Benzin,Fossil,Personbil
Subaru Forester,1,2026,M04,1212.0,Subaru,Subaru Corporation,Japan,Benzin,Fossil,SUV/Crossover
BMW 2'er,1,2026,M04,1223.0,BMW,BMW Group,Tyskland,Benzin,Fossil,Personbil
Fiat 500,1,2026,M04,1232.0,Fiat,Stellantis,Europæisk (Multinational),Benzin,Fossil,Personbil
Land Rover Discovery Sport,1,2026,M04,1251.0,Land Rover,Jaguar Land Rover (Tata Motors),Indien,Benzin,Fossil,SUV/Crossover
Mazda CX-60,1,2026,M04,1255.0,Mazda,Mazda Motor Corporation,Japan,Benzin,Fossil,SUV/Crossover
Opel Corsa,1,2026,M04,1259.0,Opel,Stellantis,Europæisk (Multinational),Benzin,Fossil,Personbil
Skoda Kodiaq iV,1,2026,M04,1267.0,Skoda,Volkswagen Group,Tyskland,Hybrid,Lav-emission,SUV/Crossover
Volvo XC60,1,2026,M04,1275.0,Volvo,Geely (Lynk & Co),Kina,Benzin,Fossil,Personbil
Alpine A290,1,2026,M04,,Alpine,Renault Group,Frankrig,El,Nul-emission,Personbil
BMW X7,1,2026,M04,1297.0,BMW,BMW Group,Tyskland,Benzin,Fossil,SUV/Crossover
Ford Tourneo,1,2026,M04,1428.0,Ford,Ford Motor Company,USA,Benzin,Fossil,Varebil/MPV
Mercedes-Benz GLS,1,2026,M04,1314.0,Mercedes-Benz,Mercedes-Benz Group,Tyskland,Benzin,Fossil,Personbil
Skoda Superb iV,1,2026,M04,1289.0,Skoda,Volkswagen Group,Tyskland,Hybrid,Lav-emission,Personbil
Subaru Crosstrek,1,2026,M04,1381.0,Subaru,Subaru Corporation,Japan,Benzin,Fossil,SUV/Crossover
Toyota Proace City,1,2026,M04,1290.0,Toyota,Toyota Motor Corporation,Japan,Benzin,Fossil,Varebil/MPV
Audi e-tron GT,1,2026,M04,1284.0,Audi,Volkswagen Group,Tyskland,El,Nul-emission,Personbil
Audi Q7,1,2026,M04,1293.0,Audi,Volkswagen Group,Tyskland,Benzin,Fossil,SUV/Crossover
Bach YM2000DP,1,2026,M04,1294.0,Bach,Bach,Danmark,El,Nul-emission,Kabinescooter
Lamborghini Urus,1,2026,M04,1394.0,Lamborghini,Volkswagen Group,Tyskland,Benzin,Fossil,SUV/Crossover
Land Rover Range Rover,1,2026,M04,1283.0,Land Rover,Jaguar Land Rover (Tata Motors),Indien,Benzin,Fossil,SUV/Crossover
BMW X2,1,2026,M04,1434.0,BMW,BMW Group,Tyskland,Benzin,Fossil,SUV/Crossover
Harley Davidson FLRT,1,2026,M04,1403.0,Harley Davidson,Harley Davidson,USA,Benzin,Fossil,ATV/UTV/Andet
Jia Ji JJ2000,1,2026,M04,,Jia Ji,Jia Ji,Kina,El,Nul-emission,ATV/UTV/Andet
Leapmotor T03,1,2026,M04,,Leapmotor,Leapmotor,Kina,El,Nul-emission,Personbil
Linhai LH80DA,1,2026,M04,1334.0,Linhai,"Zhejiang Linhai Power Machinery Group Co., Ltd.",Ukendt,Benzin,Fossil,ATV/UTV/Andet
Peugeot Expert,1,2026,M04,1363.0,Peugeot,Stellantis,Europæisk (Multinational),Benzin,Fossil,Varebil/MPV
Porsche 718 Spyder RS,1,2026,M04,1322.0,Porsche,Volkswagen Group,Tyskland,Benzin,Fossil,ATV/UTV/Andet
Rolls-Royce Spectre,1,2026,M04,1288.0,Rolls-Royce,BMW Group,Tyskland,Benzin,Fossil,Personbil
Eagle,1,2026,M04,1301.0,Eagle,"Eagle Golf Cars, LLC",USA,El,Nul-emission,Personbil
Volkswagen Touareg,1,2026,M04,1382.0,Volkswagen,Volkswagen Group,Tyskland,Benzin,Fossil,Personbil
Can-Am Spyder RT,1,2026,M04,,Can-Am,Bombardier Recreational Products,Canada,Benzin,Fossil,ATV/UTV/Andet
Eagle EG2048KR,1,2026,M04,,Eagle,Suzhou Eagle Electric Vehicle Manufacturing,Kina,El,Nul-emission,ATV/UTV/Andet
Evolution DEL 3022G EEC,1,2026,M04,,Evolution,Evolution Electric Vehicles,Kina,El,Nul-emission,ATV/UTV/Andet
Evolution DEL2023DUB,1,2026,M04,,Evolution,Evolution Electric Vehicles,USA,El,Nul-emission,ATV/UTV/Andet
Lotus Emeya,1,2026,M04,1339.0,Lotus,Geely (Lynk & Co),Kina,Benzin,Fossil,Personbil
Today Sunshine M2,1,2026,M04,,Today Sunshine,Today Sunshine,Kina,El,Nul-emission,ATV/UTV/Andet
Yunlong JJ5000BP-H06,1,2026,M04,,Yunlong,Shandong Yunlong Eco Technologies,Kina,El,Nul-emission,ATV/UTV/Andet
Skoda Elroq,1641,2025,M04,1001.0,Skoda,Volkswagen Group,Tyskland,El,Nul-emission,Personbil
Toyota bZ4X,1950,2025,M04,1000.0,Toyota,Toyota Motor Corporation,Japan,El,Nul-emission,Personbil
Volkswagen ID.4,2738,2025,M04,1005.0,Volkswagen,Volkswagen Group,Tyskland,El,Nul-emission,Personbil
Skoda Enyaq iV,1599,2025,M04,1006.0,Skoda,Volkswagen Group,Tyskland,El,Nul-emission,Personbil
Tesla Model Y,1271,2025,M04,1002.0,Tesla,"Tesla, Inc.",USA,El,Nul-emission,Personbil
Audi Q4 e-tron,1285,2025,M04,1003.0,Audi,Volkswagen Group,Tyskland,El,Nul-emission,SUV/Crossover
Xpeng G6,783,2025,M04,1015.0,Xpeng,XPeng,Kina,El,Nul-emission,Personbil
Renault R5,100,2025,M04,1008.0,Renault,Renault Group,Frankrig,Benzin,Fossil,Personbil
Volkswagen ID. Buzz,1231,2025,M04,1010.0,Volkswagen,Volkswagen Group,Tyskland,El,Nul-emission,Personbil
Cupra Tavascan,1027,2025,M04,1065.0,Cupra,Volkswagen Group,Tyskland,Benzin,Fossil,Personbil
Mercedes-Benz EQA,1024,2025,M04,1026.0,Mercedes-Benz,Mercedes-Benz Group,Tyskland,El,Nul-emission,Personbil
Volkswagen ID.7,910,2025,M04,1017.0,Volkswagen,Volkswagen Group,Tyskland,El,Nul-emission,Personbil
Volkswagen ID.3,1729,2025,M04,1011.0,Volkswagen,Volkswagen Group,Tyskland,El,Nul-emission,Personbil
BMW X1,453,2025,M04,1013.0,BMW,BMW Group,Tyskland,Benzin,Fossil,SUV/Crossover
Nissan Qashqai,896,2025,M04,1035.0,Nissan,Nissan Motor Co.,Japan,Benzin,Fossil,SUV/Crossover
Mercedes-Benz CLA,76,2025,M04,1022.0,Mercedes-Benz,Mercedes-Benz Group,Tyskland,Benzin,Fossil,Personbil
BMW iX1,818,2025,M04,1009.0,BMW,BMW Group,Tyskland,El,Nul-emission,SUV/Crossover
Renault Scenic,558,2025,M04,1021.0,Renault,Renault Group,Frankrig,Benzin,Fossil,Personbil
Cupra Born,696,2025,M04,1007.0,Cupra,Volkswagen Group,Tyskland,El,Nul-emission,Personbil
Volvo EX40,567,2025,M04,1018.0,Volvo,Geely (Lynk & Co),Kina,Benzin,Fossil,SUV/Crossover
Tesla Model 3,451,2025,M04,1179.0,Tesla,"Tesla, Inc.",USA,El,Nul-emission,Personbil
Citroen C3 Aircross,1,2025,M04,1014.0,Citroen,Stellantis,Europæisk (Multinational),Benzin,Fossil,SUV/Crossover
Peugeot 208,44,2025,M04,1024.0,Peugeot,Stellantis,Europæisk (Multinational),Benzin,Fossil,Personbil
Ford Explorer,552,2025,M04,1023.0,Ford,Ford Motor Company,USA,Benzin,Fossil,Personbil
Suzuki Vitara,259,2025,M04,1029.0,Suzuki,Suzuki Motor Corporation,Japan,Benzin,Fossil,SUV/Crossover
Polestar 4,238,2025,M04,1048.0,Polestar,Geely (Lynk & Co),Kina,El,Nul-emission,Personbil
Citroen C3,254,2025,M04,1012.0,Citroen,Stellantis,Europæisk (Multinational),Benzin,Fossil,Personbil
Cupra Formentor,780,2025,M04,1062.0,Cupra,Volkswagen Group,Tyskland,Benzin,Fossil,Personbil
BMW 5'er,208,2025,M04,1063.0,BMW,BMW Group,Tyskland,Benzin,Fossil,Personbil
Mercedes-Benz EQB,714,2025,M04,1027.0,Mercedes-Benz,Mercedes-Benz Group,Tyskland,El,Nul-emission,Personbil
Peugeot 2008,219,2025,M04,1030.0,Peugeot,Stellantis,Europæisk (Multinational),Benzin,Fossil,Personbil
Citroen C5 Aircross,3,2025,M04,1032.0,Citroen,Stellantis,Europæisk (Multinational),Benzin,Fossil,SUV/Crossover
Toyota Yaris Cross,401,2025,M04,1020.0,Toyota,Toyota Motor Corporation,Japan,Benzin,Fossil,SUV/Crossover
Kia EV3,1019,2025,M04,1033.0,Kia,Hyundai Motor Group,Sydkorea,Benzin,Fossil,Personbil
BMW 3'er,499,2025,M04,1051.0,BMW,BMW Group,Tyskland,Benzin,Fossil,Personbil
Renault Megane E-Tech,278,2025,M04,1041.0,Renault,Renault Group,Frankrig,El,Nul-emission,Personbil
Audi A6 e-tron,285,2025,M04,1038.0,Audi,Volkswagen Group,Tyskland,El,Nul-emission,Personbil
Skoda Kodiaq,216,2025,M04,1047.0,Skoda,Volkswagen Group,Tyskland,Benzin,Fossil,SUV/Crossover
Hyundai Kona,593,2025,M04,1043.0,Hyundai,Hyundai Motor Group,Sydkorea,Benzin,Fossil,SUV/Crossover
MG ZS,498,2025,M04,1040.0,MG,SAIC Motor (MG),Kina,Benzin,Fossil,Personbil
Suzuki Swift,572,2025,M04,1034.0,Suzuki,Suzuki Motor Corporation,Japan,Benzin,Fossil,Personbil
Peugeot 5008,342,2025,M04,1039.0,Peugeot,Stellantis,Europæisk (Multinational),Benzin,Fossil,Personbil
BMW i4,272,2025,M04,1045.0,BMW,BMW Group,Tyskland,El,Nul-emission,Personbil
MG 4,161,2025,M04,1037.0,MG,SAIC Motor (MG),Kina,Benzin,Fossil,Personbil
Hyundai Ioniq 5,598,2025,M04,1050.0,Hyundai,Hyundai Motor Group,Sydkorea,El,Nul-emission,Personbil
Mercedes-Benz GLC,235,2025,M04,1076.0,Mercedes-Benz,Mercedes-Benz Group,Tyskland,Benzin,Fossil,Personbil
Volvo EX30,218,2025,M04,1056.0,Volvo,Geely (Lynk & Co),Kina,Benzin,Fossil,SUV/Crossover
Audi Q2,541,2025,M04,1071.0,Audi,Volkswagen Group,Tyskland,Benzin,Fossil,SUV/Crossover
Audi Q6 e-tron,635,2025,M04,1160.0,Audi,Volkswagen Group,Tyskland,El,Nul-emission,SUV/Crossover
Peugeot 3008,363,2025,M04,1036.0,Peugeot,Stellantis,Europæisk (Multinational),Benzin,Fossil,Personbil
Hyundai Inster,380,2025,M04,1061.0,Hyundai,Hyundai Motor Group,Sydkorea,Benzin,Fossil,Personbil
Toyota Aygo X,613,2025,M04,1042.0,Toyota,Toyota Motor Corporation,Japan,Benzin,Fossil,Personbil
BMW i5,420,2025,M04,1049.0,BMW,BMW Group,Tyskland,El,Nul-emission,Personbil
Volkswagen ID.5,353,2025,M04,1053.0,Volkswagen,Volkswagen Group,Tyskland,El,Nul-emission,Personbil
Mercedes-Benz GLB,129,2025,M04,1088.0,Mercedes-Benz,Mercedes-Benz Group,Tyskland,Benzin,Fossil,Personbil
Cupra Leon,405,2025,M04,1100.0,Cupra,Volkswagen Group,Tyskland,Benzin,Fossil,Personbil
Kia EV6,662,2025,M04,1069.0,Kia,Hyundai Motor Group,Sydkorea,Benzin,Fossil,Personbil
Mercedes-Benz EQE,374,2025,M04,1074.0,Mercedes-Benz,Mercedes-Benz Group,Tyskland,El,Nul-emission,Personbil
Xpeng G9,152,2025,M04,1068.0,Xpeng,XPeng,Kina,El,Nul-emission,Personbil
Navor E5,352,2025,M04,1078.0,Navor,DFSK Motor,Kina,Benzin,Fossil,Personbil
Renault Austral,125,2025,M04,1025.0,Renault,Renault Group,Frankrig,Benzin,Fossil,Personbil
Ford Capri,205,2025,M04,1052.0,Ford,Ford Motor Company,USA,Benzin,Fossil,Personbil
Audi A3,306,2025,M04,1064.0,Audi,Volkswagen Group,Tyskland,Benzin,Fossil,Personbil
BYD Sealion 7,235,2025,M04,1096.0,BYD,BYD Auto,Kina,Benzin,Fossil,Personbil
Opel Grandland,49,2025,M04,1072.0,Opel,Stellantis,Europæisk (Multinational),Benzin,Fossil,SUV/Crossover
BMW 1'er,174,2025,M04,1067.0,BMW,BMW Group,Tyskland,Benzin,Fossil,Personbil
Toyota Yaris,423,2025,M04,1057.0,Toyota,Toyota Motor Corporation,Japan,Hybrid,Lav-emission,Personbil
Mercedes-Benz GLA,189,2025,M04,1090.0,Mercedes-Benz,Mercedes-Benz Group,Tyskland,Benzin,Fossil,Personbil
BYD Seal U,62,2025,M04,1104.0,BYD,BYD Auto,Kina,Benzin,Fossil,Personbil
Renault Clio,493,2025,M04,1111.0,Renault,Renault Group,Frankrig,Benzin,Fossil,Personbil
Ford Puma,24,2025,M04,1054.0,Ford,Ford Motor Company,USA,Benzin,Fossil,Personbil
Mazda CX-30,169,2025,M04,1084.0,Mazda,Mazda Motor Corporation,Japan,Benzin,Fossil,SUV/Crossover
Kia EV9,75,2025,M04,1058.0,Kia,Hyundai Motor Group,Sydkorea,Benzin,Fossil,Personbil
Mercedes-Benz A-Klasse,249,2025,M04,1123.0,Mercedes-Benz,Mercedes-Benz Group,Tyskland,Benzin,Fossil,Personbil
Volkswagen Passat,101,2025,M04,1125.0,Volkswagen,Volkswagen Group,Tyskland,Benzin,Fossil,Personbil
Mercedes-Benz C-Klasse,234,2025,M04,1098.0,Mercedes-Benz,Mercedes-Benz Group,Tyskland,Benzin,Fossil,Personbil
Cupra Terramar,692,2025,M04,1044.0,Cupra,Volkswagen Group,Tyskland,Benzin,Fossil,Personbil
BYD Atto 2,22,2025,M04,1106.0,BYD,BYD Auto,Kina,Benzin,Fossil,Personbil
Volvo EC40,121,2025,M04,1093.0,Volvo,Geely (Lynk & Co),Kina,Benzin,Fossil,Personbil
Audi Q3,139,2025,M04,1099.0,Audi,Volkswagen Group,Tyskland,Benzin,Fossil,SUV/Crossover
Volkswagen T-Roc,927,2025,M04,1080.0,Volkswagen,Volkswagen Group,Tyskland,Benzin,Fossil,SUV/Crossover
BMW iX2,137,2025,M04,1087.0,BMW,BMW Group,Tyskland,El,Nul-emission,SUV/Crossover
Ford Tourneo Custom,207,2025,M04,1082.0,Ford,Ford Motor Company,USA,Benzin,Fossil,Varebil/MPV
Nissan Ariya,723,2025,M04,1070.0,Nissan,Nissan Motor Co.,Japan,Benzin,Fossil,Personbil
BMW X3,16,2025,M04,1141.0,BMW,BMW Group,Tyskland,Benzin,Fossil,SUV/Crossover
Hyundai Ioniq 6,109,2025,M04,1133.0,Hyundai,Hyundai Motor Group,Sydkorea,El,Nul-emission,Personbil
Ford Transit,12,2025,M04,1091.0,Ford,Ford Motor Company,USA,Benzin,Fossil,Varebil/MPV
Dacia Duster,16,2025,M04,1229.0,Dacia,Renault Group,Frankrig,Benzin,Fossil,Personbil
Mini 3-dørs,70,2025,M04,1083.0,Mini,BMW Group,Tyskland,Benzin,Fossil,Personbil
Mercedes-Benz EQE SUV,137,2025,M04,1110.0,Mercedes-Benz,Mercedes-Benz Group,Tyskland,El,Nul-emission,SUV/Crossover
Volkswagen Tiguan,103,2025,M04,1145.0,Volkswagen,Volkswagen Group,Tyskland,Benzin,Fossil,SUV/Crossover
Volkswagen Touran,244,2025,M04,1182.0,Volkswagen,Volkswagen Group,Tyskland,Benzin,Fossil,Personbil
BMW iX,37,2025,M04,1089.0,BMW,BMW Group,Tyskland,El,Nul-emission,Personbil
Honda e:Ny1,37,2025,M04,1086.0,Honda,Honda Motor Co.,Japan,El,Nul-emission,Personbil
Audi A5,592,2025,M04,1115.0,Audi,Volkswagen Group,Tyskland,Benzin,Fossil,Personbil
Dacia Sandero,110,2025,M04,1231.0,Dacia,Renault Group,Frankrig,Benzin,Fossil,Personbil
BYD Seal,97,2025,M04,1107.0,BYD,BYD Auto,Kina,Benzin,Fossil,Personbil
Mini Aceman,58,2025,M04,1079.0,Mini,BMW Group,Tyskland,El,Nul-emission,Personbil
Ford Kuga,175,2025,M04,1060.0,Ford,Ford Motor Company,USA,Hybrid,Lav-emission,Personbil
Porsche Macan,177,2025,M04,1119.0,Porsche,Volkswagen Group,Tyskland,Benzin,Fossil,SUV/Crossover
Lexus RZ,17,2025,M04,1075.0,Lexus,Toyota Motor Corporation,Japan,Benzin,Fossil,Personbil
Skoda Kamiq,166,2025,M04,1112.0,Skoda,Volkswagen Group,Tyskland,Benzin,Fossil,SUV/Crossover
BYD Dolphin,187,2025,M04,1187.0,BYD,BYD Auto,Kina,Benzin,Fossil,Personbil
Subaru Solterra,50,2025,M04,1113.0,Subaru,Subaru Corporation,Japan,Benzin,Fossil,Personbil
Volvo EX90,56,2025,M04,1081.0,Volvo,Geely (Lynk & Co),Kina,Benzin,Fossil,Personbil
Skoda Karoq,66,2025,M04,1094.0,Skoda,Volkswagen Group,Tyskland,Benzin,Fossil,SUV/Crossover
Mercedes-Benz Sprinter,141,2025,M04,1134.0,Mercedes-Benz,Mercedes-Benz Group,Tyskland,Benzin,Fossil,Varebil/MPV
BMW iX3,65,2025,M04,1224.0,BMW,BMW Group,Tyskland,El,Nul-emission,SUV/Crossover
Mercedes-Benz E-Klasse,84,2025,M04,1128.0,Mercedes-Benz,Mercedes-Benz Group,Tyskland,Benzin,Fossil,Personbil
Lexus LBX,31,2025,M04,1165.0,Lexus,Toyota Motor Corporation,Japan,Benzin,Fossil,Personbil
Toyota Corolla Cross,199,2025,M04,1124.0,Toyota,Toyota Motor Corporation,Japan,Benzin,Fossil,SUV/Crossover
Honda HR-V,18,2025,M04,1149.0,Honda,Honda Motor Co.,Japan,Benzin,Fossil,Personbil
Audi A6,2,2025,M04,1159.0,Audi,Volkswagen Group,Tyskland,Benzin,Fossil,Personbil
Seat Ibiza,228,2025,M04,1073.0,Seat,Volkswagen Group,Tyskland,Benzin,Fossil,Personbil
Skoda Octavia,108,2025,M04,1157.0,Skoda,Volkswagen Group,Tyskland,Benzin,Fossil,Personbil
MG HS,33,2025,M04,1109.0,MG,SAIC Motor (MG),Kina,Benzin,Fossil,Personbil
Mini Countryman,85,2025,M04,1102.0,Mini,BMW Group,Tyskland,Benzin,Fossil,Personbil
BYD Tang,41,2025,M04,1126.0,BYD,BYD Auto,Kina,Benzin,Fossil,Personbil
Polestar 2,388,2025,M04,1097.0,Polestar,Geely (Lynk & Co),Kina,El,Nul-emission,Personbil
Nissan Juke,178,2025,M04,1103.0,Nissan,Nissan Motor Co.,Japan,Benzin,Fossil,SUV/Crossover
Suzuki SX4,138,2025,M04,1131.0,Suzuki,Suzuki Motor Corporation,Japan,Benzin,Fossil,SUV/Crossover
Dacia Jogger,79,2025,M04,1230.0,Dacia,Renault Group,Frankrig,Benzin,Fossil,Personbil
KGM Torres EVX,10,2025,M04,1108.0,KGM,KG Mobility (tidl. SsangYong),Sydkorea,El,Nul-emission,SUV/Crossover
Hyundai Bayon,34,2025,M04,1151.0,Hyundai,Hyundai Motor Group,Sydkorea,Benzin,Fossil,Personbil
Honda CR-V,93,2025,M04,1127.0,Honda,Honda Motor Co.,Japan,Hybrid,Lav-emission,Personbil
Skoda Scala,113,2025,M04,1130.0,Skoda,Volkswagen Group,Tyskland,Benzin,Fossil,Personbil
Mercedes-Benz CLE,60,2025,M04,1257.0,Mercedes-Benz,Mercedes-Benz Group,Tyskland,Benzin,Fossil,Personbil
Ford Mustang Mach-E,71,2025,M04,1147.0,Ford,Ford Motor Company,USA,Benzin,Fossil,Personbil
Mercedes-Benz EQV,23,2025,M04,1155.0,Mercedes-Benz,Mercedes-Benz Group,Tyskland,El,Nul-emission,Personbil
Skoda Superb,15,2025,M04,1139.0,Skoda,Volkswagen Group,Tyskland,Benzin,Fossil,Personbil
BMW 4'er,93,2025,M04,1185.0,BMW,BMW Group,Tyskland,Benzin,Fossil,Personbil
Renault Trafic,4,2025,M04,1176.0,Renault,Renault Group,Frankrig,Benzin,Fossil,Varebil/MPV
Seat Arona,106,2025,M04,1177.0,Seat,Volkswagen Group,Tyskland,Benzin,Fossil,Personbil
Mercedes-Benz Vito Tourer,27,2025,M04,1092.0,Mercedes-Benz,Mercedes-Benz Group,Tyskland,Benzin,Fossil,Varebil/MPV
Citroen Berlingo,9,2025,M04,1117.0,Citroen,Stellantis,Europæisk (Multinational),Benzin,Fossil,Varebil/MPV
Mercedes-Benz V-Klasse,21,2025,M04,1171.0,Mercedes-Benz,Mercedes-Benz Group,Tyskland,Benzin,Fossil,Personbil
Opel Mokka,56,2025,M04,1261.0,Opel,Stellantis,Europæisk (Multinational),Benzin,Fossil,Personbil
Toyota Proace Verso,54,2025,M04,1135.0,Toyota,Toyota Motor Corporation,Japan,Benzin,Fossil,Varebil/MPV
BMW i7,26,2025,M04,1146.0,BMW,BMW Group,Tyskland,El,Nul-emission,Personbil
BMW i7,26,2025,M04,,BMW,BMW Group,Tyskland,El,Nul-emission,Personbil
MG Cyberster,41,2025,M04,1173.0,MG,SAIC Motor (MG),Kina,Benzin,Fossil,Personbil
Renault Captur,256,2025,M04,1266.0,Renault,Renault Group,Frankrig,Benzin,Fossil,Personbil
Mercedes-Benz GLE,19,2025,M04,1144.0,Mercedes-Benz,Mercedes-Benz Group,Tyskland,Benzin,Fossil,Personbil
Honda Civic,9,2025,M04,1163.0,Honda,Honda Motor Co.,Japan,Hybrid,Lav-emission,Personbil
Hongqi EHS7,37,2025,M04,1138.0,Hongqi,FAW (Hongqi),Kina,El,Nul-emission,Personbil
Peugeot 308,17,2025,M04,1206.0,Peugeot,Stellantis,Europæisk (Multinational),Benzin,Fossil,Personbil
Skoda Fabia,48,2025,M04,1211.0,Skoda,Volkswagen Group,Tyskland,Benzin,Fossil,Personbil
Honda Jazz,53,2025,M04,1150.0,Honda,Honda Motor Co.,Japan,Benzin,Fossil,Personbil
Nissan X-Trail,40,2025,M04,1204.0,Nissan,Nissan Motor Co.,Japan,Hybrid,Lav-emission,Personbil
Volkswagen Polo,298,2025,M04,1140.0,Volkswagen,Volkswagen Group,Tyskland,Benzin,Fossil,Personbil
Mazda 3,35,2025,M04,1154.0,Mazda,Mazda Motor Corporation,Japan,Benzin,Fossil,Personbil
Porsche Taycan,9,2025,M04,1175.0,Porsche,Volkswagen Group,Tyskland,El,Nul-emission,Personbil
Land Rover Range Rover Sport,16,2025,M04,1196.0,Land Rover,Jaguar Land Rover (Tata Motors),Indien,Benzin,Fossil,SUV/Crossover
Mazda MX-30,57,2025,M04,1199.0,Mazda,Mazda Motor Corporation,Japan,Benzin,Fossil,Personbil
Volkswagen Caravelle,4,2025,M04,1217.0,Volkswagen,Volkswagen Group,Tyskland,Benzin,Fossil,Varebil/MPV
Volvo V90,2,2025,M04,1220.0,Volvo,Geely (Lynk & Co),Kina,Benzin,Fossil,Personbil
Mazda 2,100,2025,M04,1153.0,Mazda,Mazda Motor Corporation,Japan,Benzin,Fossil,Personbil
Mercedes-Benz G-Klasse,15,2025,M04,1170.0,Mercedes-Benz,Mercedes-Benz Group,Tyskland,Benzin,Fossil,Personbil
Volkswagen T-Cross,159,2025,M04,1181.0,Volkswagen,Volkswagen Group,Tyskland,Benzin,Fossil,SUV/Crossover
Honda ZR-V,9,2025,M04,1193.0,Honda,Honda Motor Co.,Japan,Benzin,Fossil,Personbil
Porsche 911,12,2025,M04,1264.0,Porsche,Volkswagen Group,Tyskland,Benzin,Fossil,Personbil
Mazda CX-80,39,2025,M04,1168.0,Mazda,Mazda Motor Corporation,Japan,Benzin,Fossil,SUV/Crossover
Volkswagen Caddy,10,2025,M04,1216.0,Volkswagen,Volkswagen Group,Tyskland,Benzin,Fossil,Varebil/MPV
Volkswagen Golf,14,2025,M04,1219.0,Volkswagen,Volkswagen Group,Tyskland,Benzin,Fossil,Personbil
Yunlong JJ2000DBP,10,2025,M04,1277.0,Yunlong,MG,Kina,Benzin,Fossil,Personbil
Mazda MX-5,16,2025,M04,1346.0,Mazda,Mazda Motor Corporation,Japan,Benzin,Fossil,Personbil
Maxus Euniq6,4,2025,M04,1167.0,Maxus,SAIC Motor (Maxus),Kina,Benzin,Fossil,SUV/Crossover
Porsche Cayenne,13,2025,M04,1208.0,Porsche,Volkswagen Group,Tyskland,Benzin,Fossil,SUV/Crossover
Toyota Proace City Verso,18,2025,M04,1327.0,Toyota,Toyota Motor Corporation,Japan,Benzin,Fossil,Varebil/MPV
Maserati Grecale,4,2025,M04,1152.0,Maserati,Stellantis,Europæisk (Multinational),Benzin,Fossil,Personbil
Mercedes-Benz Vito,2,2025,M04,1156.0,Mercedes-Benz,Mercedes-Benz Group,Tyskland,Benzin,Fossil,Varebil/MPV
BMW X5,12,2025,M04,1186.0,BMW,BMW Group,Tyskland,Benzin,Fossil,SUV/Crossover
MAN TGE,23,2025,M04,1197.0,MAN,TRATON (Volkswagen Group),Tyskland,Benzin,Fossil,Varebil/MPV
Maxus Euniq5,6,2025,M04,1198.0,Maxus,SAIC Motor (Maxus),Kina,Benzin,Fossil,SUV/Crossover
Volkswagen Crafter,18,2025,M04,1218.0,Volkswagen,Volkswagen Group,Tyskland,Benzin,Fossil,Varebil/MPV
Volkswagen Multivan,123,2025,M04,1274.0,Volkswagen,Volkswagen Group,Tyskland,Benzin,Fossil,Varebil/MPV
BYD Atto 3,107,2025,M04,1161.0,BYD,BYD Auto,Kina,Benzin,Fossil,Personbil
Ford Focus,22,2025,M04,1162.0,Ford,Ford Motor Company,USA,Benzin,Fossil,Personbil
Mercedes-Benz EQS,1,2025,M04,1169.0,Mercedes-Benz,Mercedes-Benz Group,Tyskland,El,Nul-emission,Personbil
Subaru Outback,4,2025,M04,1178.0,Subaru,Subaru Corporation,Japan,Benzin,Fossil,SUV/Crossover
Toyota Corolla,197,2025,M04,1180.0,Toyota,Toyota Motor Corporation,Japan,Hybrid,Lav-emission,Personbil
Mercedes-Benz S-Klasse,5,2025,M04,1201.0,Mercedes-Benz,Mercedes-Benz Group,Tyskland,Benzin,Fossil,Personbil
Tesla Model X,3,2025,M04,1214.0,Tesla,"Tesla, Inc.",USA,El,Nul-emission,Personbil
Audi A8,1,2025,M04,1222.0,Audi,Volkswagen Group,Tyskland,Benzin,Fossil,Personbil
Fisker Ocean,8,2025,M04,1233.0,Fisker,Fisker Inc.,USA,El,Nul-emission,Personbil
Mini Cabriolet,6,2025,M04,1370.0,Mini,BMW Group,Tyskland,Benzin,Fossil,Personbil
Fiat Topolino,3,2025,M04,,Fiat,Stellantis,Europæisk (Multinational),Benzin,Fossil,Personbil
Ford Mustang,5,2025,M04,1378.0,Ford,Ford Motor Company,USA,Benzin,Fossil,Personbil
Maxus e-Deliver 9,1,2025,M04,1166.0,Maxus,SAIC Motor (Maxus),Kina,Benzin,Fossil,Varebil/MPV
MG 3,16,2025,M04,1172.0,MG,SAIC Motor (MG),Kina,Benzin,Fossil,Personbil
Eagle Golf Car,2,2025,M04,1188.0,Eagle,"Eagle Golf Cars, LLC",USA,EL,Nul-emission,ATV/UTV/Andet
Nilsson Hearse,4,2025,M04,1202.0,Nilsson Hearse,Nilsson Hearse,Sverige,Benzin,Fossil,Varebil/MPV
Opel Zafira,22,2025,M04,1205.0,Opel,Stellantis,Europæisk (Multinational),Benzin,Fossil,Varebil/MPV
Tesla Model S,3,2025,M04,1213.0,Tesla,"Tesla, Inc.",USA,El,Nul-emission,Personbil
Kia Niro,272,2025,M04,1244.0,Kia,Hyundai Motor Group,Sydkorea,Benzin,Fossil,Personbil
Land Rover Defender,2,2025,M04,1250.0,Land Rover,Jaguar Land Rover (Tata Motors),Indien,Benzin,Fossil,SUV/Crossover
Polestar 3,34,2025,M04,1263.0,Polestar,Geely (Lynk & Co),Kina,El,Nul-emission,Personbil
Bentley Flying Spur,1,2025,M04,1184.0,Bentley,Volkswagen Group,Tyskland,Benzin,Fossil,Personbil
Ford Transit Custom,34,2025,M04,1192.0,Ford,Ford Motor Company,USA,Benzin,Fossil,Varebil/MPV
Hongqi EH7,19,2025,M04,1194.0,Hongqi,FAW (Hongqi),Kina,El,Nul-emission,Personbil
Mercedes-Benz EQS SUV,1,2025,M04,1200.0,Mercedes-Benz,Mercedes-Benz Group,Tyskland,El,Nul-emission,SUV/Crossover
Powerland Tachyon,1,2025,M04,1209.0,Powerland,Powerland,Ukendt,Benzin,Fossil,Personbil
Seat Leon,43,2025,M04,1210.0,Seat,Volkswagen Group,Tyskland,Benzin,Fossil,Personbil
Subaru Forester,12,2025,M04,1212.0,Subaru,Subaru Corporation,Japan,Benzin,Fossil,SUV/Crossover
BMW 2'er,3,2025,M04,1223.0,BMW,BMW Group,Tyskland,Benzin,Fossil,Personbil
Fiat 500,6,2025,M04,1232.0,Fiat,Stellantis,Europæisk (Multinational),Benzin,Fossil,Personbil
Land Rover Discovery Sport,2,2025,M04,1251.0,Land Rover,Jaguar Land Rover (Tata Motors),Indien,Benzin,Fossil,SUV/Crossover
Mazda CX-60,10,2025,M04,1255.0,Mazda,Mazda Motor Corporation,Japan,Benzin,Fossil,SUV/Crossover
Opel Corsa,66,2025,M04,1259.0,Opel,Stellantis,Europæisk (Multinational),Benzin,Fossil,Personbil
Skoda Kodiaq iV,22,2025,M04,1267.0,Skoda,Volkswagen Group,Tyskland,Hybrid,Lav-emission,SUV/Crossover
Volvo XC60,170,2025,M04,1275.0,Volvo,Geely (Lynk & Co),Kina,Benzin,Fossil,Personbil
Mercedes-Benz GLS,3,2025,M04,1314.0,Mercedes-Benz,Mercedes-Benz Group,Tyskland,Benzin,Fossil,Personbil
Skoda Superb iV,2,2025,M04,1289.0,Skoda,Volkswagen Group,Tyskland,Hybrid,Lav-emission,Personbil
Subaru Crosstrek,1,2025,M04,1381.0,Subaru,Subaru Corporation,Japan,Benzin,Fossil,SUV/Crossover
Toyota Proace City,1,2025,M04,1290.0,Toyota,Toyota Motor Corporation,Japan,Benzin,Fossil,Varebil/MPV
Audi e-tron GT,1,2025,M04,1284.0,Audi,Volkswagen Group,Tyskland,El,Nul-emission,Personbil
Audi Q7,5,2025,M04,1293.0,Audi,Volkswagen Group,Tyskland,Benzin,Fossil,SUV/Crossover
Bach YM2000DP,1,2025,M04,1294.0,Bach,Bach,Danmark,El,Nul-emission,Kabinescooter
Lamborghini Urus,2,2025,M04,1394.0,Lamborghini,Volkswagen Group,Tyskland,Benzin,Fossil,SUV/Crossover
Land Rover Range Rover,10,2025,M04,1283.0,Land Rover,Jaguar Land Rover (Tata Motors),Indien,Benzin,Fossil,SUV/Crossover
Porsche 718 Spyder RS,1,2025,M04,1322.0,Porsche,Volkswagen Group,Tyskland,Benzin,Fossil,ATV/UTV/Andet
Rolls-Royce Spectre,1,2025,M04,1288.0,Rolls-Royce,BMW Group,Tyskland,Benzin,Fossil,Personbil
Eagle,1,2025,M04,1301.0,Eagle,"Eagle Golf Cars, LLC",USA,El,Nul-emission,Personbil
Volkswagen Touareg,1,2025,M04,1382.0,Volkswagen,Volkswagen Group,Tyskland,Benzin,Fossil,Personbil
Alfa Romeo Junior,58,2025,M04,1221.0,Alfa Romeo,Stellantis,Europæisk (Multinational),Benzin,Fossil,SUV/Crossover
BMW Z4,1,2025,M04,1225.0,BMW,BMW Group,Tyskland,Benzin,Fossil,Personbil
Can-Am Outlander,2,2025,M04,1226.0,Can-Am,Bombardier Recreational Products,Canada,Benzin,Fossil,ATV/UTV/Andet
Citroen C4,26,2025,M04,1227.0,Citroen,Stellantis,Europæisk (Multinational),Benzin,Fossil,Personbil
Citroen e-SpaceTourer,2,2025,M04,1228.0,Citroen,Stellantis,Europæisk (Multinational),Benzin,Fossil,Personbil
Ford Tourneo Connect,9,2025,M04,1234.0,Ford,Ford Motor Company,USA,Benzin,Fossil,Varebil/MPV
Hisun HS,2,2025,M04,1235.0,Hisun,"Chongqing Huansong Industrial (Group) Co., Ltd.",Kina,Benzin,Fossil,ATV/UTV/Andet
Hongqi E-HS9,5,2025,M04,1236.0,Hongqi,FAW (Hongqi),Kina,El,Nul-emission,Personbil
Hyundai I10,232,2025,M04,1237.0,Hyundai,Hyundai Motor Group,Sydkorea,Benzin,Fossil,Personbil
Hyundai I20,279,2025,M04,1238.0,Hyundai,Hyundai Motor Group,Sydkorea,Benzin,Fossil,Personbil
Hyundai I30,27,2025,M04,1239.0,Hyundai,Hyundai Motor Group,Sydkorea,Benzin,Fossil,Personbil
Hyundai Santa Fe,34,2025,M04,1240.0,Hyundai,Hyundai Motor Group,Sydkorea,Benzin,Fossil,SUV/Crossover
Hyundai Tucson,153,2025,M04,1241.0,Hyundai,Hyundai Motor Group,Sydkorea,Benzin,Fossil,SUV/Crossover
Jeep Avenger,12,2025,M04,1242.0,Jeep,Stellantis,Europæisk (Multinational),Benzin,Fossil,SUV/Crossover
Kia Ceed,114,2025,M04,1243.0,Kia,Hyundai Motor Group,Sydkorea,Benzin,Fossil,Personbil
Kia Picanto,102,2025,M04,1245.0,Kia,Hyundai Motor Group,Sydkorea,Benzin,Fossil,Personbil
Kia Sorento,3,2025,M04,1246.0,Kia,Hyundai Motor Group,Sydkorea,Benzin,Fossil,SUV/Crossover
Kia Sportage,20,2025,M04,1247.0,Kia,Hyundai Motor Group,Sydkorea,Benzin,Fossil,SUV/Crossover
Kia Stonic,36,2025,M04,1248.0,Kia,Hyundai Motor Group,Sydkorea,Benzin,Fossil,Personbil
Kia XCeed,16,2025,M04,1249.0,Kia,Hyundai Motor Group,Sydkorea,Benzin,Fossil,Personbil
Lexus NX,52,2025,M04,1252.0,Lexus,Toyota Motor Corporation,Japan,Hybrid,Lav-emission,Personbil
Lexus UX,3,2025,M04,1253.0,Lexus,Toyota Motor Corporation,Japan,Hybrid,Lav-emission,Personbil
Lotus Eletre,10,2025,M04,1254.0,Lotus,Geely (Lynk & Co),Kina,Benzin,Fossil,Personbil
Mercedes-Benz B-Klasse,1,2025,M04,1256.0,Mercedes-Benz,Mercedes-Benz Group,Tyskland,Benzin,Fossil,Personbil
Opel Astra,21,2025,M04,1258.0,Opel,Stellantis,Europæisk (Multinational),Benzin,Fossil,Personbil
Opel Crossland,42,2025,M04,1260.0,Opel,Stellantis,Europæisk (Multinational),Benzin,Fossil,SUV/Crossover
Peugeot Rifter,1,2025,M04,1262.0,Peugeot,Stellantis,Europæisk (Multinational),Benzin,Fossil,Personbil
Porsche Panamera,3,2025,M04,1265.0,Porsche,Volkswagen Group,Tyskland,Benzin,Fossil,Personbil
Suzuki Ignis,168,2025,M04,1268.0,Suzuki,Suzuki Motor Corporation,Japan,Benzin,Fossil,Personbil
Suzuki S-Cross,12,2025,M04,1269.0,Suzuki,Suzuki Motor Corporation,Japan,Benzin,Fossil,SUV/Crossover
Suzuki Swace,21,2025,M04,1270.0,Suzuki,Suzuki Motor Corporation,Japan,Benzin,Fossil,Personbil
Toyota C-HR,183,2025,M04,1271.0,Toyota,Toyota Motor Corporation,Japan,Hybrid,Lav-emission,Personbil
Toyota Land Cruiser,3,2025,M04,1272.0,Toyota,Toyota Motor Corporation,Japan,Benzin,Fossil,SUV/Crossover
Toyota RAV4,192,2025,M04,1273.0,Toyota,Toyota Motor Corporation,Japan,Hybrid,Lav-emission,SUV/Crossover
Volvo XC90,45,2025,M04,1276.0,Volvo,Geely (Lynk & Co),Kina,Benzin,Fossil,Personbil
Access Shade AX800-U,1,2025,M04,,Access,Access Motor,Taiwan,Benzin,Fossil,ATV/UTV/Andet
BMW 7'er,2,2025,M04,1295.0,BMW,BMW Group,Tyskland,Benzin,Fossil,Personbil
BMW X4,1,2025,M04,1296.0,BMW,BMW Group,Tyskland,Benzin,Fossil,SUV/Crossover
Can-Am Spyder,1,2025,M04,,Can-Am,Bombardier Recreational Products,Canada,Benzin,Fossil,ATV/UTV/Andet
CFMOTO CForce 1000,1,2025,M04,1395.0,CFMOTO,CFMOTO,Kina,Benzin,Fossil,ATV/UTV/Andet
DS 7,1,2025,M04,1384.0,DS,Stellantis,Europæisk (Multinational),Benzin,Fossil,Personbil
Ferrari 12Cilindri,1,2025,M04,,Ferrari,Ferrari,Italien,Benzin,Fossil,Personbil
Ferrari Roma,1,2025,M04,1337.0,Ferrari,Ferrari,Italien,Benzin,Fossil,Personbil
Jeep Wrangler,1,2025,M04,1345.0,Jeep,Stellantis,Europæisk (Multinational),Benzin,Fossil,Personbil
Lamborghini Huracán,1,2025,M04,1430.0,Lamborghini,Volkswagen Group,Tyskland,Benzin,Fossil,Personbil
Lindebjerg S1,1,2025,M04,1386.0,Lindebjerg,Lindebjerg,Danmark,El,Nul-emission,ATV/UTV/Andet
Mercedes-Benz Citan,5,2025,M04,1313.0,Mercedes-Benz,Mercedes-Benz Group,Tyskland,Benzin,Fossil,Varebil/MPV
Mercedes-Benz CLS,1,2025,M04,1401.0,Mercedes-Benz,Mercedes-Benz Group,Tyskland,Benzin,Fossil,Personbil
MG Marvel R,3,2025,M04,1347.0,MG,SAIC Motor (MG),Kina,Benzin,Fossil,Personbil
Polaris Ranger,2,2025,M04,1404.0,Polaris,Polaris,USA,Benzin,Fossil,ATV/UTV/Andet
Voyah Free,1,2025,M04,1332.0,Voyah,Dongfeng (Voyah),Kina,El,Nul-emission,Personbil
Xingyun UTV,1,2025,M04,1333.0,Xingyun,Shandong Xingyun,Kina,El,Nul-emission,ATV/UTV/Andet
Yunlong JJ2000DZK,1,2025,M04,,Yunlong,Shandong Yunlong Eco Technologies,Kina,El,Nul-emission,ATV/UTV/Andet
Yunlong JJ5000BP,1,2025,M04,,Yunlong,MG,Kina,Benzin,Fossil,Personbil
CFMOTO 850XC,1,2025,M04,,CFMOTO,CFMOTO,Kina,Benzin,Fossil,Personbil
Garia Monaco,1,2025,M04,1398.0,Garia,Garia,Danmark,Benzin,Fossil,Personbil
Jaguar F-Type,1,2025,M04,,Jaguar,Jaguar Land Rover (Tata Motors),Indien,Benzin,Fossil,Personbil
Maxus e-Deliver 7,1,2025,M04,1309.0,Maxus,SAIC Motor (Maxus),Kina,Benzin,Fossil,Varebil/MPV
Mercedes-Benz AMG GT,1,2025,M04,1312.0,Mercedes-Benz,Mercedes-Benz Group,Tyskland,Benzin,Fossil,Personbil
Mercedes-Benz SL,3,2025,M04,1315.0,Mercedes-Benz,Mercedes-Benz Group,Tyskland,Benzin,Fossil,Personbil
Mini 5-dørs,1,2025,M04,1317.0,Mini,BMW Group,Tyskland,Benzin,Fossil,Personbil
Volvo V60,1,2025,M04,1330.0,Volvo,Geely (Lynk & Co),Kina,Benzin,Fossil,Personbil
Volvo XC40,3,2025,M04,1331.0,Volvo,Geely (Lynk & Co),Kina,Benzin,Fossil,Personbil
Xpeng P7,20,2025,M04,1279.0,Xpeng,XPeng,Kina,El,Nul-emission,Personbil
Xpeng P7i,2,2025,M04,,Xpeng,XPeng,Kina,El,Nul-emission,Personbil
Access SP450,1,2025,M04,,Access,Access Motor,Taiwan,Benzin,Fossil,ATV/UTV/Andet
CFMOTO CForce 1000 Touring,1,2025,M04,1423.0,CFMOTO,CFMOTO,Kina,Benzin,Fossil,ATV/UTV/Andet
DS 3 Crossback,1,2025,M04,,DS,Stellantis,Europæisk (Multinational),Benzin,Fossil,SUV/Crossover
Ferrari 296,1,2025,M04,1421.0,Ferrari,Ferrari,Italien,Benzin,Fossil,Personbil
Lamborghini Revuelto,1,2025,M04,,Lamborghini,Volkswagen Group,Tyskland,Benzin,Fossil,Personbil
Land Rover Range Rover Evoque,2,2025,M04,1287.0,Land Rover,Jaguar Land Rover (Tata Motors),Indien,El,Fossil,SUV/Crossover
Maserati GranTurismo,2,2025,M04,1340.0,Maserati,Stellantis,Europæisk (Multinational),Benzin,Fossil,Personbil
Rivian R1S,1,2025,M04,,Rivian,Rivian,USA,El,Nul-emission,Personbil
Smart Fortwo,1,2025,M04,1454.0,Smart,Mercedes-Benz/Geely (JV),Kina,El,Nul-emission,Personbil
Volkswagen up!,1,2025,M04,1445.0,Volkswagen,Volkswagen Group,Tyskland,Benzin,Fossil,Personbil
Skoda Elroq,1134,2026,M03,1001.0,Skoda,Volkswagen Group,Tyskland,El,Nul-emission,Personbil
Tesla Model Y,818,2026,M03,1002.0,Tesla,"Tesla, Inc.",USA,El,Nul-emission,Personbil
Volkswagen ID.4,711,2026,M03,1005.0,Volkswagen,Volkswagen Group,Tyskland,El,Nul-emission,Personbil
Skoda Enyaq iV,691,2026,M03,1006.0,Skoda,Volkswagen Group,Tyskland,El,Nul-emission,Personbil
Cupra Tavascan,690,2026,M03,1065.0,Cupra,Volkswagen Group,Tyskland,Benzin,Fossil,Personbil
Toyota bZ4X,632,2026,M03,1000.0,Toyota,Toyota Motor Corporation,Japan,El,Nul-emission,Personbil
Tesla Model 3,626,2026,M03,1179.0,Tesla,"Tesla, Inc.",USA,El,Nul-emission,Personbil
Audi Q4 e-tron,578,2026,M03,1003.0,Audi,Volkswagen Group,Tyskland,El,Nul-emission,SUV/Crossover
Nissan Qashqai,508,2026,M03,1035.0,Nissan,Nissan Motor Co.,Japan,Benzin,Fossil,SUV/Crossover
Mercedes-Benz EQA,376,2026,M03,1026.0,Mercedes-Benz,Mercedes-Benz Group,Tyskland,El,Nul-emission,Personbil
Volkswagen ID.3,319,2026,M03,1011.0,Volkswagen,Volkswagen Group,Tyskland,El,Nul-emission,Personbil
Renault Scenic,310,2026,M03,1021.0,Renault,Renault Group,Frankrig,Benzin,Fossil,Personbil
BMW X1,305,2026,M03,1013.0,BMW,BMW Group,Tyskland,Benzin,Fossil,SUV/Crossover
Renault R5,294,2026,M03,1008.0,Renault,Renault Group,Frankrig,Benzin,Fossil,Personbil
Toyota Urban Cruiser,284,2026,M03,1004.0,Toyota,Toyota Motor Corporation,Japan,Benzin,Fossil,Personbil
Volkswagen ID.7,282,2026,M03,1017.0,Volkswagen,Volkswagen Group,Tyskland,El,Nul-emission,Personbil
Volkswagen ID. Buzz,280,2026,M03,1010.0,Volkswagen,Volkswagen Group,Tyskland,El,Nul-emission,Personbil
Mercedes-Benz CLA,277,2026,M03,1022.0,Mercedes-Benz,Mercedes-Benz Group,Tyskland,Benzin,Fossil,Personbil
Xpeng G6,275,2026,M03,1015.0,Xpeng,XPeng,Kina,El,Nul-emission,Personbil
Polestar 4,263,2026,M03,1048.0,Polestar,Geely (Lynk & Co),Kina,El,Nul-emission,Personbil
Volvo EX40,247,2026,M03,1018.0,Volvo,Geely (Lynk & Co),Kina,Benzin,Fossil,SUV/Crossover
BMW 5'er,228,2026,M03,1063.0,BMW,BMW Group,Tyskland,Benzin,Fossil,Personbil
Mazda 6e,215,2026,M03,1019.0,Mazda,Mazda Motor Corporation,Japan,Benzin,Fossil,Personbil
Mercedes-Benz EQB,211,2026,M03,1027.0,Mercedes-Benz,Mercedes-Benz Group,Tyskland,El,Nul-emission,Personbil
Zeekr 7X,206,2026,M03,1028.0,Zeekr,Geely (Lynk & Co),Kina,El,Nul-emission,Personbil
Suzuki Vitara,181,2026,M03,1029.0,Suzuki,Suzuki Motor Corporation,Japan,Benzin,Fossil,SUV/Crossover
Ford Explorer,178,2026,M03,1023.0,Ford,Ford Motor Company,USA,Benzin,Fossil,Personbil
Peugeot 208,173,2026,M03,1024.0,Peugeot,Stellantis,Europæisk (Multinational),Benzin,Fossil,Personbil
Audi Q6 e-tron,172,2026,M03,1160.0,Audi,Volkswagen Group,Tyskland,El,Nul-emission,SUV/Crossover
BMW i4,166,2026,M03,1045.0,BMW,BMW Group,Tyskland,El,Nul-emission,Personbil
Renault Megane E-Tech,160,2026,M03,1041.0,Renault,Renault Group,Frankrig,El,Nul-emission,Personbil
Toyota C-HR+,160,2026,M03,,Toyota,Toyota Motor Corporation,Japan,El,Nul-emission,SUV/Crossover
BMW 3'er,157,2026,M03,1051.0,BMW,BMW Group,Tyskland,Benzin,Fossil,Personbil
Toyota Yaris Cross,154,2026,M03,1020.0,Toyota,Toyota Motor Corporation,Japan,Benzin,Fossil,SUV/Crossover
Kia EV3,151,2026,M03,1033.0,Kia,Hyundai Motor Group,Sydkorea,Benzin,Fossil,Personbil
Audi Q2,150,2026,M03,1071.0,Audi,Volkswagen Group,Tyskland,Benzin,Fossil,SUV/Crossover
BMW iX1,147,2026,M03,1009.0,BMW,BMW Group,Tyskland,El,Nul-emission,SUV/Crossover
Audi A6 e-tron,143,2026,M03,1038.0,Audi,Volkswagen Group,Tyskland,El,Nul-emission,Personbil
Mercedes-Benz GLC,137,2026,M03,1076.0,Mercedes-Benz,Mercedes-Benz Group,Tyskland,Benzin,Fossil,Personbil
Cupra Born,135,2026,M03,1007.0,Cupra,Volkswagen Group,Tyskland,El,Nul-emission,Personbil
Skoda Kodiaq,130,2026,M03,1047.0,Skoda,Volkswagen Group,Tyskland,Benzin,Fossil,SUV/Crossover
Citroen C3 Aircross,128,2026,M03,1014.0,Citroen,Stellantis,Europæisk (Multinational),Benzin,Fossil,SUV/Crossover
Hyundai Ioniq 5,127,2026,M03,1050.0,Hyundai,Hyundai Motor Group,Sydkorea,El,Nul-emission,Personbil
Peugeot 5008,122,2026,M03,1039.0,Peugeot,Stellantis,Europæisk (Multinational),Benzin,Fossil,Personbil
Renault R4,122,2026,M03,1016.0,Renault,Renault Group,Frankrig,Benzin,Fossil,Personbil
Suzuki Swift,120,2026,M03,1034.0,Suzuki,Suzuki Motor Corporation,Japan,Benzin,Fossil,Personbil
BMW 1'er,119,2026,M03,1067.0,BMW,BMW Group,Tyskland,Benzin,Fossil,Personbil
MG ZS,117,2026,M03,1040.0,MG,SAIC Motor (MG),Kina,Benzin,Fossil,Personbil
Toyota Aygo X,117,2026,M03,1042.0,Toyota,Toyota Motor Corporation,Japan,Benzin,Fossil,Personbil
Hyundai Kona,113,2026,M03,1043.0,Hyundai,Hyundai Motor Group,Sydkorea,Benzin,Fossil,SUV/Crossover
Nissan Micra,113,2026,M03,1055.0,Nissan,Nissan Motor Co.,Japan,Benzin,Fossil,Personbil
Volvo EX30,110,2026,M03,1056.0,Volvo,Geely (Lynk & Co),Kina,Benzin,Fossil,SUV/Crossover
Renault Clio,109,2026,M03,1111.0,Renault,Renault Group,Frankrig,Benzin,Fossil,Personbil
Opel Frontera,102,2026,M03,1077.0,Opel,Stellantis,Europæisk (Multinational),Benzin,Fossil,SUV/Crossover
Peugeot 2008,102,2026,M03,1030.0,Peugeot,Stellantis,Europæisk (Multinational),Benzin,Fossil,Personbil
Leapmotor B10,97,2026,M03,1031.0,Leapmotor,Leapmotor,Kina,El,Nul-emission,Personbil
BMW i5,95,2026,M03,1049.0,BMW,BMW Group,Tyskland,El,Nul-emission,Personbil
Cupra Formentor,94,2026,M03,1062.0,Cupra,Volkswagen Group,Tyskland,Benzin,Fossil,Personbil
BYD Seal U,93,2026,M03,1104.0,BYD,BYD Auto,Kina,Benzin,Fossil,Personbil
Kia PV5,93,2026,M03,1066.0,Kia,Hyundai Motor Group,Sydkorea,Benzin,Fossil,Personbil
Volkswagen Passat,90,2026,M03,1125.0,Volkswagen,Volkswagen Group,Tyskland,Benzin,Fossil,Personbil
Mercedes-Benz A-Klasse,85,2026,M03,1123.0,Mercedes-Benz,Mercedes-Benz Group,Tyskland,Benzin,Fossil,Personbil
Mercedes-Benz GLB,78,2026,M03,1088.0,Mercedes-Benz,Mercedes-Benz Group,Tyskland,Benzin,Fossil,Personbil
Volkswagen Tiguan,78,2026,M03,1145.0,Volkswagen,Volkswagen Group,Tyskland,Benzin,Fossil,SUV/Crossover
Opel Grandland,76,2026,M03,1072.0,Opel,Stellantis,Europæisk (Multinational),Benzin,Fossil,SUV/Crossover
Citroen C5 Aircross,75,2026,M03,1032.0,Citroen,Stellantis,Europæisk (Multinational),Benzin,Fossil,SUV/Crossover
Citroen C3,74,2026,M03,1012.0,Citroen,Stellantis,Europæisk (Multinational),Benzin,Fossil,Personbil
Audi A3,71,2026,M03,1064.0,Audi,Volkswagen Group,Tyskland,Benzin,Fossil,Personbil
Kia EV4,71,2026,M03,1059.0,Kia,Hyundai Motor Group,Sydkorea,Benzin,Fossil,Personbil
MG 4,70,2026,M03,1037.0,MG,SAIC Motor (MG),Kina,Benzin,Fossil,Personbil
Hyundai Inster,68,2026,M03,1061.0,Hyundai,Hyundai Motor Group,Sydkorea,Benzin,Fossil,Personbil
Dacia Duster,63,2026,M03,1229.0,Dacia,Renault Group,Frankrig,Benzin,Fossil,Personbil
Kia EV6,63,2026,M03,1069.0,Kia,Hyundai Motor Group,Sydkorea,Benzin,Fossil,Personbil
Mazda CX-5,63,2026,M03,1311.0,Mazda,Mazda Motor Corporation,Japan,Benzin,Fossil,SUV/Crossover
Mercedes-Benz EQE,62,2026,M03,1074.0,Mercedes-Benz,Mercedes-Benz Group,Tyskland,El,Nul-emission,Personbil
Peugeot 3008,62,2026,M03,1036.0,Peugeot,Stellantis,Europæisk (Multinational),Benzin,Fossil,Personbil
Audi Q3,61,2026,M03,1099.0,Audi,Volkswagen Group,Tyskland,Benzin,Fossil,SUV/Crossover
Xpeng G9,61,2026,M03,1068.0,Xpeng,XPeng,Kina,El,Nul-emission,Personbil
Lexus LBX,60,2026,M03,1165.0,Lexus,Toyota Motor Corporation,Japan,Benzin,Fossil,Personbil
Toyota Yaris,60,2026,M03,1057.0,Toyota,Toyota Motor Corporation,Japan,Hybrid,Lav-emission,Personbil
Audi A5,59,2026,M03,1115.0,Audi,Volkswagen Group,Tyskland,Benzin,Fossil,Personbil
Volkswagen Touran,59,2026,M03,1182.0,Volkswagen,Volkswagen Group,Tyskland,Benzin,Fossil,Personbil
Mercedes-Benz GLA,56,2026,M03,1090.0,Mercedes-Benz,Mercedes-Benz Group,Tyskland,Benzin,Fossil,Personbil
Navor E5,56,2026,M03,1078.0,Navor,DFSK Motor,Kina,Benzin,Fossil,Personbil
Mercedes-Benz C-Klasse,55,2026,M03,1098.0,Mercedes-Benz,Mercedes-Benz Group,Tyskland,Benzin,Fossil,Personbil
BYD Sealion 7,54,2026,M03,1096.0,BYD,BYD Auto,Kina,Benzin,Fossil,Personbil
BYD Atto 2,52,2026,M03,1106.0,BYD,BYD Auto,Kina,Benzin,Fossil,Personbil
MG S6 EV,52,2026,M03,1101.0,MG,SAIC Motor (MG),Kina,Benzin,Fossil,Personbil
Volkswagen ID.5,52,2026,M03,1053.0,Volkswagen,Volkswagen Group,Tyskland,El,Nul-emission,Personbil
Volkswagen T-Roc,51,2026,M03,1080.0,Volkswagen,Volkswagen Group,Tyskland,Benzin,Fossil,SUV/Crossover
Volvo EC40,51,2026,M03,1093.0,Volvo,Geely (Lynk & Co),Kina,Benzin,Fossil,Personbil
Kia EV9,46,2026,M03,1058.0,Kia,Hyundai Motor Group,Sydkorea,Benzin,Fossil,Personbil
Dacia Sandero,45,2026,M03,1231.0,Dacia,Renault Group,Frankrig,Benzin,Fossil,Personbil
Zeekr 001,45,2026,M03,1136.0,Zeekr,Geely (Lynk & Co),Kina,El,Nul-emission,Personbil
Audi A6,41,2026,M03,1159.0,Audi,Volkswagen Group,Tyskland,Benzin,Fossil,Personbil
Skoda Octavia,41,2026,M03,1157.0,Skoda,Volkswagen Group,Tyskland,Benzin,Fossil,Personbil
Dacia Jogger,40,2026,M03,1230.0,Dacia,Renault Group,Frankrig,Benzin,Fossil,Personbil
Cupra Leon,39,2026,M03,1100.0,Cupra,Volkswagen Group,Tyskland,Benzin,Fossil,Personbil
Hyundai Ioniq 6,39,2026,M03,1133.0,Hyundai,Hyundai Motor Group,Sydkorea,El,Nul-emission,Personbil
BMW iX3,37,2026,M03,1224.0,BMW,BMW Group,Tyskland,El,Nul-emission,SUV/Crossover
BMW X3,36,2026,M03,1141.0,BMW,BMW Group,Tyskland,Benzin,Fossil,SUV/Crossover
Ford Tourneo Custom,35,2026,M03,1082.0,Ford,Ford Motor Company,USA,Benzin,Fossil,Varebil/MPV
MG S5,34,2026,M03,1046.0,MG,SAIC Motor (MG),Kina,Benzin,Fossil,Personbil
Porsche Macan,33,2026,M03,1119.0,Porsche,Volkswagen Group,Tyskland,Benzin,Fossil,SUV/Crossover
Renault Symbioz,33,2026,M03,1085.0,Renault,Renault Group,Frankrig,Benzin,Fossil,Personbil
Subaru Solterra,33,2026,M03,1113.0,Subaru,Subaru Corporation,Japan,Benzin,Fossil,Personbil
BYD Seal,31,2026,M03,1107.0,BYD,BYD Auto,Kina,Benzin,Fossil,Personbil
Mini 3-dørs,31,2026,M03,1083.0,Mini,BMW Group,Tyskland,Benzin,Fossil,Personbil
Ford Puma,30,2026,M03,1054.0,Ford,Ford Motor Company,USA,Benzin,Fossil,Personbil
Ford Transit,30,2026,M03,1091.0,Ford,Ford Motor Company,USA,Benzin,Fossil,Varebil/MPV
BYD Dolphin Surf,29,2026,M03,1095.0,BYD,BYD Auto,Kina,Benzin,Fossil,Personbil
Jaecoo J5,29,2026,M03,1116.0,Jaecoo,Chery Group,Kina,Benzin,Fossil,Personbil
BMW iX,28,2026,M03,1089.0,BMW,BMW Group,Tyskland,El,Nul-emission,Personbil
Ford Capri,28,2026,M03,1052.0,Ford,Ford Motor Company,USA,Benzin,Fossil,Personbil
MG HS,27,2026,M03,1109.0,MG,SAIC Motor (MG),Kina,Benzin,Fossil,Personbil
Mini Aceman,27,2026,M03,1079.0,Mini,BMW Group,Tyskland,El,Nul-emission,Personbil
BMW iX2,26,2026,M03,1087.0,BMW,BMW Group,Tyskland,El,Nul-emission,SUV/Crossover
Mercedes-Benz EQE SUV,26,2026,M03,1110.0,Mercedes-Benz,Mercedes-Benz Group,Tyskland,El,Nul-emission,SUV/Crossover
Cupra Terramar,25,2026,M03,1044.0,Cupra,Volkswagen Group,Tyskland,Benzin,Fossil,Personbil
Mercedes-Benz E-Klasse,25,2026,M03,1128.0,Mercedes-Benz,Mercedes-Benz Group,Tyskland,Benzin,Fossil,Personbil
Honda HR-V,24,2026,M03,1149.0,Honda,Honda Motor Co.,Japan,Benzin,Fossil,Personbil
Nissan Ariya,24,2026,M03,1070.0,Nissan,Nissan Motor Co.,Japan,Benzin,Fossil,Personbil
Seat Arona,23,2026,M03,1177.0,Seat,Volkswagen Group,Tyskland,Benzin,Fossil,Personbil
Skoda Kamiq,23,2026,M03,1112.0,Skoda,Volkswagen Group,Tyskland,Benzin,Fossil,SUV/Crossover
Hyundai Ioniq 9,21,2026,M03,1118.0,Hyundai,Hyundai Motor Group,Sydkorea,El,Nul-emission,Personbil
Seat Ibiza,21,2026,M03,1073.0,Seat,Volkswagen Group,Tyskland,Benzin,Fossil,Personbil
BYD Dolphin,17,2026,M03,1187.0,BYD,BYD Auto,Kina,Benzin,Fossil,Personbil
Honda e:Ny1,17,2026,M03,1086.0,Honda,Honda Motor Co.,Japan,El,Nul-emission,Personbil
Omoda 5,17,2026,M03,1129.0,Omoda,Chery Group,Kina,Benzin,Fossil,Personbil
Toyota Corolla Cross,17,2026,M03,1124.0,Toyota,Toyota Motor Corporation,Japan,Benzin,Fossil,SUV/Crossover
Dacia Bigster,15,2026,M03,1278.0,Dacia,Renault Group,Frankrig,Benzin,Fossil,Personbil
Mercedes-Benz Sprinter,15,2026,M03,1134.0,Mercedes-Benz,Mercedes-Benz Group,Tyskland,Benzin,Fossil,Varebil/MPV
Mercedes-Benz EQV,14,2026,M03,1155.0,Mercedes-Benz,Mercedes-Benz Group,Tyskland,El,Nul-emission,Personbil
BYD Tang,13,2026,M03,1126.0,BYD,BYD Auto,Kina,Benzin,Fossil,Personbil
Honda Civic,13,2026,M03,1163.0,Honda,Honda Motor Co.,Japan,Hybrid,Lav-emission,Personbil
Nissan Juke,13,2026,M03,1103.0,Nissan,Nissan Motor Co.,Japan,Benzin,Fossil,SUV/Crossover
Volvo ES90,13,2026,M03,1105.0,Volvo,Geely (Lynk & Co),Kina,Benzin,Fossil,Personbil
Mercedes-Benz CLE,12,2026,M03,1257.0,Mercedes-Benz,Mercedes-Benz Group,Tyskland,Benzin,Fossil,Personbil
Mini Countryman,12,2026,M03,1102.0,Mini,BMW Group,Tyskland,Benzin,Fossil,Personbil
Suzuki SX4,12,2026,M03,1131.0,Suzuki,Suzuki Motor Corporation,Japan,Benzin,Fossil,SUV/Crossover
Toyota Proace Verso,12,2026,M03,1135.0,Toyota,Toyota Motor Corporation,Japan,Benzin,Fossil,Varebil/MPV
BMW 4'er,11,2026,M03,1185.0,BMW,BMW Group,Tyskland,Benzin,Fossil,Personbil
Ford Mustang Mach-E,11,2026,M03,1147.0,Ford,Ford Motor Company,USA,Benzin,Fossil,Personbil
Audi Q5,10,2026,M03,1137.0,Audi,Volkswagen Group,Tyskland,Benzin,Fossil,SUV/Crossover
BYD Atto 3 Evo,10,2026,M03,,BYD,BYD Auto,Kina,El,Nul-emission,SUV/Crossover
Honda CR-V,10,2026,M03,1127.0,Honda,Honda Motor Co.,Japan,Hybrid,Lav-emission,Personbil
Lexus RZ,10,2026,M03,1075.0,Lexus,Toyota Motor Corporation,Japan,Benzin,Fossil,Personbil
Skoda Scala,9,2026,M03,1130.0,Skoda,Volkswagen Group,Tyskland,Benzin,Fossil,Personbil
Ford Kuga,8,2026,M03,1060.0,Ford,Ford Motor Company,USA,Hybrid,Lav-emission,Personbil
Mazda CX-30,8,2026,M03,1084.0,Mazda,Mazda Motor Corporation,Japan,Benzin,Fossil,SUV/Crossover
Mazda MX-30,8,2026,M03,1199.0,Mazda,Mazda Motor Corporation,Japan,Benzin,Fossil,Personbil
MG Cyberster,8,2026,M03,1173.0,MG,SAIC Motor (MG),Kina,Benzin,Fossil,Personbil
Volkswagen Caravelle,8,2026,M03,1217.0,Volkswagen,Volkswagen Group,Tyskland,Benzin,Fossil,Varebil/MPV
Volvo EX90,8,2026,M03,1081.0,Volvo,Geely (Lynk & Co),Kina,Benzin,Fossil,Personbil
BMW i7,7,2026,M03,1146.0,BMW,BMW Group,Tyskland,El,Nul-emission,Personbil
BMW i7,7,2026,M03,,BMW,BMW Group,Tyskland,El,Nul-emission,Personbil
Citroen Berlingo,7,2026,M03,1117.0,Citroen,Stellantis,Europæisk (Multinational),Benzin,Fossil,Varebil/MPV
Deepal S05,7,2026,M03,,Deepal,Changan Automobile,Kina,El,Nul-emission,SUV/Crossover
Hyundai Bayon,7,2026,M03,1151.0,Hyundai,Hyundai Motor Group,Sydkorea,Benzin,Fossil,Personbil
KGM Torres EVX,7,2026,M03,1108.0,KGM,KG Mobility (tidl. SsangYong),Sydkorea,El,Nul-emission,SUV/Crossover
Opel Mokka,7,2026,M03,1261.0,Opel,Stellantis,Europæisk (Multinational),Benzin,Fossil,Personbil
Opel Vivaro,6,2026,M03,1416.0,Opel,Stellantis,Europæisk (Multinational),Benzin,Fossil,Varebil/MPV
Polestar 2,6,2026,M03,1097.0,Polestar,Geely (Lynk & Co),Kina,El,Nul-emission,Personbil
Renault Trafic,6,2026,M03,1176.0,Renault,Renault Group,Frankrig,Benzin,Fossil,Varebil/MPV
Land Rover Range Rover Sport,5,2026,M03,1196.0,Land Rover,Jaguar Land Rover (Tata Motors),Indien,Benzin,Fossil,SUV/Crossover
Mercedes-Benz G-Klasse,5,2026,M03,1170.0,Mercedes-Benz,Mercedes-Benz Group,Tyskland,Benzin,Fossil,Personbil
Mercedes-Benz GLE,5,2026,M03,1144.0,Mercedes-Benz,Mercedes-Benz Group,Tyskland,Benzin,Fossil,Personbil
Skoda Karoq,5,2026,M03,1094.0,Skoda,Volkswagen Group,Tyskland,Benzin,Fossil,SUV/Crossover
Toyota Proace,5,2026,M03,1215.0,Toyota,Toyota Motor Corporation,Japan,Benzin,Fossil,Varebil/MPV
Mazda 3,4,2026,M03,1154.0,Mazda,Mazda Motor Corporation,Japan,Benzin,Fossil,Personbil
Mazda MX-5,4,2026,M03,1346.0,Mazda,Mazda Motor Corporation,Japan,Benzin,Fossil,Personbil
Mercedes-Benz V-Klasse,4,2026,M03,1171.0,Mercedes-Benz,Mercedes-Benz Group,Tyskland,Benzin,Fossil,Personbil
Skoda Fabia,4,2026,M03,1211.0,Skoda,Volkswagen Group,Tyskland,Benzin,Fossil,Personbil
Volkswagen Caddy,4,2026,M03,1216.0,Volkswagen,Volkswagen Group,Tyskland,Benzin,Fossil,Varebil/MPV
Zeekr X,4,2026,M03,1114.0,Zeekr,Geely (Lynk & Co),Kina,El,Nul-emission,Personbil
BMW X5,3,2026,M03,1186.0,BMW,BMW Group,Tyskland,Benzin,Fossil,SUV/Crossover
DS N°8,3,2026,M03,,DS,Stellantis,Europæisk (Multinational),El,Nul-emission,SUV/Crossover
Exlantix ET,3,2026,M03,1132.0,Exlantix,Chery Group,Kina,El,Nul-emission,Personbil
Fiat Grande Panda,3,2026,M03,1122.0,Fiat,Stellantis,Europæisk (Multinational),Benzin,Fossil,Personbil
Fiat Topolino,3,2026,M03,,Fiat,Stellantis,Europæisk (Multinational),Benzin,Fossil,Personbil
Mazda CX-80,3,2026,M03,1168.0,Mazda,Mazda Motor Corporation,Japan,Benzin,Fossil,SUV/Crossover
Porsche 911,3,2026,M03,1264.0,Porsche,Volkswagen Group,Tyskland,Benzin,Fossil,Personbil
Porsche Cayenne,3,2026,M03,1208.0,Porsche,Volkswagen Group,Tyskland,Benzin,Fossil,SUV/Crossover
Porsche Taycan,3,2026,M03,1175.0,Porsche,Volkswagen Group,Tyskland,El,Nul-emission,Personbil
Volkswagen Polo,3,2026,M03,1140.0,Volkswagen,Volkswagen Group,Tyskland,Benzin,Fossil,Personbil
Exlantix ES,2,2026,M03,1142.0,Exlantix,Chery Group,Kina,El,Nul-emission,Personbil
Fisker Ocean,2,2026,M03,1233.0,Fisker,Fisker Inc.,USA,El,Nul-emission,Personbil
Hisun HS5DUTV-2,2,2026,M03,1148.0,Hisun,"Chongqing Huansong Industrial (Group) Co., Ltd.",Kina,Benzin,Fossil,ATV/UTV/Andet
Honda Jazz,2,2026,M03,1150.0,Honda,Honda Motor Co.,Japan,Benzin,Fossil,Personbil
Hongqi EHS7,2,2026,M03,1138.0,Hongqi,FAW (Hongqi),Kina,El,Nul-emission,Personbil
Mazda 2,2,2026,M03,1153.0,Mazda,Mazda Motor Corporation,Japan,Benzin,Fossil,Personbil
Nio Firefly,2,2026,M03,1203.0,Nio,NIO,Kina,El,Nul-emission,Personbil
Renault Master,2,2026,M03,1120.0,Renault,Renault Group,Frankrig,Benzin,Fossil,Varebil/MPV
Tesla Model X,2,2026,M03,1214.0,Tesla,"Tesla, Inc.",USA,El,Nul-emission,Personbil
Volkswagen Golf,2,2026,M03,1219.0,Volkswagen,Volkswagen Group,Tyskland,Benzin,Fossil,Personbil
Audi Q7,1,2026,M03,1293.0,Audi,Volkswagen Group,Tyskland,Benzin,Fossil,SUV/Crossover
Bach YM2000DP,1,2026,M03,1294.0,Bach,Bach,Danmark,El,Nul-emission,Kabinescooter
BMW 2'er,1,2026,M03,1223.0,BMW,BMW Group,Tyskland,Benzin,Fossil,Personbil
BMW X2,1,2026,M03,1434.0,BMW,BMW Group,Tyskland,Benzin,Fossil,SUV/Crossover
Fiat 500,1,2026,M03,1232.0,Fiat,Stellantis,Europæisk (Multinational),Benzin,Fossil,Personbil
Ford Focus,1,2026,M03,1162.0,Ford,Ford Motor Company,USA,Benzin,Fossil,Personbil
Garia Monaco 4,1,2026,M03,1338.0,Garia,Garia,Danmark,Benzin,Fossil,Personbil
Harley Davidson FLRT,1,2026,M03,1403.0,Harley Davidson,Harley Davidson,USA,Benzin,Fossil,ATV/UTV/Andet
Honda Prelude,1,2026,M03,,Honda,Honda Motor Company,Japan,Benzin,Fossil,Personbil
Honda ZR-V,1,2026,M03,1193.0,Honda,Honda Motor Co.,Japan,Benzin,Fossil,Personbil
JAC e-JS4,1,2026,M03,1303.0,JAC,JAC Motors,Kina,Benzin,Fossil,Personbil
Jia Ji JJ2000,1,2026,M03,,Jia Ji,Jia Ji,Kina,El,Nul-emission,ATV/UTV/Andet
Kia Niro,1,2026,M03,1244.0,Kia,Hyundai Motor Group,Sydkorea,Benzin,Fossil,Personbil
Land Rover Defender,1,2026,M03,1250.0,Land Rover,Jaguar Land Rover (Tata Motors),Indien,Benzin,Fossil,SUV/Crossover
Land Rover Discovery Sport,1,2026,M03,1251.0,Land Rover,Jaguar Land Rover (Tata Motors),Indien,Benzin,Fossil,SUV/Crossover
Land Rover Range Rover,1,2026,M03,1283.0,Land Rover,Jaguar Land Rover (Tata Motors),Indien,Benzin,Fossil,SUV/Crossover
Leapmotor T03,1,2026,M03,,Leapmotor,Leapmotor,Kina,El,Nul-emission,Personbil
Linhai LH80DA,1,2026,M03,1334.0,Linhai,"Zhejiang Linhai Power Machinery Group Co., Ltd.",Ukendt,Benzin,Fossil,ATV/UTV/Andet
MAN TGE,1,2026,M03,1197.0,MAN,TRATON (Volkswagen Group),Tyskland,Benzin,Fossil,Varebil/MPV
Maxus Euniq5,1,2026,M03,1198.0,Maxus,SAIC Motor (Maxus),Kina,Benzin,Fossil,SUV/Crossover
Maxus Euniq6,1,2026,M03,1167.0,Maxus,SAIC Motor (Maxus),Kina,Benzin,Fossil,SUV/Crossover
Mercedes-Benz EQS,1,2026,M03,1169.0,Mercedes-Benz,Mercedes-Benz Group,Tyskland,El,Nul-emission,Personbil
Mercedes-Benz S-Klasse,1,2026,M03,1201.0,Mercedes-Benz,Mercedes-Benz Group,Tyskland,Benzin,Fossil,Personbil
Mercedes-Benz Vito Tourer,1,2026,M03,1092.0,Mercedes-Benz,Mercedes-Benz Group,Tyskland,Benzin,Fossil,Varebil/MPV
Nissan X-Trail,1,2026,M03,1204.0,Nissan,Nissan Motor Co.,Japan,Hybrid,Lav-emission,Personbil
Peugeot 308,1,2026,M03,1206.0,Peugeot,Stellantis,Europæisk (Multinational),Benzin,Fossil,Personbil
Peugeot Expert,1,2026,M03,1363.0,Peugeot,Stellantis,Europæisk (Multinational),Benzin,Fossil,Varebil/MPV
Peugeot Partner,1,2026,M03,,Peugeot,Stellantis,Europæisk (Multinational),Benzin,Fossil,Varebil/MPV
Porsche 718 Spyder RS,1,2026,M03,1322.0,Porsche,Volkswagen Group,Tyskland,Benzin,Fossil,ATV/UTV/Andet
Renault Captur,1,2026,M03,1266.0,Renault,Renault Group,Frankrig,Benzin,Fossil,Personbil
Rolls-Royce Spectre,1,2026,M03,1288.0,Rolls-Royce,BMW Group,Tyskland,Benzin,Fossil,Personbil
Skoda Superb,1,2026,M03,1139.0,Skoda,Volkswagen Group,Tyskland,Benzin,Fossil,Personbil
Skyworth K,1,2026,M03,1121.0,Skyworth,Skyworth,Ukendt,El,Nul-emission,Personbil
Tesla Model S,1,2026,M03,1213.0,Tesla,"Tesla, Inc.",USA,El,Nul-emission,Personbil
Today Sunshine,1,2026,M03,1158.0,Today Sunshine,Today Sunshine,Ukendt,Benzin,Fossil,Personbil
Toyota Proace City Verso,1,2026,M03,1327.0,Toyota,Toyota Motor Corporation,Japan,Benzin,Fossil,Varebil/MPV
Volkswagen Crafter,1,2026,M03,1218.0,Volkswagen,Volkswagen Group,Tyskland,Benzin,Fossil,Varebil/MPV
Yunlong JJ2000DBP,1,2026,M03,1277.0,Yunlong,MG,Kina,Benzin,Fossil,Personbil
Skoda Elroq,482,2025,M03,1001.0,Skoda,Volkswagen Group,Tyskland,El,Nul-emission,Personbil
Tesla Model Y,458,2025,M03,1002.0,Tesla,"Tesla, Inc.",USA,El,Nul-emission,Personbil
Volkswagen ID.4,834,2025,M03,1005.0,Volkswagen,Volkswagen Group,Tyskland,El,Nul-emission,Personbil
Skoda Enyaq iV,430,2025,M03,1006.0,Skoda,Volkswagen Group,Tyskland,El,Nul-emission,Personbil
Cupra Tavascan,233,2025,M03,1065.0,Cupra,Volkswagen Group,Tyskland,Benzin,Fossil,Personbil
Toyota bZ4X,424,2025,M03,1000.0,Toyota,Toyota Motor Corporation,Japan,El,Nul-emission,Personbil
Tesla Model 3,134,2025,M03,1179.0,Tesla,"Tesla, Inc.",USA,El,Nul-emission,Personbil
Audi Q4 e-tron,407,2025,M03,1003.0,Audi,Volkswagen Group,Tyskland,El,Nul-emission,SUV/Crossover
Nissan Qashqai,378,2025,M03,1035.0,Nissan,Nissan Motor Co.,Japan,Benzin,Fossil,SUV/Crossover
Mercedes-Benz EQA,334,2025,M03,1026.0,Mercedes-Benz,Mercedes-Benz Group,Tyskland,El,Nul-emission,Personbil
Volkswagen ID.3,475,2025,M03,1011.0,Volkswagen,Volkswagen Group,Tyskland,El,Nul-emission,Personbil
Renault Scenic,118,2025,M03,1021.0,Renault,Renault Group,Frankrig,Benzin,Fossil,Personbil
BMW X1,127,2025,M03,1013.0,BMW,BMW Group,Tyskland,Benzin,Fossil,SUV/Crossover
Renault R5,7,2025,M03,1008.0,Renault,Renault Group,Frankrig,Benzin,Fossil,Personbil
Volkswagen ID.7,267,2025,M03,1017.0,Volkswagen,Volkswagen Group,Tyskland,El,Nul-emission,Personbil
Volkswagen ID. Buzz,371,2025,M03,1010.0,Volkswagen,Volkswagen Group,Tyskland,El,Nul-emission,Personbil
Mercedes-Benz CLA,28,2025,M03,1022.0,Mercedes-Benz,Mercedes-Benz Group,Tyskland,Benzin,Fossil,Personbil
Xpeng G6,221,2025,M03,1015.0,Xpeng,XPeng,Kina,El,Nul-emission,Personbil
Polestar 4,66,2025,M03,1048.0,Polestar,Geely (Lynk & Co),Kina,El,Nul-emission,Personbil
Volvo EX40,178,2025,M03,1018.0,Volvo,Geely (Lynk & Co),Kina,Benzin,Fossil,SUV/Crossover
BMW 5'er,44,2025,M03,1063.0,BMW,BMW Group,Tyskland,Benzin,Fossil,Personbil
Mercedes-Benz EQB,246,2025,M03,1027.0,Mercedes-Benz,Mercedes-Benz Group,Tyskland,El,Nul-emission,Personbil
Suzuki Vitara,53,2025,M03,1029.0,Suzuki,Suzuki Motor Corporation,Japan,Benzin,Fossil,SUV/Crossover
Ford Explorer,145,2025,M03,1023.0,Ford,Ford Motor Company,USA,Benzin,Fossil,Personbil
Peugeot 208,7,2025,M03,1024.0,Peugeot,Stellantis,Europæisk (Multinational),Benzin,Fossil,Personbil
Audi Q6 e-tron,216,2025,M03,1160.0,Audi,Volkswagen Group,Tyskland,El,Nul-emission,SUV/Crossover
BMW i4,69,2025,M03,1045.0,BMW,BMW Group,Tyskland,El,Nul-emission,Personbil
Renault Megane E-Tech,69,2025,M03,1041.0,Renault,Renault Group,Frankrig,El,Nul-emission,Personbil
BMW 3'er,188,2025,M03,1051.0,BMW,BMW Group,Tyskland,Benzin,Fossil,Personbil
Toyota Yaris Cross,88,2025,M03,1020.0,Toyota,Toyota Motor Corporation,Japan,Benzin,Fossil,SUV/Crossover
Kia EV3,311,2025,M03,1033.0,Kia,Hyundai Motor Group,Sydkorea,Benzin,Fossil,Personbil
Audi Q2,175,2025,M03,1071.0,Audi,Volkswagen Group,Tyskland,Benzin,Fossil,SUV/Crossover
BMW iX1,234,2025,M03,1009.0,BMW,BMW Group,Tyskland,El,Nul-emission,SUV/Crossover
Audi A6 e-tron,68,2025,M03,1038.0,Audi,Volkswagen Group,Tyskland,El,Nul-emission,Personbil
Mercedes-Benz GLC,100,2025,M03,1076.0,Mercedes-Benz,Mercedes-Benz Group,Tyskland,Benzin,Fossil,Personbil
Cupra Born,230,2025,M03,1007.0,Cupra,Volkswagen Group,Tyskland,El,Nul-emission,Personbil
Skoda Kodiaq,50,2025,M03,1047.0,Skoda,Volkswagen Group,Tyskland,Benzin,Fossil,SUV/Crossover
Hyundai Ioniq 5,119,2025,M03,1050.0,Hyundai,Hyundai Motor Group,Sydkorea,El,Nul-emission,Personbil
Peugeot 5008,78,2025,M03,1039.0,Peugeot,Stellantis,Europæisk (Multinational),Benzin,Fossil,Personbil
Suzuki Swift,145,2025,M03,1034.0,Suzuki,Suzuki Motor Corporation,Japan,Benzin,Fossil,Personbil
BMW 1'er,81,2025,M03,1067.0,BMW,BMW Group,Tyskland,Benzin,Fossil,Personbil
MG ZS,244,2025,M03,1040.0,MG,SAIC Motor (MG),Kina,Benzin,Fossil,Personbil
Toyota Aygo X,149,2025,M03,1042.0,Toyota,Toyota Motor Corporation,Japan,Benzin,Fossil,Personbil
Hyundai Kona,150,2025,M03,1043.0,Hyundai,Hyundai Motor Group,Sydkorea,Benzin,Fossil,SUV/Crossover
Volvo EX30,62,2025,M03,1056.0,Volvo,Geely (Lynk & Co),Kina,Benzin,Fossil,SUV/Crossover
Renault Clio,76,2025,M03,1111.0,Renault,Renault Group,Frankrig,Benzin,Fossil,Personbil
Peugeot 2008,59,2025,M03,1030.0,Peugeot,Stellantis,Europæisk (Multinational),Benzin,Fossil,Personbil
BMW i5,107,2025,M03,1049.0,BMW,BMW Group,Tyskland,El,Nul-emission,Personbil
Cupra Formentor,250,2025,M03,1062.0,Cupra,Volkswagen Group,Tyskland,Benzin,Fossil,Personbil
BYD Seal U,22,2025,M03,1104.0,BYD,BYD Auto,Kina,Benzin,Fossil,Personbil
Volkswagen Passat,39,2025,M03,1125.0,Volkswagen,Volkswagen Group,Tyskland,Benzin,Fossil,Personbil
Mercedes-Benz A-Klasse,82,2025,M03,1123.0,Mercedes-Benz,Mercedes-Benz Group,Tyskland,Benzin,Fossil,Personbil
Mercedes-Benz GLB,41,2025,M03,1088.0,Mercedes-Benz,Mercedes-Benz Group,Tyskland,Benzin,Fossil,Personbil
Volkswagen Tiguan,41,2025,M03,1145.0,Volkswagen,Volkswagen Group,Tyskland,Benzin,Fossil,SUV/Crossover
Opel Grandland,4,2025,M03,1072.0,Opel,Stellantis,Europæisk (Multinational),Benzin,Fossil,SUV/Crossover
Citroen C3,25,2025,M03,1012.0,Citroen,Stellantis,Europæisk (Multinational),Benzin,Fossil,Personbil
Audi A3,47,2025,M03,1064.0,Audi,Volkswagen Group,Tyskland,Benzin,Fossil,Personbil
MG 4,48,2025,M03,1037.0,MG,SAIC Motor (MG),Kina,Benzin,Fossil,Personbil
Hyundai Inster,162,2025,M03,1061.0,Hyundai,Hyundai Motor Group,Sydkorea,Benzin,Fossil,Personbil
Dacia Duster,9,2025,M03,1229.0,Dacia,Renault Group,Frankrig,Benzin,Fossil,Personbil
Kia EV6,226,2025,M03,1069.0,Kia,Hyundai Motor Group,Sydkorea,Benzin,Fossil,Personbil
Mercedes-Benz EQE,100,2025,M03,1074.0,Mercedes-Benz,Mercedes-Benz Group,Tyskland,El,Nul-emission,Personbil
Peugeot 3008,59,2025,M03,1036.0,Peugeot,Stellantis,Europæisk (Multinational),Benzin,Fossil,Personbil
Audi Q3,107,2025,M03,1099.0,Audi,Volkswagen Group,Tyskland,Benzin,Fossil,SUV/Crossover
Xpeng G9,32,2025,M03,1068.0,Xpeng,XPeng,Kina,El,Nul-emission,Personbil
Lexus LBX,2,2025,M03,1165.0,Lexus,Toyota Motor Corporation,Japan,Benzin,Fossil,Personbil
Toyota Yaris,205,2025,M03,1057.0,Toyota,Toyota Motor Corporation,Japan,Hybrid,Lav-emission,Personbil
Audi A5,22,2025,M03,1115.0,Audi,Volkswagen Group,Tyskland,Benzin,Fossil,Personbil
Volkswagen Touran,33,2025,M03,1182.0,Volkswagen,Volkswagen Group,Tyskland,Benzin,Fossil,Personbil
Mercedes-Benz GLA,92,2025,M03,1090.0,Mercedes-Benz,Mercedes-Benz Group,Tyskland,Benzin,Fossil,Personbil
Navor E5,156,2025,M03,1078.0,Navor,DFSK Motor,Kina,Benzin,Fossil,Personbil
Mercedes-Benz C-Klasse,105,2025,M03,1098.0,Mercedes-Benz,Mercedes-Benz Group,Tyskland,Benzin,Fossil,Personbil
BYD Sealion 7,127,2025,M03,1096.0,BYD,BYD Auto,Kina,Benzin,Fossil,Personbil
BYD Atto 2,13,2025,M03,1106.0,BYD,BYD Auto,Kina,Benzin,Fossil,Personbil
Volkswagen ID.5,83,2025,M03,1053.0,Volkswagen,Volkswagen Group,Tyskland,El,Nul-emission,Personbil
Volkswagen T-Roc,118,2025,M03,1080.0,Volkswagen,Volkswagen Group,Tyskland,Benzin,Fossil,SUV/Crossover
Volvo EC40,35,2025,M03,1093.0,Volvo,Geely (Lynk & Co),Kina,Benzin,Fossil,Personbil
Kia EV9,21,2025,M03,1058.0,Kia,Hyundai Motor Group,Sydkorea,Benzin,Fossil,Personbil
Dacia Sandero,36,2025,M03,1231.0,Dacia,Renault Group,Frankrig,Benzin,Fossil,Personbil
Audi A6,1,2025,M03,1159.0,Audi,Volkswagen Group,Tyskland,Benzin,Fossil,Personbil
Skoda Octavia,10,2025,M03,1157.0,Skoda,Volkswagen Group,Tyskland,Benzin,Fossil,Personbil
Dacia Jogger,34,2025,M03,1230.0,Dacia,Renault Group,Frankrig,Benzin,Fossil,Personbil
Cupra Leon,62,2025,M03,1100.0,Cupra,Volkswagen Group,Tyskland,Benzin,Fossil,Personbil
Hyundai Ioniq 6,32,2025,M03,1133.0,Hyundai,Hyundai Motor Group,Sydkorea,El,Nul-emission,Personbil
BMW iX3,7,2025,M03,1224.0,BMW,BMW Group,Tyskland,El,Nul-emission,SUV/Crossover
BMW X3,4,2025,M03,1141.0,BMW,BMW Group,Tyskland,Benzin,Fossil,SUV/Crossover
Ford Tourneo Custom,44,2025,M03,1082.0,Ford,Ford Motor Company,USA,Benzin,Fossil,Varebil/MPV
Porsche Macan,42,2025,M03,1119.0,Porsche,Volkswagen Group,Tyskland,Benzin,Fossil,SUV/Crossover
Subaru Solterra,14,2025,M03,1113.0,Subaru,Subaru Corporation,Japan,Benzin,Fossil,Personbil
BYD Seal,43,2025,M03,1107.0,BYD,BYD Auto,Kina,Benzin,Fossil,Personbil
Mini 3-dørs,10,2025,M03,1083.0,Mini,BMW Group,Tyskland,Benzin,Fossil,Personbil
Ford Puma,1,2025,M03,1054.0,Ford,Ford Motor Company,USA,Benzin,Fossil,Personbil
Ford Transit,3,2025,M03,1091.0,Ford,Ford Motor Company,USA,Benzin,Fossil,Varebil/MPV
BMW iX,10,2025,M03,1089.0,BMW,BMW Group,Tyskland,El,Nul-emission,Personbil
Ford Capri,48,2025,M03,1052.0,Ford,Ford Motor Company,USA,Benzin,Fossil,Personbil
MG HS,11,2025,M03,1109.0,MG,SAIC Motor (MG),Kina,Benzin,Fossil,Personbil
Mini Aceman,15,2025,M03,1079.0,Mini,BMW Group,Tyskland,El,Nul-emission,Personbil
BMW iX2,28,2025,M03,1087.0,BMW,BMW Group,Tyskland,El,Nul-emission,SUV/Crossover
Mercedes-Benz EQE SUV,53,2025,M03,1110.0,Mercedes-Benz,Mercedes-Benz Group,Tyskland,El,Nul-emission,SUV/Crossover
Cupra Terramar,117,2025,M03,1044.0,Cupra,Volkswagen Group,Tyskland,Benzin,Fossil,Personbil
Mercedes-Benz E-Klasse,25,2025,M03,1128.0,Mercedes-Benz,Mercedes-Benz Group,Tyskland,Benzin,Fossil,Personbil
Honda HR-V,4,2025,M03,1149.0,Honda,Honda Motor Co.,Japan,Benzin,Fossil,Personbil
Nissan Ariya,202,2025,M03,1070.0,Nissan,Nissan Motor Co.,Japan,Benzin,Fossil,Personbil
Seat Arona,17,2025,M03,1177.0,Seat,Volkswagen Group,Tyskland,Benzin,Fossil,Personbil
Skoda Kamiq,46,2025,M03,1112.0,Skoda,Volkswagen Group,Tyskland,Benzin,Fossil,SUV/Crossover
Seat Ibiza,49,2025,M03,1073.0,Seat,Volkswagen Group,Tyskland,Benzin,Fossil,Personbil
BYD Dolphin,84,2025,M03,1187.0,BYD,BYD Auto,Kina,Benzin,Fossil,Personbil
Honda e:Ny1,12,2025,M03,1086.0,Honda,Honda Motor Co.,Japan,El,Nul-emission,Personbil
Toyota Corolla Cross,50,2025,M03,1124.0,Toyota,Toyota Motor Corporation,Japan,Benzin,Fossil,SUV/Crossover
Mercedes-Benz Sprinter,31,2025,M03,1134.0,Mercedes-Benz,Mercedes-Benz Group,Tyskland,Benzin,Fossil,Varebil/MPV
Mercedes-Benz EQV,10,2025,M03,1155.0,Mercedes-Benz,Mercedes-Benz Group,Tyskland,El,Nul-emission,Personbil
BYD Tang,9,2025,M03,1126.0,BYD,BYD Auto,Kina,Benzin,Fossil,Personbil
Honda Civic,4,2025,M03,1163.0,Honda,Honda Motor Co.,Japan,Hybrid,Lav-emission,Personbil
Nissan Juke,81,2025,M03,1103.0,Nissan,Nissan Motor Co.,Japan,Benzin,Fossil,SUV/Crossover
Mercedes-Benz CLE,44,2025,M03,1257.0,Mercedes-Benz,Mercedes-Benz Group,Tyskland,Benzin,Fossil,Personbil
Mini Countryman,17,2025,M03,1102.0,Mini,BMW Group,Tyskland,Benzin,Fossil,Personbil
Suzuki SX4,43,2025,M03,1131.0,Suzuki,Suzuki Motor Corporation,Japan,Benzin,Fossil,SUV/Crossover
Toyota Proace Verso,14,2025,M03,1135.0,Toyota,Toyota Motor Corporation,Japan,Benzin,Fossil,Varebil/MPV
BMW 4'er,24,2025,M03,1185.0,BMW,BMW Group,Tyskland,Benzin,Fossil,Personbil
Ford Mustang Mach-E,32,2025,M03,1147.0,Ford,Ford Motor Company,USA,Benzin,Fossil,Personbil
Honda CR-V,39,2025,M03,1127.0,Honda,Honda Motor Co.,Japan,Hybrid,Lav-emission,Personbil
Lexus RZ,5,2025,M03,1075.0,Lexus,Toyota Motor Corporation,Japan,Benzin,Fossil,Personbil
Skoda Scala,20,2025,M03,1130.0,Skoda,Volkswagen Group,Tyskland,Benzin,Fossil,Personbil
Ford Kuga,81,2025,M03,1060.0,Ford,Ford Motor Company,USA,Hybrid,Lav-emission,Personbil
Mazda CX-30,107,2025,M03,1084.0,Mazda,Mazda Motor Corporation,Japan,Benzin,Fossil,SUV/Crossover
Mazda MX-30,16,2025,M03,1199.0,Mazda,Mazda Motor Corporation,Japan,Benzin,Fossil,Personbil
MG Cyberster,10,2025,M03,1173.0,MG,SAIC Motor (MG),Kina,Benzin,Fossil,Personbil
Volvo EX90,14,2025,M03,1081.0,Volvo,Geely (Lynk & Co),Kina,Benzin,Fossil,Personbil
BMW i7,6,2025,M03,1146.0,BMW,BMW Group,Tyskland,El,Nul-emission,Personbil
BMW i7,6,2025,M03,,BMW,BMW Group,Tyskland,El,Nul-emission,Personbil
Citroen Berlingo,4,2025,M03,1117.0,Citroen,Stellantis,Europæisk (Multinational),Benzin,Fossil,Varebil/MPV
Hyundai Bayon,13,2025,M03,1151.0,Hyundai,Hyundai Motor Group,Sydkorea,Benzin,Fossil,Personbil
KGM Torres EVX,2,2025,M03,1108.0,KGM,KG Mobility (tidl. SsangYong),Sydkorea,El,Nul-emission,SUV/Crossover
Opel Mokka,31,2025,M03,1261.0,Opel,Stellantis,Europæisk (Multinational),Benzin,Fossil,Personbil
Polestar 2,115,2025,M03,1097.0,Polestar,Geely (Lynk & Co),Kina,El,Nul-emission,Personbil
Renault Trafic,1,2025,M03,1176.0,Renault,Renault Group,Frankrig,Benzin,Fossil,Varebil/MPV
Land Rover Range Rover Sport,6,2025,M03,1196.0,Land Rover,Jaguar Land Rover (Tata Motors),Indien,Benzin,Fossil,SUV/Crossover
Mercedes-Benz G-Klasse,7,2025,M03,1170.0,Mercedes-Benz,Mercedes-Benz Group,Tyskland,Benzin,Fossil,Personbil
Mercedes-Benz GLE,9,2025,M03,1144.0,Mercedes-Benz,Mercedes-Benz Group,Tyskland,Benzin,Fossil,Personbil
Skoda Karoq,19,2025,M03,1094.0,Skoda,Volkswagen Group,Tyskland,Benzin,Fossil,SUV/Crossover
Mazda 3,13,2025,M03,1154.0,Mazda,Mazda Motor Corporation,Japan,Benzin,Fossil,Personbil
Mazda MX-5,6,2025,M03,1346.0,Mazda,Mazda Motor Corporation,Japan,Benzin,Fossil,Personbil
Mercedes-Benz V-Klasse,3,2025,M03,1171.0,Mercedes-Benz,Mercedes-Benz Group,Tyskland,Benzin,Fossil,Personbil
Skoda Fabia,11,2025,M03,1211.0,Skoda,Volkswagen Group,Tyskland,Benzin,Fossil,Personbil
Volkswagen Caddy,5,2025,M03,1216.0,Volkswagen,Volkswagen Group,Tyskland,Benzin,Fossil,Varebil/MPV
BMW X5,6,2025,M03,1186.0,BMW,BMW Group,Tyskland,Benzin,Fossil,SUV/Crossover
Fiat Topolino,1,2025,M03,,Fiat,Stellantis,Europæisk (Multinational),Benzin,Fossil,Personbil
Mazda CX-80,7,2025,M03,1168.0,Mazda,Mazda Motor Corporation,Japan,Benzin,Fossil,SUV/Crossover
Porsche 911,1,2025,M03,1264.0,Porsche,Volkswagen Group,Tyskland,Benzin,Fossil,Personbil
Porsche Cayenne,2,2025,M03,1208.0,Porsche,Volkswagen Group,Tyskland,Benzin,Fossil,SUV/Crossover
Porsche Taycan,1,2025,M03,1175.0,Porsche,Volkswagen Group,Tyskland,El,Nul-emission,Personbil
Volkswagen Polo,94,2025,M03,1140.0,Volkswagen,Volkswagen Group,Tyskland,Benzin,Fossil,Personbil
Honda Jazz,22,2025,M03,1150.0,Honda,Honda Motor Co.,Japan,Benzin,Fossil,Personbil
Hongqi EHS7,25,2025,M03,1138.0,Hongqi,FAW (Hongqi),Kina,El,Nul-emission,Personbil
Mazda 2,32,2025,M03,1153.0,Mazda,Mazda Motor Corporation,Japan,Benzin,Fossil,Personbil
Volkswagen Golf,4,2025,M03,1219.0,Volkswagen,Volkswagen Group,Tyskland,Benzin,Fossil,Personbil
Fiat 500,1,2025,M03,1232.0,Fiat,Stellantis,Europæisk (Multinational),Benzin,Fossil,Personbil
Ford Focus,7,2025,M03,1162.0,Ford,Ford Motor Company,USA,Benzin,Fossil,Personbil
Honda ZR-V,3,2025,M03,1193.0,Honda,Honda Motor Co.,Japan,Benzin,Fossil,Personbil
Kia Niro,29,2025,M03,1244.0,Kia,Hyundai Motor Group,Sydkorea,Benzin,Fossil,Personbil
Land Rover Discovery Sport,1,2025,M03,1251.0,Land Rover,Jaguar Land Rover (Tata Motors),Indien,Benzin,Fossil,SUV/Crossover
Land Rover Range Rover,4,2025,M03,1283.0,Land Rover,Jaguar Land Rover (Tata Motors),Indien,Benzin,Fossil,SUV/Crossover
MAN TGE,6,2025,M03,1197.0,MAN,TRATON (Volkswagen Group),Tyskland,Benzin,Fossil,Varebil/MPV
Maxus Euniq5,1,2025,M03,1198.0,Maxus,SAIC Motor (Maxus),Kina,Benzin,Fossil,SUV/Crossover
Maxus Euniq6,3,2025,M03,1167.0,Maxus,SAIC Motor (Maxus),Kina,Benzin,Fossil,SUV/Crossover
Mercedes-Benz S-Klasse,3,2025,M03,1201.0,Mercedes-Benz,Mercedes-Benz Group,Tyskland,Benzin,Fossil,Personbil
Mercedes-Benz Vito Tourer,8,2025,M03,1092.0,Mercedes-Benz,Mercedes-Benz Group,Tyskland,Benzin,Fossil,Varebil/MPV
Nissan X-Trail,1,2025,M03,1204.0,Nissan,Nissan Motor Co.,Japan,Hybrid,Lav-emission,Personbil
Peugeot 308,2,2025,M03,1206.0,Peugeot,Stellantis,Europæisk (Multinational),Benzin,Fossil,Personbil
Porsche 718 Spyder RS,1,2025,M03,1322.0,Porsche,Volkswagen Group,Tyskland,Benzin,Fossil,ATV/UTV/Andet
Renault Captur,52,2025,M03,1266.0,Renault,Renault Group,Frankrig,Benzin,Fossil,Personbil
Rolls-Royce Spectre,1,2025,M03,1288.0,Rolls-Royce,BMW Group,Tyskland,Benzin,Fossil,Personbil
Skoda Superb,2,2025,M03,1139.0,Skoda,Volkswagen Group,Tyskland,Benzin,Fossil,Personbil
Tesla Model S,2,2025,M03,1213.0,Tesla,"Tesla, Inc.",USA,El,Nul-emission,Personbil
Toyota Proace City Verso,8,2025,M03,1327.0,Toyota,Toyota Motor Corporation,Japan,Benzin,Fossil,Varebil/MPV
Volkswagen Crafter,5,2025,M03,1218.0,Volkswagen,Volkswagen Group,Tyskland,Benzin,Fossil,Varebil/MPV
Yunlong JJ2000DBP,3,2025,M03,1277.0,Yunlong,MG,Kina,Benzin,Fossil,Personbil
Alfa Romeo Junior,24,2025,M03,1221.0,Alfa Romeo,Stellantis,Europæisk (Multinational),Benzin,Fossil,SUV/Crossover
Bentley Flying Spur,1,2025,M03,1184.0,Bentley,Volkswagen Group,Tyskland,Benzin,Fossil,Personbil
BYD Atto 3,82,2025,M03,1161.0,BYD,BYD Auto,Kina,Benzin,Fossil,Personbil
Can-Am Outlander,1,2025,M03,1226.0,Can-Am,Bombardier Recreational Products,Canada,Benzin,Fossil,ATV/UTV/Andet
CFMOTO 850XC,1,2025,M03,,CFMOTO,CFMOTO,Kina,Benzin,Fossil,Personbil
Citroen C4,22,2025,M03,1227.0,Citroen,Stellantis,Europæisk (Multinational),Benzin,Fossil,Personbil
Citroen e-SpaceTourer,1,2025,M03,1228.0,Citroen,Stellantis,Europæisk (Multinational),Benzin,Fossil,Personbil
Eagle,1,2025,M03,1301.0,Eagle,"Eagle Golf Cars, LLC",USA,El,Nul-emission,Personbil
Ford Mustang,2,2025,M03,1378.0,Ford,Ford Motor Company,USA,Benzin,Fossil,Personbil
Ford Tourneo Connect,1,2025,M03,1234.0,Ford,Ford Motor Company,USA,Benzin,Fossil,Varebil/MPV
Ford Transit Custom,10,2025,M03,1192.0,Ford,Ford Motor Company,USA,Benzin,Fossil,Varebil/MPV
Garia Monaco,1,2025,M03,1398.0,Garia,Garia,Danmark,Benzin,Fossil,Personbil
Hongqi EH7,12,2025,M03,1194.0,Hongqi,FAW (Hongqi),Kina,El,Nul-emission,Personbil
Hyundai I10,80,2025,M03,1237.0,Hyundai,Hyundai Motor Group,Sydkorea,Benzin,Fossil,Personbil
Hyundai I20,81,2025,M03,1238.0,Hyundai,Hyundai Motor Group,Sydkorea,Benzin,Fossil,Personbil
Hyundai I30,6,2025,M03,1239.0,Hyundai,Hyundai Motor Group,Sydkorea,Benzin,Fossil,Personbil
Hyundai Santa Fe,3,2025,M03,1240.0,Hyundai,Hyundai Motor Group,Sydkorea,Benzin,Fossil,SUV/Crossover
Hyundai Tucson,56,2025,M03,1241.0,Hyundai,Hyundai Motor Group,Sydkorea,Benzin,Fossil,SUV/Crossover
Jaguar F-Type,1,2025,M03,,Jaguar,Jaguar Land Rover (Tata Motors),Indien,Benzin,Fossil,Personbil
Jeep Avenger,4,2025,M03,1242.0,Jeep,Stellantis,Europæisk (Multinational),Benzin,Fossil,SUV/Crossover
Kia Ceed,27,2025,M03,1243.0,Kia,Hyundai Motor Group,Sydkorea,Benzin,Fossil,Personbil
Kia Picanto,13,2025,M03,1245.0,Kia,Hyundai Motor Group,Sydkorea,Benzin,Fossil,Personbil
Kia Sportage,2,2025,M03,1247.0,Kia,Hyundai Motor Group,Sydkorea,Benzin,Fossil,SUV/Crossover
Kia Stonic,3,2025,M03,1248.0,Kia,Hyundai Motor Group,Sydkorea,Benzin,Fossil,Personbil
Kia XCeed,2,2025,M03,1249.0,Kia,Hyundai Motor Group,Sydkorea,Benzin,Fossil,Personbil
Lexus NX,5,2025,M03,1252.0,Lexus,Toyota Motor Corporation,Japan,Hybrid,Lav-emission,Personbil
Lotus Eletre,2,2025,M03,1254.0,Lotus,Geely (Lynk & Co),Kina,Benzin,Fossil,Personbil
Maxus e-Deliver 7,1,2025,M03,1309.0,Maxus,SAIC Motor (Maxus),Kina,Benzin,Fossil,Varebil/MPV
Mazda CX-60,2,2025,M03,1255.0,Mazda,Mazda Motor Corporation,Japan,Benzin,Fossil,SUV/Crossover
Mercedes-Benz AMG GT,1,2025,M03,1312.0,Mercedes-Benz,Mercedes-Benz Group,Tyskland,Benzin,Fossil,Personbil
Mercedes-Benz EQS SUV,1,2025,M03,1200.0,Mercedes-Benz,Mercedes-Benz Group,Tyskland,El,Nul-emission,SUV/Crossover
Mercedes-Benz GLS,2,2025,M03,1314.0,Mercedes-Benz,Mercedes-Benz Group,Tyskland,Benzin,Fossil,Personbil
Mercedes-Benz SL,1,2025,M03,1315.0,Mercedes-Benz,Mercedes-Benz Group,Tyskland,Benzin,Fossil,Personbil
Mercedes-Benz Vito,1,2025,M03,1156.0,Mercedes-Benz,Mercedes-Benz Group,Tyskland,Benzin,Fossil,Varebil/MPV
MG 3,2,2025,M03,1172.0,MG,SAIC Motor (MG),Kina,Benzin,Fossil,Personbil
Mini 5-dørs,1,2025,M03,1317.0,Mini,BMW Group,Tyskland,Benzin,Fossil,Personbil
Mini Cabriolet,3,2025,M03,1370.0,Mini,BMW Group,Tyskland,Benzin,Fossil,Personbil
Nilsson Hearse,2,2025,M03,1202.0,Nilsson Hearse,Nilsson Hearse,Sverige,Benzin,Fossil,Varebil/MPV
Opel Astra,2,2025,M03,1258.0,Opel,Stellantis,Europæisk (Multinational),Benzin,Fossil,Personbil
Opel Corsa,2,2025,M03,1259.0,Opel,Stellantis,Europæisk (Multinational),Benzin,Fossil,Personbil
Opel Crossland,1,2025,M03,1260.0,Opel,Stellantis,Europæisk (Multinational),Benzin,Fossil,SUV/Crossover
Opel Zafira,6,2025,M03,1205.0,Opel,Stellantis,Europæisk (Multinational),Benzin,Fossil,Varebil/MPV
Polestar 3,8,2025,M03,1263.0,Polestar,Geely (Lynk & Co),Kina,El,Nul-emission,Personbil
Renault Austral,16,2025,M03,1025.0,Renault,Renault Group,Frankrig,Benzin,Fossil,Personbil
Seat Leon,37,2025,M03,1210.0,Seat,Volkswagen Group,Tyskland,Benzin,Fossil,Personbil
Skoda Kodiaq iV,8,2025,M03,1267.0,Skoda,Volkswagen Group,Tyskland,Hybrid,Lav-emission,SUV/Crossover
Subaru Outback,3,2025,M03,1178.0,Subaru,Subaru Corporation,Japan,Benzin,Fossil,SUV/Crossover
Suzuki Ignis,30,2025,M03,1268.0,Suzuki,Suzuki Motor Corporation,Japan,Benzin,Fossil,Personbil
Suzuki S-Cross,4,2025,M03,1269.0,Suzuki,Suzuki Motor Corporation,Japan,Benzin,Fossil,SUV/Crossover
Suzuki Swace,3,2025,M03,1270.0,Suzuki,Suzuki Motor Corporation,Japan,Benzin,Fossil,Personbil
Toyota C-HR,70,2025,M03,1271.0,Toyota,Toyota Motor Corporation,Japan,Hybrid,Lav-emission,Personbil
Toyota Corolla,75,2025,M03,1180.0,Toyota,Toyota Motor Corporation,Japan,Hybrid,Lav-emission,Personbil
Toyota RAV4,19,2025,M03,1273.0,Toyota,Toyota Motor Corporation,Japan,Hybrid,Lav-emission,SUV/Crossover
Volkswagen Multivan,3,2025,M03,1274.0,Volkswagen,Volkswagen Group,Tyskland,Benzin,Fossil,Varebil/MPV
Volkswagen T-Cross,2,2025,M03,1181.0,Volkswagen,Volkswagen Group,Tyskland,Benzin,Fossil,SUV/Crossover
Volkswagen Touareg,1,2025,M03,1382.0,Volkswagen,Volkswagen Group,Tyskland,Benzin,Fossil,Personbil
Volvo V60,1,2025,M03,1330.0,Volvo,Geely (Lynk & Co),Kina,Benzin,Fossil,Personbil
Volvo V90,1,2025,M03,1220.0,Volvo,Geely (Lynk & Co),Kina,Benzin,Fossil,Personbil
Volvo XC40,3,2025,M03,1331.0,Volvo,Geely (Lynk & Co),Kina,Benzin,Fossil,Personbil
Volvo XC60,63,2025,M03,1275.0,Volvo,Geely (Lynk & Co),Kina,Benzin,Fossil,Personbil
Volvo XC90,12,2025,M03,1276.0,Volvo,Geely (Lynk & Co),Kina,Benzin,Fossil,Personbil
Xpeng P7,3,2025,M03,1279.0,Xpeng,XPeng,Kina,El,Nul-emission,Personbil
Xpeng P7i,2,2025,M03,,Xpeng,XPeng,Kina,El,Nul-emission,Personbil
Toyota bZ4X,1364,2026,M02,1000.0,Toyota,Toyota Motor Corporation,Japan,El,Nul-emission,Personbil
Skoda Elroq,681,2026,M02,1001.0,Skoda,Volkswagen Group,Tyskland,El,Nul-emission,Personbil
Volkswagen ID.4,575,2026,M02,1005.0,Volkswagen,Volkswagen Group,Tyskland,El,Nul-emission,Personbil
Skoda Enyaq iV,467,2026,M02,1006.0,Skoda,Volkswagen Group,Tyskland,El,Nul-emission,Personbil
Audi Q4 e-tron,400,2026,M02,1003.0,Audi,Volkswagen Group,Tyskland,El,Nul-emission,SUV/Crossover
Tesla Model Y,350,2026,M02,1002.0,Tesla,"Tesla, Inc.",USA,El,Nul-emission,Personbil
Xpeng G6,300,2026,M02,1015.0,Xpeng,XPeng,Kina,El,Nul-emission,Personbil
Renault R5,262,2026,M02,1008.0,Renault,Renault Group,Frankrig,Benzin,Fossil,Personbil
BMW iX1,231,2026,M02,1009.0,BMW,BMW Group,Tyskland,El,Nul-emission,SUV/Crossover
Citroen C3,223,2026,M02,1012.0,Citroen,Stellantis,Europæisk (Multinational),Benzin,Fossil,Personbil
Toyota Urban Cruiser,221,2026,M02,1004.0,Toyota,Toyota Motor Corporation,Japan,Benzin,Fossil,Personbil
Cupra Born,218,2026,M02,1007.0,Cupra,Volkswagen Group,Tyskland,El,Nul-emission,Personbil
Volkswagen ID. Buzz,215,2026,M02,1010.0,Volkswagen,Volkswagen Group,Tyskland,El,Nul-emission,Personbil
Mercedes-Benz EQA,211,2026,M02,1026.0,Mercedes-Benz,Mercedes-Benz Group,Tyskland,El,Nul-emission,Personbil
Volkswagen ID.7,179,2026,M02,1017.0,Volkswagen,Volkswagen Group,Tyskland,El,Nul-emission,Personbil
Cupra Formentor,164,2026,M02,1062.0,Cupra,Volkswagen Group,Tyskland,Benzin,Fossil,Personbil
Mercedes-Benz CLA,146,2026,M02,1022.0,Mercedes-Benz,Mercedes-Benz Group,Tyskland,Benzin,Fossil,Personbil
Renault Scenic,145,2026,M02,1021.0,Renault,Renault Group,Frankrig,Benzin,Fossil,Personbil
Suzuki Vitara,144,2026,M02,1029.0,Suzuki,Suzuki Motor Corporation,Japan,Benzin,Fossil,SUV/Crossover
Zeekr 7X,138,2026,M02,1028.0,Zeekr,Geely (Lynk & Co),Kina,El,Nul-emission,Personbil
BMW X1,135,2026,M02,1013.0,BMW,BMW Group,Tyskland,Benzin,Fossil,SUV/Crossover
Volkswagen ID.3,134,2026,M02,1011.0,Volkswagen,Volkswagen Group,Tyskland,El,Nul-emission,Personbil
Volvo EX40,131,2026,M02,1018.0,Volvo,Geely (Lynk & Co),Kina,Benzin,Fossil,SUV/Crossover
Ford Explorer,123,2026,M02,1023.0,Ford,Ford Motor Company,USA,Benzin,Fossil,Personbil
Skoda Kodiaq,122,2026,M02,1047.0,Skoda,Volkswagen Group,Tyskland,Benzin,Fossil,SUV/Crossover
MG ZS,118,2026,M02,1040.0,MG,SAIC Motor (MG),Kina,Benzin,Fossil,Personbil
Nissan Qashqai,117,2026,M02,1035.0,Nissan,Nissan Motor Co.,Japan,Benzin,Fossil,SUV/Crossover
Citroen C3 Aircross,116,2026,M02,1014.0,Citroen,Stellantis,Europæisk (Multinational),Benzin,Fossil,SUV/Crossover
BMW 3'er,115,2026,M02,1051.0,BMW,BMW Group,Tyskland,Benzin,Fossil,Personbil
Peugeot 208,115,2026,M02,1024.0,Peugeot,Stellantis,Europæisk (Multinational),Benzin,Fossil,Personbil
Mazda 6e,103,2026,M02,1019.0,Mazda,Mazda Motor Corporation,Japan,Benzin,Fossil,Personbil
Mercedes-Benz EQB,95,2026,M02,1027.0,Mercedes-Benz,Mercedes-Benz Group,Tyskland,El,Nul-emission,Personbil
Leapmotor B10,94,2026,M02,1031.0,Leapmotor,Leapmotor,Kina,El,Nul-emission,Personbil
Peugeot 2008,90,2026,M02,1030.0,Peugeot,Stellantis,Europæisk (Multinational),Benzin,Fossil,Personbil
Suzuki Swift,87,2026,M02,1034.0,Suzuki,Suzuki Motor Corporation,Japan,Benzin,Fossil,Personbil
Renault Megane E-Tech,85,2026,M02,1041.0,Renault,Renault Group,Frankrig,El,Nul-emission,Personbil
Volvo EX30,84,2026,M02,1056.0,Volvo,Geely (Lynk & Co),Kina,Benzin,Fossil,SUV/Crossover
Nissan Micra,82,2026,M02,1055.0,Nissan,Nissan Motor Co.,Japan,Benzin,Fossil,Personbil
Hyundai Inster,80,2026,M02,1061.0,Hyundai,Hyundai Motor Group,Sydkorea,Benzin,Fossil,Personbil
Hyundai Kona,78,2026,M02,1043.0,Hyundai,Hyundai Motor Group,Sydkorea,Benzin,Fossil,SUV/Crossover
Mercedes-Benz GLC,78,2026,M02,1076.0,Mercedes-Benz,Mercedes-Benz Group,Tyskland,Benzin,Fossil,Personbil
MG 4,73,2026,M02,1037.0,MG,SAIC Motor (MG),Kina,Benzin,Fossil,Personbil
Cupra Leon,70,2026,M02,1100.0,Cupra,Volkswagen Group,Tyskland,Benzin,Fossil,Personbil
Renault R4,70,2026,M02,1016.0,Renault,Renault Group,Frankrig,Benzin,Fossil,Personbil
BMW i4,69,2026,M02,1045.0,BMW,BMW Group,Tyskland,El,Nul-emission,Personbil
Tesla Model 3,69,2026,M02,1179.0,Tesla,"Tesla, Inc.",USA,El,Nul-emission,Personbil
Citroen C5 Aircross,67,2026,M02,1032.0,Citroen,Stellantis,Europæisk (Multinational),Benzin,Fossil,SUV/Crossover
Kia EV3,67,2026,M02,1033.0,Kia,Hyundai Motor Group,Sydkorea,Benzin,Fossil,Personbil
Opel Frontera,66,2026,M02,1077.0,Opel,Stellantis,Europæisk (Multinational),Benzin,Fossil,SUV/Crossover
Peugeot 3008,66,2026,M02,1036.0,Peugeot,Stellantis,Europæisk (Multinational),Benzin,Fossil,Personbil
Audi A6 e-tron,62,2026,M02,1038.0,Audi,Volkswagen Group,Tyskland,El,Nul-emission,Personbil
Mercedes-Benz GLA,55,2026,M02,1090.0,Mercedes-Benz,Mercedes-Benz Group,Tyskland,Benzin,Fossil,Personbil
Polestar 4,55,2026,M02,1048.0,Polestar,Geely (Lynk & Co),Kina,El,Nul-emission,Personbil
Audi Q2,53,2026,M02,1071.0,Audi,Volkswagen Group,Tyskland,Benzin,Fossil,SUV/Crossover
Mazda CX-30,53,2026,M02,1084.0,Mazda,Mazda Motor Corporation,Japan,Benzin,Fossil,SUV/Crossover
BMW i5,50,2026,M02,1049.0,BMW,BMW Group,Tyskland,El,Nul-emission,Personbil
Volkswagen ID.5,50,2026,M02,1053.0,Volkswagen,Volkswagen Group,Tyskland,El,Nul-emission,Personbil
Navor E5,49,2026,M02,1078.0,Navor,DFSK Motor,Kina,Benzin,Fossil,Personbil
BYD Sealion 7,48,2026,M02,1096.0,BYD,BYD Auto,Kina,Benzin,Fossil,Personbil
MG S5,47,2026,M02,1046.0,MG,SAIC Motor (MG),Kina,Benzin,Fossil,Personbil
Xpeng G9,47,2026,M02,1068.0,Xpeng,XPeng,Kina,El,Nul-emission,Personbil
BMW 5'er,46,2026,M02,1063.0,BMW,BMW Group,Tyskland,Benzin,Fossil,Personbil
Opel Grandland,46,2026,M02,1072.0,Opel,Stellantis,Europæisk (Multinational),Benzin,Fossil,SUV/Crossover
Peugeot 5008,46,2026,M02,1039.0,Peugeot,Stellantis,Europæisk (Multinational),Benzin,Fossil,Personbil
Toyota Yaris Cross,46,2026,M02,1020.0,Toyota,Toyota Motor Corporation,Japan,Benzin,Fossil,SUV/Crossover
Hyundai Ioniq 5,45,2026,M02,1050.0,Hyundai,Hyundai Motor Group,Sydkorea,El,Nul-emission,Personbil
BMW iX2,44,2026,M02,1087.0,BMW,BMW Group,Tyskland,El,Nul-emission,SUV/Crossover
Toyota Aygo X,44,2026,M02,1042.0,Toyota,Toyota Motor Corporation,Japan,Benzin,Fossil,Personbil
Renault Symbioz,43,2026,M02,1085.0,Renault,Renault Group,Frankrig,Benzin,Fossil,Personbil
Ford Transit,39,2026,M02,1091.0,Ford,Ford Motor Company,USA,Benzin,Fossil,Varebil/MPV
Kia EV4,39,2026,M02,1059.0,Kia,Hyundai Motor Group,Sydkorea,Benzin,Fossil,Personbil
Toyota Yaris,39,2026,M02,1057.0,Toyota,Toyota Motor Corporation,Japan,Hybrid,Lav-emission,Personbil
Dacia Duster,38,2026,M02,1229.0,Dacia,Renault Group,Frankrig,Benzin,Fossil,Personbil
Kia PV5,38,2026,M02,1066.0,Kia,Hyundai Motor Group,Sydkorea,Benzin,Fossil,Personbil
Honda e:Ny1,37,2026,M02,1086.0,Honda,Honda Motor Co.,Japan,El,Nul-emission,Personbil
Dacia Sandero,36,2026,M02,1231.0,Dacia,Renault Group,Frankrig,Benzin,Fossil,Personbil
Kia EV6,35,2026,M02,1069.0,Kia,Hyundai Motor Group,Sydkorea,Benzin,Fossil,Personbil
Audi A3,34,2026,M02,1064.0,Audi,Volkswagen Group,Tyskland,Benzin,Fossil,Personbil
BYD Atto 2,33,2026,M02,1106.0,BYD,BYD Auto,Kina,Benzin,Fossil,Personbil
BYD Dolphin,33,2026,M02,1187.0,BYD,BYD Auto,Kina,Benzin,Fossil,Personbil
Cupra Tavascan,32,2026,M02,1065.0,Cupra,Volkswagen Group,Tyskland,Benzin,Fossil,Personbil
Ford Capri,32,2026,M02,1052.0,Ford,Ford Motor Company,USA,Benzin,Fossil,Personbil
Audi Q6 e-tron,31,2026,M02,1160.0,Audi,Volkswagen Group,Tyskland,El,Nul-emission,SUV/Crossover
Mercedes-Benz Sprinter,30,2026,M02,1134.0,Mercedes-Benz,Mercedes-Benz Group,Tyskland,Benzin,Fossil,Varebil/MPV
Skoda Karoq,30,2026,M02,1094.0,Skoda,Volkswagen Group,Tyskland,Benzin,Fossil,SUV/Crossover
Mercedes-Benz C-Klasse,28,2026,M02,1098.0,Mercedes-Benz,Mercedes-Benz Group,Tyskland,Benzin,Fossil,Personbil
Mercedes-Benz EQE SUV,28,2026,M02,1110.0,Mercedes-Benz,Mercedes-Benz Group,Tyskland,El,Nul-emission,SUV/Crossover
Ford Puma,26,2026,M02,1054.0,Ford,Ford Motor Company,USA,Benzin,Fossil,Personbil
Kia EV9,26,2026,M02,1058.0,Kia,Hyundai Motor Group,Sydkorea,Benzin,Fossil,Personbil
MG S6 EV,26,2026,M02,1101.0,MG,SAIC Motor (MG),Kina,Benzin,Fossil,Personbil
Mini 3-dørs,25,2026,M02,1083.0,Mini,BMW Group,Tyskland,Benzin,Fossil,Personbil
Mercedes-Benz EQE,24,2026,M02,1074.0,Mercedes-Benz,Mercedes-Benz Group,Tyskland,El,Nul-emission,Personbil
Volvo EC40,23,2026,M02,1093.0,Volvo,Geely (Lynk & Co),Kina,Benzin,Fossil,Personbil
Audi Q3,22,2026,M02,1099.0,Audi,Volkswagen Group,Tyskland,Benzin,Fossil,SUV/Crossover
BMW X3,22,2026,M02,1141.0,BMW,BMW Group,Tyskland,Benzin,Fossil,SUV/Crossover
BYD Dolphin Surf,22,2026,M02,1095.0,BYD,BYD Auto,Kina,Benzin,Fossil,Personbil
Lexus RZ,22,2026,M02,1075.0,Lexus,Toyota Motor Corporation,Japan,Benzin,Fossil,Personbil
Renault Captur,20,2026,M02,1266.0,Renault,Renault Group,Frankrig,Benzin,Fossil,Personbil
Porsche Macan,19,2026,M02,1119.0,Porsche,Volkswagen Group,Tyskland,Benzin,Fossil,SUV/Crossover
Renault Austral,19,2026,M02,1025.0,Renault,Renault Group,Frankrig,Benzin,Fossil,Personbil
BMW iX,18,2026,M02,1089.0,BMW,BMW Group,Tyskland,El,Nul-emission,Personbil
Ford Tourneo Custom,18,2026,M02,1082.0,Ford,Ford Motor Company,USA,Benzin,Fossil,Varebil/MPV
Mercedes-Benz GLB,18,2026,M02,1088.0,Mercedes-Benz,Mercedes-Benz Group,Tyskland,Benzin,Fossil,Personbil
Renault Clio,17,2026,M02,1111.0,Renault,Renault Group,Frankrig,Benzin,Fossil,Personbil
Suzuki SX4,17,2026,M02,1131.0,Suzuki,Suzuki Motor Corporation,Japan,Benzin,Fossil,SUV/Crossover
Mercedes-Benz A-Klasse,16,2026,M02,1123.0,Mercedes-Benz,Mercedes-Benz Group,Tyskland,Benzin,Fossil,Personbil
Opel Mokka,16,2026,M02,1261.0,Opel,Stellantis,Europæisk (Multinational),Benzin,Fossil,Personbil
Mini Countryman,15,2026,M02,1102.0,Mini,BMW Group,Tyskland,Benzin,Fossil,Personbil
Nissan Ariya,15,2026,M02,1070.0,Nissan,Nissan Motor Co.,Japan,Benzin,Fossil,Personbil
Skoda Kamiq,15,2026,M02,1112.0,Skoda,Volkswagen Group,Tyskland,Benzin,Fossil,SUV/Crossover
BYD Seal,14,2026,M02,1107.0,BYD,BYD Auto,Kina,Benzin,Fossil,Personbil
Hyundai Ioniq 6,14,2026,M02,1133.0,Hyundai,Hyundai Motor Group,Sydkorea,El,Nul-emission,Personbil
Skoda Superb,14,2026,M02,1139.0,Skoda,Volkswagen Group,Tyskland,Benzin,Fossil,Personbil
Zeekr 001,14,2026,M02,1136.0,Zeekr,Geely (Lynk & Co),Kina,El,Nul-emission,Personbil
BMW 1'er,13,2026,M02,1067.0,BMW,BMW Group,Tyskland,Benzin,Fossil,Personbil
BYD Tang,13,2026,M02,1126.0,BYD,BYD Auto,Kina,Benzin,Fossil,Personbil
Dacia Bigster,13,2026,M02,1278.0,Dacia,Renault Group,Frankrig,Benzin,Fossil,Personbil
Ford Kuga,13,2026,M02,1060.0,Ford,Ford Motor Company,USA,Hybrid,Lav-emission,Personbil
Omoda 5,13,2026,M02,1129.0,Omoda,Chery Group,Kina,Benzin,Fossil,Personbil
Polestar 2,13,2026,M02,1097.0,Polestar,Geely (Lynk & Co),Kina,El,Nul-emission,Personbil
Toyota Corolla Cross,13,2026,M02,1124.0,Toyota,Toyota Motor Corporation,Japan,Benzin,Fossil,SUV/Crossover
Renault Trafic,12,2026,M02,1176.0,Renault,Renault Group,Frankrig,Benzin,Fossil,Varebil/MPV
Audi Q5,11,2026,M02,1137.0,Audi,Volkswagen Group,Tyskland,Benzin,Fossil,SUV/Crossover
Cupra Terramar,11,2026,M02,1044.0,Cupra,Volkswagen Group,Tyskland,Benzin,Fossil,Personbil
Hyundai Ioniq 9,11,2026,M02,1118.0,Hyundai,Hyundai Motor Group,Sydkorea,El,Nul-emission,Personbil
Mini Aceman,11,2026,M02,1079.0,Mini,BMW Group,Tyskland,El,Nul-emission,Personbil
Nissan X-Trail,11,2026,M02,1204.0,Nissan,Nissan Motor Co.,Japan,Hybrid,Lav-emission,Personbil
Subaru Solterra,11,2026,M02,1113.0,Subaru,Subaru Corporation,Japan,Benzin,Fossil,Personbil
Honda CR-V,10,2026,M02,1127.0,Honda,Honda Motor Co.,Japan,Hybrid,Lav-emission,Personbil
Mercedes-Benz E-Klasse,10,2026,M02,1128.0,Mercedes-Benz,Mercedes-Benz Group,Tyskland,Benzin,Fossil,Personbil
Skoda Octavia,10,2026,M02,1157.0,Skoda,Volkswagen Group,Tyskland,Benzin,Fossil,Personbil
Volkswagen Tiguan,10,2026,M02,1145.0,Volkswagen,Volkswagen Group,Tyskland,Benzin,Fossil,SUV/Crossover
Audi A5,9,2026,M02,1115.0,Audi,Volkswagen Group,Tyskland,Benzin,Fossil,Personbil
Skoda Scala,9,2026,M02,1130.0,Skoda,Volkswagen Group,Tyskland,Benzin,Fossil,Personbil
Volvo EX90,8,2026,M02,1081.0,Volvo,Geely (Lynk & Co),Kina,Benzin,Fossil,Personbil
Honda ZR-V,7,2026,M02,1193.0,Honda,Honda Motor Co.,Japan,Benzin,Fossil,Personbil
Hyundai Bayon,7,2026,M02,1151.0,Hyundai,Hyundai Motor Group,Sydkorea,Benzin,Fossil,Personbil
Mercedes-Benz GLE,7,2026,M02,1144.0,Mercedes-Benz,Mercedes-Benz Group,Tyskland,Benzin,Fossil,Personbil
Mercedes-Benz V-Klasse,7,2026,M02,1171.0,Mercedes-Benz,Mercedes-Benz Group,Tyskland,Benzin,Fossil,Personbil
Nio Firefly,7,2026,M02,1203.0,Nio,NIO,Kina,El,Nul-emission,Personbil
Volkswagen Passat,7,2026,M02,1125.0,Volkswagen,Volkswagen Group,Tyskland,Benzin,Fossil,Personbil
Zeekr X,6,2026,M02,1114.0,Zeekr,Geely (Lynk & Co),Kina,El,Nul-emission,Personbil
Audi A6,5,2026,M02,1159.0,Audi,Volkswagen Group,Tyskland,Benzin,Fossil,Personbil
Hongqi EHS7,5,2026,M02,1138.0,Hongqi,FAW (Hongqi),Kina,El,Nul-emission,Personbil
Mercedes-Benz CLE,5,2026,M02,1257.0,Mercedes-Benz,Mercedes-Benz Group,Tyskland,Benzin,Fossil,Personbil
MG HS,5,2026,M02,1109.0,MG,SAIC Motor (MG),Kina,Benzin,Fossil,Personbil
Skoda Fabia,5,2026,M02,1211.0,Skoda,Volkswagen Group,Tyskland,Benzin,Fossil,Personbil
Volvo ES90,5,2026,M02,1105.0,Volvo,Geely (Lynk & Co),Kina,Benzin,Fossil,Personbil
KGM Torres EVX,4,2026,M02,1108.0,KGM,KG Mobility (tidl. SsangYong),Sydkorea,El,Nul-emission,SUV/Crossover
Mercedes-Benz EQV,4,2026,M02,1155.0,Mercedes-Benz,Mercedes-Benz Group,Tyskland,El,Nul-emission,Personbil
Toyota Proace City Verso,4,2026,M02,1327.0,Toyota,Toyota Motor Corporation,Japan,Benzin,Fossil,Varebil/MPV
BMW i7,3,2026,M02,1146.0,BMW,BMW Group,Tyskland,El,Nul-emission,Personbil
BMW i7,3,2026,M02,,BMW,BMW Group,Tyskland,El,Nul-emission,Personbil
Deepal S05,3,2026,M02,,Deepal,Changan Automobile,Kina,El,Nul-emission,SUV/Crossover
Ford Mustang Mach-E,3,2026,M02,1147.0,Ford,Ford Motor Company,USA,Benzin,Fossil,Personbil
Honda Civic,3,2026,M02,1163.0,Honda,Honda Motor Co.,Japan,Hybrid,Lav-emission,Personbil
Honda HR-V,3,2026,M02,1149.0,Honda,Honda Motor Co.,Japan,Benzin,Fossil,Personbil
Honda Jazz,3,2026,M02,1150.0,Honda,Honda Motor Co.,Japan,Benzin,Fossil,Personbil
Mazda 3,3,2026,M02,1154.0,Mazda,Mazda Motor Corporation,Japan,Benzin,Fossil,Personbil
Mercedes-Benz Vito Tourer,3,2026,M02,1092.0,Mercedes-Benz,Mercedes-Benz Group,Tyskland,Benzin,Fossil,Varebil/MPV
Peugeot 308,3,2026,M02,1206.0,Peugeot,Stellantis,Europæisk (Multinational),Benzin,Fossil,Personbil
Porsche Taycan,3,2026,M02,1175.0,Porsche,Volkswagen Group,Tyskland,El,Nul-emission,Personbil
Toyota Proace,3,2026,M02,1215.0,Toyota,Toyota Motor Corporation,Japan,Benzin,Fossil,Varebil/MPV
Volkswagen T-Cross,3,2026,M02,1181.0,Volkswagen,Volkswagen Group,Tyskland,Benzin,Fossil,SUV/Crossover
Volkswagen T-Roc,3,2026,M02,1080.0,Volkswagen,Volkswagen Group,Tyskland,Benzin,Fossil,SUV/Crossover
Volkswagen Touran,3,2026,M02,1182.0,Volkswagen,Volkswagen Group,Tyskland,Benzin,Fossil,Personbil
BMW 4'er,2,2026,M02,1185.0,BMW,BMW Group,Tyskland,Benzin,Fossil,Personbil
BYD Seal U,2,2026,M02,1104.0,BYD,BYD Auto,Kina,Benzin,Fossil,Personbil
Citroen Berlingo,2,2026,M02,1117.0,Citroen,Stellantis,Europæisk (Multinational),Benzin,Fossil,Varebil/MPV
Deepal S07,2,2026,M02,,Deepal,Changan Automobile,Kina,El,Nul-emission,SUV/Crossover
Exlantix ET,2,2026,M02,1132.0,Exlantix,Chery Group,Kina,El,Nul-emission,Personbil
Fiat Grande Panda,2,2026,M02,1122.0,Fiat,Stellantis,Europæisk (Multinational),Benzin,Fossil,Personbil
Jaecoo J5,2,2026,M02,1116.0,Jaecoo,Chery Group,Kina,Benzin,Fossil,Personbil
Lynk & Co 02,2,2026,M02,1143.0,Lynk & Co,Geely (Lynk & Co),Kina,Benzin,Fossil,Personbil
MAN TGE,2,2026,M02,1197.0,MAN,TRATON (Volkswagen Group),Tyskland,Benzin,Fossil,Varebil/MPV
Maxus Euniq5,2,2026,M02,1198.0,Maxus,SAIC Motor (Maxus),Kina,Benzin,Fossil,SUV/Crossover
Maxus Euniq6,2,2026,M02,1167.0,Maxus,SAIC Motor (Maxus),Kina,Benzin,Fossil,SUV/Crossover
Mazda 2,2,2026,M02,1153.0,Mazda,Mazda Motor Corporation,Japan,Benzin,Fossil,Personbil
Mazda CX-80,2,2026,M02,1168.0,Mazda,Mazda Motor Corporation,Japan,Benzin,Fossil,SUV/Crossover
Mazda MX-30,2,2026,M02,1199.0,Mazda,Mazda Motor Corporation,Japan,Benzin,Fossil,Personbil
Nissan Juke,2,2026,M02,1103.0,Nissan,Nissan Motor Co.,Japan,Benzin,Fossil,SUV/Crossover
Renault Master,2,2026,M02,1120.0,Renault,Renault Group,Frankrig,Benzin,Fossil,Varebil/MPV
Seat Arona,2,2026,M02,1177.0,Seat,Volkswagen Group,Tyskland,Benzin,Fossil,Personbil
Seat Ibiza,2,2026,M02,1073.0,Seat,Volkswagen Group,Tyskland,Benzin,Fossil,Personbil
Toyota Mirai,2,2026,M02,,Toyota,Toyota Motor Corporation,Japan,Brint,Nul-emission,Personbil
Volkswagen Multivan,2,2026,M02,1274.0,Volkswagen,Volkswagen Group,Tyskland,Benzin,Fossil,Varebil/MPV
Alpine A290,1,2026,M02,,Alpine,Renault Group,Frankrig,El,Nul-emission,Personbil
BMW X7,1,2026,M02,1297.0,BMW,BMW Group,Tyskland,Benzin,Fossil,SUV/Crossover
BYD Atto 3,1,2026,M02,1161.0,BYD,BYD Auto,Kina,Benzin,Fossil,Personbil
Exlantix ES,1,2026,M02,1142.0,Exlantix,Chery Group,Kina,El,Nul-emission,Personbil
Fisker Ocean,1,2026,M02,1233.0,Fisker,Fisker Inc.,USA,El,Nul-emission,Personbil
Ford Tourneo,1,2026,M02,1428.0,Ford,Ford Motor Company,USA,Benzin,Fossil,Varebil/MPV
Garia Monaco 4,1,2026,M02,1338.0,Garia,Garia,Danmark,Benzin,Fossil,Personbil
Honda Prelude,1,2026,M02,,Honda,Honda Motor Company,Japan,Benzin,Fossil,Personbil
JAC e-JS4,1,2026,M02,1303.0,JAC,JAC Motors,Kina,Benzin,Fossil,Personbil
Kia Niro,1,2026,M02,1244.0,Kia,Hyundai Motor Group,Sydkorea,Benzin,Fossil,Personbil
Land Rover Range Rover Sport,1,2026,M02,1196.0,Land Rover,Jaguar Land Rover (Tata Motors),Indien,Benzin,Fossil,SUV/Crossover
Lexus LBX,1,2026,M02,1165.0,Lexus,Toyota Motor Corporation,Japan,Benzin,Fossil,Personbil
Maserati Grecale,1,2026,M02,1152.0,Maserati,Stellantis,Europæisk (Multinational),Benzin,Fossil,Personbil
Mazda CX-60,1,2026,M02,1255.0,Mazda,Mazda Motor Corporation,Japan,Benzin,Fossil,SUV/Crossover
Mercedes-Benz GLS,1,2026,M02,1314.0,Mercedes-Benz,Mercedes-Benz Group,Tyskland,Benzin,Fossil,Personbil
Mercedes-Benz S-Klasse,1,2026,M02,1201.0,Mercedes-Benz,Mercedes-Benz Group,Tyskland,Benzin,Fossil,Personbil
Microlino,1,2026,M02,1174.0,Microlino,Micro,Schweitz/Italien,El,Nul-emission,ATV/UTV/Andet
Nilsson Hearse,1,2026,M02,1202.0,Nilsson Hearse,Nilsson Hearse,Sverige,Benzin,Fossil,Varebil/MPV
Opel Corsa,1,2026,M02,1259.0,Opel,Stellantis,Europæisk (Multinational),Benzin,Fossil,Personbil
Opel Zafira,1,2026,M02,1205.0,Opel,Stellantis,Europæisk (Multinational),Benzin,Fossil,Varebil/MPV
Polestar 3,1,2026,M02,1263.0,Polestar,Geely (Lynk & Co),Kina,El,Nul-emission,Personbil
Porsche 911,1,2026,M02,1264.0,Porsche,Volkswagen Group,Tyskland,Benzin,Fossil,Personbil
Porsche Cayenne,1,2026,M02,1208.0,Porsche,Volkswagen Group,Tyskland,Benzin,Fossil,SUV/Crossover
Skoda Kodiaq iV,1,2026,M02,1267.0,Skoda,Volkswagen Group,Tyskland,Hybrid,Lav-emission,SUV/Crossover
Skoda Superb iV,1,2026,M02,1289.0,Skoda,Volkswagen Group,Tyskland,Hybrid,Lav-emission,Personbil
Skyworth K,1,2026,M02,1121.0,Skyworth,Skyworth,Ukendt,El,Nul-emission,Personbil
Subaru Crosstrek,1,2026,M02,1381.0,Subaru,Subaru Corporation,Japan,Benzin,Fossil,SUV/Crossover
Subaru Outback,1,2026,M02,1178.0,Subaru,Subaru Corporation,Japan,Benzin,Fossil,SUV/Crossover
Toyota Corolla,1,2026,M02,1180.0,Toyota,Toyota Motor Corporation,Japan,Hybrid,Lav-emission,Personbil
Toyota Proace City,1,2026,M02,1290.0,Toyota,Toyota Motor Corporation,Japan,Benzin,Fossil,Varebil/MPV
Toyota Proace Verso,1,2026,M02,1135.0,Toyota,Toyota Motor Corporation,Japan,Benzin,Fossil,Varebil/MPV
Volkswagen Caddy,1,2026,M02,1216.0,Volkswagen,Volkswagen Group,Tyskland,Benzin,Fossil,Varebil/MPV
Volkswagen Caravelle,1,2026,M02,1217.0,Volkswagen,Volkswagen Group,Tyskland,Benzin,Fossil,Varebil/MPV
Volkswagen Golf,1,2026,M02,1219.0,Volkswagen,Volkswagen Group,Tyskland,Benzin,Fossil,Personbil
Volkswagen Polo,1,2026,M02,1140.0,Volkswagen,Volkswagen Group,Tyskland,Benzin,Fossil,Personbil
Toyota bZ4X,418,2025,M02,1000.0,Toyota,Toyota Motor Corporation,Japan,El,Nul-emission,Personbil
Skoda Elroq,89,2025,M02,1001.0,Skoda,Volkswagen Group,Tyskland,El,Nul-emission,Personbil
Volkswagen ID.4,747,2025,M02,1005.0,Volkswagen,Volkswagen Group,Tyskland,El,Nul-emission,Personbil
Skoda Enyaq iV,460,2025,M02,1006.0,Skoda,Volkswagen Group,Tyskland,El,Nul-emission,Personbil
Audi Q4 e-tron,266,2025,M02,1003.0,Audi,Volkswagen Group,Tyskland,El,Nul-emission,SUV/Crossover
Tesla Model Y,387,2025,M02,1002.0,Tesla,"Tesla, Inc.",USA,El,Nul-emission,Personbil
Xpeng G6,141,2025,M02,1015.0,Xpeng,XPeng,Kina,El,Nul-emission,Personbil
Renault R5,3,2025,M02,1008.0,Renault,Renault Group,Frankrig,Benzin,Fossil,Personbil
BMW iX1,157,2025,M02,1009.0,BMW,BMW Group,Tyskland,El,Nul-emission,SUV/Crossover
Citroen C3,13,2025,M02,1012.0,Citroen,Stellantis,Europæisk (Multinational),Benzin,Fossil,Personbil
Cupra Born,124,2025,M02,1007.0,Cupra,Volkswagen Group,Tyskland,El,Nul-emission,Personbil
Volkswagen ID. Buzz,326,2025,M02,1010.0,Volkswagen,Volkswagen Group,Tyskland,El,Nul-emission,Personbil
Mercedes-Benz EQA,316,2025,M02,1026.0,Mercedes-Benz,Mercedes-Benz Group,Tyskland,El,Nul-emission,Personbil
Volkswagen ID.7,291,2025,M02,1017.0,Volkswagen,Volkswagen Group,Tyskland,El,Nul-emission,Personbil
Cupra Formentor,103,2025,M02,1062.0,Cupra,Volkswagen Group,Tyskland,Benzin,Fossil,Personbil
Mercedes-Benz CLA,5,2025,M02,1022.0,Mercedes-Benz,Mercedes-Benz Group,Tyskland,Benzin,Fossil,Personbil
Renault Scenic,107,2025,M02,1021.0,Renault,Renault Group,Frankrig,Benzin,Fossil,Personbil
Suzuki Vitara,68,2025,M02,1029.0,Suzuki,Suzuki Motor Corporation,Japan,Benzin,Fossil,SUV/Crossover
BMW X1,68,2025,M02,1013.0,BMW,BMW Group,Tyskland,Benzin,Fossil,SUV/Crossover
Volkswagen ID.3,488,2025,M02,1011.0,Volkswagen,Volkswagen Group,Tyskland,El,Nul-emission,Personbil
Volvo EX40,141,2025,M02,1018.0,Volvo,Geely (Lynk & Co),Kina,Benzin,Fossil,SUV/Crossover
Ford Explorer,114,2025,M02,1023.0,Ford,Ford Motor Company,USA,Benzin,Fossil,Personbil
Skoda Kodiaq,17,2025,M02,1047.0,Skoda,Volkswagen Group,Tyskland,Benzin,Fossil,SUV/Crossover
MG ZS,70,2025,M02,1040.0,MG,SAIC Motor (MG),Kina,Benzin,Fossil,Personbil
Nissan Qashqai,164,2025,M02,1035.0,Nissan,Nissan Motor Co.,Japan,Benzin,Fossil,SUV/Crossover
BMW 3'er,97,2025,M02,1051.0,BMW,BMW Group,Tyskland,Benzin,Fossil,Personbil
Peugeot 208,25,2025,M02,1024.0,Peugeot,Stellantis,Europæisk (Multinational),Benzin,Fossil,Personbil
Mercedes-Benz EQB,95,2025,M02,1027.0,Mercedes-Benz,Mercedes-Benz Group,Tyskland,El,Nul-emission,Personbil
Peugeot 2008,43,2025,M02,1030.0,Peugeot,Stellantis,Europæisk (Multinational),Benzin,Fossil,Personbil
Suzuki Swift,126,2025,M02,1034.0,Suzuki,Suzuki Motor Corporation,Japan,Benzin,Fossil,Personbil
Renault Megane E-Tech,43,2025,M02,1041.0,Renault,Renault Group,Frankrig,El,Nul-emission,Personbil
Volvo EX30,35,2025,M02,1056.0,Volvo,Geely (Lynk & Co),Kina,Benzin,Fossil,SUV/Crossover
Hyundai Inster,68,2025,M02,1061.0,Hyundai,Hyundai Motor Group,Sydkorea,Benzin,Fossil,Personbil
Hyundai Kona,162,2025,M02,1043.0,Hyundai,Hyundai Motor Group,Sydkorea,Benzin,Fossil,SUV/Crossover
Mercedes-Benz GLC,32,2025,M02,1076.0,Mercedes-Benz,Mercedes-Benz Group,Tyskland,Benzin,Fossil,Personbil
MG 4,22,2025,M02,1037.0,MG,SAIC Motor (MG),Kina,Benzin,Fossil,Personbil
Cupra Leon,99,2025,M02,1100.0,Cupra,Volkswagen Group,Tyskland,Benzin,Fossil,Personbil
BMW i4,65,2025,M02,1045.0,BMW,BMW Group,Tyskland,El,Nul-emission,Personbil
Tesla Model 3,119,2025,M02,1179.0,Tesla,"Tesla, Inc.",USA,El,Nul-emission,Personbil
Citroen C5 Aircross,2,2025,M02,1032.0,Citroen,Stellantis,Europæisk (Multinational),Benzin,Fossil,SUV/Crossover
Kia EV3,262,2025,M02,1033.0,Kia,Hyundai Motor Group,Sydkorea,Benzin,Fossil,Personbil
Peugeot 3008,112,2025,M02,1036.0,Peugeot,Stellantis,Europæisk (Multinational),Benzin,Fossil,Personbil
Audi A6 e-tron,25,2025,M02,1038.0,Audi,Volkswagen Group,Tyskland,El,Nul-emission,Personbil
Mercedes-Benz GLA,39,2025,M02,1090.0,Mercedes-Benz,Mercedes-Benz Group,Tyskland,Benzin,Fossil,Personbil
Polestar 4,58,2025,M02,1048.0,Polestar,Geely (Lynk & Co),Kina,El,Nul-emission,Personbil
Audi Q2,126,2025,M02,1071.0,Audi,Volkswagen Group,Tyskland,Benzin,Fossil,SUV/Crossover
Mazda CX-30,37,2025,M02,1084.0,Mazda,Mazda Motor Corporation,Japan,Benzin,Fossil,SUV/Crossover
BMW i5,80,2025,M02,1049.0,BMW,BMW Group,Tyskland,El,Nul-emission,Personbil
Volkswagen ID.5,53,2025,M02,1053.0,Volkswagen,Volkswagen Group,Tyskland,El,Nul-emission,Personbil
Navor E5,18,2025,M02,1078.0,Navor,DFSK Motor,Kina,Benzin,Fossil,Personbil
BYD Sealion 7,29,2025,M02,1096.0,BYD,BYD Auto,Kina,Benzin,Fossil,Personbil
Xpeng G9,36,2025,M02,1068.0,Xpeng,XPeng,Kina,El,Nul-emission,Personbil
BMW 5'er,61,2025,M02,1063.0,BMW,BMW Group,Tyskland,Benzin,Fossil,Personbil
Peugeot 5008,58,2025,M02,1039.0,Peugeot,Stellantis,Europæisk (Multinational),Benzin,Fossil,Personbil
Toyota Yaris Cross,63,2025,M02,1020.0,Toyota,Toyota Motor Corporation,Japan,Benzin,Fossil,SUV/Crossover
Hyundai Ioniq 5,187,2025,M02,1050.0,Hyundai,Hyundai Motor Group,Sydkorea,El,Nul-emission,Personbil
BMW iX2,31,2025,M02,1087.0,BMW,BMW Group,Tyskland,El,Nul-emission,SUV/Crossover
Toyota Aygo X,184,2025,M02,1042.0,Toyota,Toyota Motor Corporation,Japan,Benzin,Fossil,Personbil
Ford Transit,3,2025,M02,1091.0,Ford,Ford Motor Company,USA,Benzin,Fossil,Varebil/MPV
Toyota Yaris,72,2025,M02,1057.0,Toyota,Toyota Motor Corporation,Japan,Hybrid,Lav-emission,Personbil
Dacia Duster,6,2025,M02,1229.0,Dacia,Renault Group,Frankrig,Benzin,Fossil,Personbil
Honda e:Ny1,4,2025,M02,1086.0,Honda,Honda Motor Co.,Japan,El,Nul-emission,Personbil
Dacia Sandero,24,2025,M02,1231.0,Dacia,Renault Group,Frankrig,Benzin,Fossil,Personbil
Kia EV6,112,2025,M02,1069.0,Kia,Hyundai Motor Group,Sydkorea,Benzin,Fossil,Personbil
Audi A3,42,2025,M02,1064.0,Audi,Volkswagen Group,Tyskland,Benzin,Fossil,Personbil
BYD Atto 2,6,2025,M02,1106.0,BYD,BYD Auto,Kina,Benzin,Fossil,Personbil
BYD Dolphin,16,2025,M02,1187.0,BYD,BYD Auto,Kina,Benzin,Fossil,Personbil
Cupra Tavascan,336,2025,M02,1065.0,Cupra,Volkswagen Group,Tyskland,Benzin,Fossil,Personbil
Ford Capri,37,2025,M02,1052.0,Ford,Ford Motor Company,USA,Benzin,Fossil,Personbil
Audi Q6 e-tron,154,2025,M02,1160.0,Audi,Volkswagen Group,Tyskland,El,Nul-emission,SUV/Crossover
Mercedes-Benz Sprinter,43,2025,M02,1134.0,Mercedes-Benz,Mercedes-Benz Group,Tyskland,Benzin,Fossil,Varebil/MPV
Skoda Karoq,18,2025,M02,1094.0,Skoda,Volkswagen Group,Tyskland,Benzin,Fossil,SUV/Crossover
Mercedes-Benz C-Klasse,41,2025,M02,1098.0,Mercedes-Benz,Mercedes-Benz Group,Tyskland,Benzin,Fossil,Personbil
Mercedes-Benz EQE SUV,37,2025,M02,1110.0,Mercedes-Benz,Mercedes-Benz Group,Tyskland,El,Nul-emission,SUV/Crossover
Ford Puma,5,2025,M02,1054.0,Ford,Ford Motor Company,USA,Benzin,Fossil,Personbil
Kia EV9,21,2025,M02,1058.0,Kia,Hyundai Motor Group,Sydkorea,Benzin,Fossil,Personbil
Mini 3-dørs,15,2025,M02,1083.0,Mini,BMW Group,Tyskland,Benzin,Fossil,Personbil
Mercedes-Benz EQE,75,2025,M02,1074.0,Mercedes-Benz,Mercedes-Benz Group,Tyskland,El,Nul-emission,Personbil
Volvo EC40,34,2025,M02,1093.0,Volvo,Geely (Lynk & Co),Kina,Benzin,Fossil,Personbil
Audi Q3,3,2025,M02,1099.0,Audi,Volkswagen Group,Tyskland,Benzin,Fossil,SUV/Crossover
BMW X3,4,2025,M02,1141.0,BMW,BMW Group,Tyskland,Benzin,Fossil,SUV/Crossover
Lexus RZ,1,2025,M02,1075.0,Lexus,Toyota Motor Corporation,Japan,Benzin,Fossil,Personbil
Renault Captur,130,2025,M02,1266.0,Renault,Renault Group,Frankrig,Benzin,Fossil,Personbil
Porsche Macan,37,2025,M02,1119.0,Porsche,Volkswagen Group,Tyskland,Benzin,Fossil,SUV/Crossover
Renault Austral,26,2025,M02,1025.0,Renault,Renault Group,Frankrig,Benzin,Fossil,Personbil
BMW iX,8,2025,M02,1089.0,BMW,BMW Group,Tyskland,El,Nul-emission,Personbil
Ford Tourneo Custom,32,2025,M02,1082.0,Ford,Ford Motor Company,USA,Benzin,Fossil,Varebil/MPV
Mercedes-Benz GLB,19,2025,M02,1088.0,Mercedes-Benz,Mercedes-Benz Group,Tyskland,Benzin,Fossil,Personbil
Renault Clio,168,2025,M02,1111.0,Renault,Renault Group,Frankrig,Benzin,Fossil,Personbil
Suzuki SX4,29,2025,M02,1131.0,Suzuki,Suzuki Motor Corporation,Japan,Benzin,Fossil,SUV/Crossover
Mercedes-Benz A-Klasse,51,2025,M02,1123.0,Mercedes-Benz,Mercedes-Benz Group,Tyskland,Benzin,Fossil,Personbil
Opel Mokka,6,2025,M02,1261.0,Opel,Stellantis,Europæisk (Multinational),Benzin,Fossil,Personbil
Mini Countryman,29,2025,M02,1102.0,Mini,BMW Group,Tyskland,Benzin,Fossil,Personbil
Nissan Ariya,178,2025,M02,1070.0,Nissan,Nissan Motor Co.,Japan,Benzin,Fossil,Personbil
Skoda Kamiq,32,2025,M02,1112.0,Skoda,Volkswagen Group,Tyskland,Benzin,Fossil,SUV/Crossover
BYD Seal,15,2025,M02,1107.0,BYD,BYD Auto,Kina,Benzin,Fossil,Personbil
Hyundai Ioniq 6,25,2025,M02,1133.0,Hyundai,Hyundai Motor Group,Sydkorea,El,Nul-emission,Personbil
Skoda Superb,4,2025,M02,1139.0,Skoda,Volkswagen Group,Tyskland,Benzin,Fossil,Personbil
BMW 1'er,31,2025,M02,1067.0,BMW,BMW Group,Tyskland,Benzin,Fossil,Personbil
BYD Tang,16,2025,M02,1126.0,BYD,BYD Auto,Kina,Benzin,Fossil,Personbil
Ford Kuga,36,2025,M02,1060.0,Ford,Ford Motor Company,USA,Hybrid,Lav-emission,Personbil
Polestar 2,92,2025,M02,1097.0,Polestar,Geely (Lynk & Co),Kina,El,Nul-emission,Personbil
Toyota Corolla Cross,30,2025,M02,1124.0,Toyota,Toyota Motor Corporation,Japan,Benzin,Fossil,SUV/Crossover
Cupra Terramar,190,2025,M02,1044.0,Cupra,Volkswagen Group,Tyskland,Benzin,Fossil,Personbil
Mini Aceman,18,2025,M02,1079.0,Mini,BMW Group,Tyskland,El,Nul-emission,Personbil
Nissan X-Trail,4,2025,M02,1204.0,Nissan,Nissan Motor Co.,Japan,Hybrid,Lav-emission,Personbil
Subaru Solterra,2,2025,M02,1113.0,Subaru,Subaru Corporation,Japan,Benzin,Fossil,Personbil
Honda CR-V,3,2025,M02,1127.0,Honda,Honda Motor Co.,Japan,Hybrid,Lav-emission,Personbil
Mercedes-Benz E-Klasse,15,2025,M02,1128.0,Mercedes-Benz,Mercedes-Benz Group,Tyskland,Benzin,Fossil,Personbil
Skoda Octavia,5,2025,M02,1157.0,Skoda,Volkswagen Group,Tyskland,Benzin,Fossil,Personbil
Volkswagen Tiguan,9,2025,M02,1145.0,Volkswagen,Volkswagen Group,Tyskland,Benzin,Fossil,SUV/Crossover
Audi A5,131,2025,M02,1115.0,Audi,Volkswagen Group,Tyskland,Benzin,Fossil,Personbil
Skoda Scala,40,2025,M02,1130.0,Skoda,Volkswagen Group,Tyskland,Benzin,Fossil,Personbil
Volvo EX90,7,2025,M02,1081.0,Volvo,Geely (Lynk & Co),Kina,Benzin,Fossil,Personbil
Honda ZR-V,5,2025,M02,1193.0,Honda,Honda Motor Co.,Japan,Benzin,Fossil,Personbil
Hyundai Bayon,7,2025,M02,1151.0,Hyundai,Hyundai Motor Group,Sydkorea,Benzin,Fossil,Personbil
Mercedes-Benz GLE,7,2025,M02,1144.0,Mercedes-Benz,Mercedes-Benz Group,Tyskland,Benzin,Fossil,Personbil
Mercedes-Benz V-Klasse,6,2025,M02,1171.0,Mercedes-Benz,Mercedes-Benz Group,Tyskland,Benzin,Fossil,Personbil
Volkswagen Passat,26,2025,M02,1125.0,Volkswagen,Volkswagen Group,Tyskland,Benzin,Fossil,Personbil
Hongqi EHS7,4,2025,M02,1138.0,Hongqi,FAW (Hongqi),Kina,El,Nul-emission,Personbil
Mercedes-Benz CLE,4,2025,M02,1257.0,Mercedes-Benz,Mercedes-Benz Group,Tyskland,Benzin,Fossil,Personbil
MG HS,5,2025,M02,1109.0,MG,SAIC Motor (MG),Kina,Benzin,Fossil,Personbil
Skoda Fabia,14,2025,M02,1211.0,Skoda,Volkswagen Group,Tyskland,Benzin,Fossil,Personbil
KGM Torres EVX,5,2025,M02,1108.0,KGM,KG Mobility (tidl. SsangYong),Sydkorea,El,Nul-emission,SUV/Crossover
Mercedes-Benz EQV,7,2025,M02,1155.0,Mercedes-Benz,Mercedes-Benz Group,Tyskland,El,Nul-emission,Personbil
Toyota Proace City Verso,4,2025,M02,1327.0,Toyota,Toyota Motor Corporation,Japan,Benzin,Fossil,Varebil/MPV
BMW i7,5,2025,M02,1146.0,BMW,BMW Group,Tyskland,El,Nul-emission,Personbil
BMW i7,5,2025,M02,,BMW,BMW Group,Tyskland,El,Nul-emission,Personbil
Ford Mustang Mach-E,3,2025,M02,1147.0,Ford,Ford Motor Company,USA,Benzin,Fossil,Personbil
Honda Civic,2,2025,M02,1163.0,Honda,Honda Motor Co.,Japan,Hybrid,Lav-emission,Personbil
Honda HR-V,4,2025,M02,1149.0,Honda,Honda Motor Co.,Japan,Benzin,Fossil,Personbil
Honda Jazz,14,2025,M02,1150.0,Honda,Honda Motor Co.,Japan,Benzin,Fossil,Personbil
Mazda 3,10,2025,M02,1154.0,Mazda,Mazda Motor Corporation,Japan,Benzin,Fossil,Personbil
Mercedes-Benz Vito Tourer,15,2025,M02,1092.0,Mercedes-Benz,Mercedes-Benz Group,Tyskland,Benzin,Fossil,Varebil/MPV
Peugeot 308,8,2025,M02,1206.0,Peugeot,Stellantis,Europæisk (Multinational),Benzin,Fossil,Personbil
Porsche Taycan,2,2025,M02,1175.0,Porsche,Volkswagen Group,Tyskland,El,Nul-emission,Personbil
Volkswagen T-Cross,2,2025,M02,1181.0,Volkswagen,Volkswagen Group,Tyskland,Benzin,Fossil,SUV/Crossover
Volkswagen T-Roc,258,2025,M02,1080.0,Volkswagen,Volkswagen Group,Tyskland,Benzin,Fossil,SUV/Crossover
Volkswagen Touran,23,2025,M02,1182.0,Volkswagen,Volkswagen Group,Tyskland,Benzin,Fossil,Personbil
BMW 4'er,10,2025,M02,1185.0,BMW,BMW Group,Tyskland,Benzin,Fossil,Personbil
BYD Seal U,7,2025,M02,1104.0,BYD,BYD Auto,Kina,Benzin,Fossil,Personbil
Citroen Berlingo,3,2025,M02,1117.0,Citroen,Stellantis,Europæisk (Multinational),Benzin,Fossil,Varebil/MPV
MAN TGE,8,2025,M02,1197.0,MAN,TRATON (Volkswagen Group),Tyskland,Benzin,Fossil,Varebil/MPV
Maxus Euniq5,4,2025,M02,1198.0,Maxus,SAIC Motor (Maxus),Kina,Benzin,Fossil,SUV/Crossover
Maxus Euniq6,1,2025,M02,1167.0,Maxus,SAIC Motor (Maxus),Kina,Benzin,Fossil,SUV/Crossover
Mazda 2,14,2025,M02,1153.0,Mazda,Mazda Motor Corporation,Japan,Benzin,Fossil,Personbil
Mazda CX-80,21,2025,M02,1168.0,Mazda,Mazda Motor Corporation,Japan,Benzin,Fossil,SUV/Crossover
Mazda MX-30,13,2025,M02,1199.0,Mazda,Mazda Motor Corporation,Japan,Benzin,Fossil,Personbil
Nissan Juke,18,2025,M02,1103.0,Nissan,Nissan Motor Co.,Japan,Benzin,Fossil,SUV/Crossover
Seat Arona,36,2025,M02,1177.0,Seat,Volkswagen Group,Tyskland,Benzin,Fossil,Personbil
Seat Ibiza,108,2025,M02,1073.0,Seat,Volkswagen Group,Tyskland,Benzin,Fossil,Personbil
Volkswagen Multivan,1,2025,M02,1274.0,Volkswagen,Volkswagen Group,Tyskland,Benzin,Fossil,Varebil/MPV
BYD Atto 3,3,2025,M02,1161.0,BYD,BYD Auto,Kina,Benzin,Fossil,Personbil
Fisker Ocean,1,2025,M02,1233.0,Fisker,Fisker Inc.,USA,El,Nul-emission,Personbil
Kia Niro,71,2025,M02,1244.0,Kia,Hyundai Motor Group,Sydkorea,Benzin,Fossil,Personbil
Land Rover Range Rover Sport,4,2025,M02,1196.0,Land Rover,Jaguar Land Rover (Tata Motors),Indien,Benzin,Fossil,SUV/Crossover
Lexus LBX,2,2025,M02,1165.0,Lexus,Toyota Motor Corporation,Japan,Benzin,Fossil,Personbil
Maserati Grecale,2,2025,M02,1152.0,Maserati,Stellantis,Europæisk (Multinational),Benzin,Fossil,Personbil
Mercedes-Benz GLS,1,2025,M02,1314.0,Mercedes-Benz,Mercedes-Benz Group,Tyskland,Benzin,Fossil,Personbil
Nilsson Hearse,1,2025,M02,1202.0,Nilsson Hearse,Nilsson Hearse,Sverige,Benzin,Fossil,Varebil/MPV
Opel Corsa,6,2025,M02,1259.0,Opel,Stellantis,Europæisk (Multinational),Benzin,Fossil,Personbil
Opel Zafira,4,2025,M02,1205.0,Opel,Stellantis,Europæisk (Multinational),Benzin,Fossil,Varebil/MPV
Polestar 3,8,2025,M02,1263.0,Polestar,Geely (Lynk & Co),Kina,El,Nul-emission,Personbil
Porsche Cayenne,4,2025,M02,1208.0,Porsche,Volkswagen Group,Tyskland,Benzin,Fossil,SUV/Crossover
Skoda Kodiaq iV,7,2025,M02,1267.0,Skoda,Volkswagen Group,Tyskland,Hybrid,Lav-emission,SUV/Crossover
Skoda Superb iV,1,2025,M02,1289.0,Skoda,Volkswagen Group,Tyskland,Hybrid,Lav-emission,Personbil
Subaru Crosstrek,1,2025,M02,1381.0,Subaru,Subaru Corporation,Japan,Benzin,Fossil,SUV/Crossover
Toyota Corolla,38,2025,M02,1180.0,Toyota,Toyota Motor Corporation,Japan,Hybrid,Lav-emission,Personbil
Toyota Proace Verso,4,2025,M02,1135.0,Toyota,Toyota Motor Corporation,Japan,Benzin,Fossil,Varebil/MPV
Volkswagen Caravelle,1,2025,M02,1217.0,Volkswagen,Volkswagen Group,Tyskland,Benzin,Fossil,Varebil/MPV
Volkswagen Golf,3,2025,M02,1219.0,Volkswagen,Volkswagen Group,Tyskland,Benzin,Fossil,Personbil
Volkswagen Polo,62,2025,M02,1140.0,Volkswagen,Volkswagen Group,Tyskland,Benzin,Fossil,Personbil
Access Shade AX800-U,1,2025,M02,,Access,Access Motor,Taiwan,Benzin,Fossil,ATV/UTV/Andet
Alfa Romeo Junior,16,2025,M02,1221.0,Alfa Romeo,Stellantis,Europæisk (Multinational),Benzin,Fossil,SUV/Crossover
Audi e-tron GT,1,2025,M02,1284.0,Audi,Volkswagen Group,Tyskland,El,Nul-emission,Personbil
Audi Q7,2,2025,M02,1293.0,Audi,Volkswagen Group,Tyskland,Benzin,Fossil,SUV/Crossover
Bach YM2000DP,1,2025,M02,1294.0,Bach,Bach,Danmark,El,Nul-emission,Kabinescooter
BMW 2'er,1,2025,M02,1223.0,BMW,BMW Group,Tyskland,Benzin,Fossil,Personbil
BMW 7'er,2,2025,M02,1295.0,BMW,BMW Group,Tyskland,Benzin,Fossil,Personbil
BMW iX3,28,2025,M02,1224.0,BMW,BMW Group,Tyskland,El,Nul-emission,SUV/Crossover
BMW X4,1,2025,M02,1296.0,BMW,BMW Group,Tyskland,Benzin,Fossil,SUV/Crossover
BMW X5,2,2025,M02,1186.0,BMW,BMW Group,Tyskland,Benzin,Fossil,SUV/Crossover
Can-Am Spyder,1,2025,M02,,Can-Am,Bombardier Recreational Products,Canada,Benzin,Fossil,ATV/UTV/Andet
CFMOTO CForce 1000,1,2025,M02,1395.0,CFMOTO,CFMOTO,Kina,Benzin,Fossil,ATV/UTV/Andet
Dacia Jogger,8,2025,M02,1230.0,Dacia,Renault Group,Frankrig,Benzin,Fossil,Personbil
DS 7,1,2025,M02,1384.0,DS,Stellantis,Europæisk (Multinational),Benzin,Fossil,Personbil
Ferrari 12Cilindri,1,2025,M02,,Ferrari,Ferrari,Italien,Benzin,Fossil,Personbil
Ferrari Roma,1,2025,M02,1337.0,Ferrari,Ferrari,Italien,Benzin,Fossil,Personbil
Fiat 500,1,2025,M02,1232.0,Fiat,Stellantis,Europæisk (Multinational),Benzin,Fossil,Personbil
Ford Focus,6,2025,M02,1162.0,Ford,Ford Motor Company,USA,Benzin,Fossil,Personbil
Ford Tourneo Connect,1,2025,M02,1234.0,Ford,Ford Motor Company,USA,Benzin,Fossil,Varebil/MPV
Ford Transit Custom,6,2025,M02,1192.0,Ford,Ford Motor Company,USA,Benzin,Fossil,Varebil/MPV
Hisun HS,1,2025,M02,1235.0,Hisun,"Chongqing Huansong Industrial (Group) Co., Ltd.",Kina,Benzin,Fossil,ATV/UTV/Andet
Hongqi E-HS9,3,2025,M02,1236.0,Hongqi,FAW (Hongqi),Kina,El,Nul-emission,Personbil
Hyundai I10,51,2025,M02,1237.0,Hyundai,Hyundai Motor Group,Sydkorea,Benzin,Fossil,Personbil
Hyundai I20,40,2025,M02,1238.0,Hyundai,Hyundai Motor Group,Sydkorea,Benzin,Fossil,Personbil
Hyundai I30,4,2025,M02,1239.0,Hyundai,Hyundai Motor Group,Sydkorea,Benzin,Fossil,Personbil
Hyundai Santa Fe,24,2025,M02,1240.0,Hyundai,Hyundai Motor Group,Sydkorea,Benzin,Fossil,SUV/Crossover
Hyundai Tucson,10,2025,M02,1241.0,Hyundai,Hyundai Motor Group,Sydkorea,Benzin,Fossil,SUV/Crossover
Jeep Wrangler,1,2025,M02,1345.0,Jeep,Stellantis,Europæisk (Multinational),Benzin,Fossil,Personbil
Kia Ceed,40,2025,M02,1243.0,Kia,Hyundai Motor Group,Sydkorea,Benzin,Fossil,Personbil
Kia Picanto,35,2025,M02,1245.0,Kia,Hyundai Motor Group,Sydkorea,Benzin,Fossil,Personbil
Kia Sorento,2,2025,M02,1246.0,Kia,Hyundai Motor Group,Sydkorea,Benzin,Fossil,SUV/Crossover
Kia Sportage,2,2025,M02,1247.0,Kia,Hyundai Motor Group,Sydkorea,Benzin,Fossil,SUV/Crossover
Kia Stonic,19,2025,M02,1248.0,Kia,Hyundai Motor Group,Sydkorea,Benzin,Fossil,Personbil
Kia XCeed,5,2025,M02,1249.0,Kia,Hyundai Motor Group,Sydkorea,Benzin,Fossil,Personbil
Lamborghini Huracán,1,2025,M02,1430.0,Lamborghini,Volkswagen Group,Tyskland,Benzin,Fossil,Personbil
Lamborghini Urus,1,2025,M02,1394.0,Lamborghini,Volkswagen Group,Tyskland,Benzin,Fossil,SUV/Crossover
Land Rover Range Rover,5,2025,M02,1283.0,Land Rover,Jaguar Land Rover (Tata Motors),Indien,Benzin,Fossil,SUV/Crossover
Lexus NX,6,2025,M02,1252.0,Lexus,Toyota Motor Corporation,Japan,Hybrid,Lav-emission,Personbil
Lindebjerg S1,1,2025,M02,1386.0,Lindebjerg,Lindebjerg,Danmark,El,Nul-emission,ATV/UTV/Andet
Lotus Eletre,3,2025,M02,1254.0,Lotus,Geely (Lynk & Co),Kina,Benzin,Fossil,Personbil
Mazda MX-5,6,2025,M02,1346.0,Mazda,Mazda Motor Corporation,Japan,Benzin,Fossil,Personbil
Mercedes-Benz Citan,4,2025,M02,1313.0,Mercedes-Benz,Mercedes-Benz Group,Tyskland,Benzin,Fossil,Varebil/MPV
Mercedes-Benz CLS,1,2025,M02,1401.0,Mercedes-Benz,Mercedes-Benz Group,Tyskland,Benzin,Fossil,Personbil
Mercedes-Benz EQS,1,2025,M02,1169.0,Mercedes-Benz,Mercedes-Benz Group,Tyskland,El,Nul-emission,Personbil
Mercedes-Benz G-Klasse,2,2025,M02,1170.0,Mercedes-Benz,Mercedes-Benz Group,Tyskland,Benzin,Fossil,Personbil
Mercedes-Benz Vito,1,2025,M02,1156.0,Mercedes-Benz,Mercedes-Benz Group,Tyskland,Benzin,Fossil,Varebil/MPV
MG 3,2,2025,M02,1172.0,MG,SAIC Motor (MG),Kina,Benzin,Fossil,Personbil
MG Cyberster,4,2025,M02,1173.0,MG,SAIC Motor (MG),Kina,Benzin,Fossil,Personbil
MG Marvel R,1,2025,M02,1347.0,MG,SAIC Motor (MG),Kina,Benzin,Fossil,Personbil
Mini Cabriolet,3,2025,M02,1370.0,Mini,BMW Group,Tyskland,Benzin,Fossil,Personbil
Opel Astra,4,2025,M02,1258.0,Opel,Stellantis,Europæisk (Multinational),Benzin,Fossil,Personbil
Opel Crossland,1,2025,M02,1260.0,Opel,Stellantis,Europæisk (Multinational),Benzin,Fossil,SUV/Crossover
Polaris Ranger,1,2025,M02,1404.0,Polaris,Polaris,USA,Benzin,Fossil,ATV/UTV/Andet
Porsche Panamera,1,2025,M02,1265.0,Porsche,Volkswagen Group,Tyskland,Benzin,Fossil,Personbil
Subaru Forester,1,2025,M02,1212.0,Subaru,Subaru Corporation,Japan,Benzin,Fossil,SUV/Crossover
Suzuki Ignis,47,2025,M02,1268.0,Suzuki,Suzuki Motor Corporation,Japan,Benzin,Fossil,Personbil
Suzuki S-Cross,5,2025,M02,1269.0,Suzuki,Suzuki Motor Corporation,Japan,Benzin,Fossil,SUV/Crossover
Suzuki Swace,5,2025,M02,1270.0,Suzuki,Suzuki Motor Corporation,Japan,Benzin,Fossil,Personbil
Tesla Model S,1,2025,M02,1213.0,Tesla,"Tesla, Inc.",USA,El,Nul-emission,Personbil
Tesla Model X,1,2025,M02,1214.0,Tesla,"Tesla, Inc.",USA,El,Nul-emission,Personbil
Toyota C-HR,30,2025,M02,1271.0,Toyota,Toyota Motor Corporation,Japan,Hybrid,Lav-emission,Personbil
Toyota Land Cruiser,2,2025,M02,1272.0,Toyota,Toyota Motor Corporation,Japan,Benzin,Fossil,SUV/Crossover
Toyota RAV4,57,2025,M02,1273.0,Toyota,Toyota Motor Corporation,Japan,Hybrid,Lav-emission,SUV/Crossover
Volkswagen Crafter,7,2025,M02,1218.0,Volkswagen,Volkswagen Group,Tyskland,Benzin,Fossil,Varebil/MPV
Volvo XC60,57,2025,M02,1275.0,Volvo,Geely (Lynk & Co),Kina,Benzin,Fossil,Personbil
Volvo XC90,12,2025,M02,1276.0,Volvo,Geely (Lynk & Co),Kina,Benzin,Fossil,Personbil
Voyah Free,1,2025,M02,1332.0,Voyah,Dongfeng (Voyah),Kina,El,Nul-emission,Personbil
Xingyun UTV,1,2025,M02,1333.0,Xingyun,Shandong Xingyun,Kina,El,Nul-emission,ATV/UTV/Andet
Yunlong JJ2000DBP,4,2025,M02,1277.0,Yunlong,MG,Kina,Benzin,Fossil,Personbil
Yunlong JJ2000DZK,1,2025,M02,,Yunlong,Shandong Yunlong Eco Technologies,Kina,El,Nul-emission,ATV/UTV/Andet
Yunlong JJ5000BP,1,2025,M02,,Yunlong,MG,Kina,Benzin,Fossil,Personbil
Toyota bZ4X,1348,2026,M01,1000.0,Toyota,Toyota Motor Corporation,Japan,El,Nul-emission,Personbil
Skoda Elroq,804,2026,M01,1001.0,Skoda,Volkswagen Group,Tyskland,El,Nul-emission,Personbil
Tesla Model Y,454,2026,M01,1002.0,Tesla,"Tesla, Inc.",USA,El,Nul-emission,Personbil
Audi Q4 e-tron,444,2026,M01,1003.0,Audi,Volkswagen Group,Tyskland,El,Nul-emission,SUV/Crossover
Toyota Urban Cruiser,431,2026,M01,1004.0,Toyota,Toyota Motor Corporation,Japan,Benzin,Fossil,Personbil
Volkswagen ID.4,381,2026,M01,1005.0,Volkswagen,Volkswagen Group,Tyskland,El,Nul-emission,Personbil
Skoda Enyaq iV,312,2026,M01,1006.0,Skoda,Volkswagen Group,Tyskland,El,Nul-emission,Personbil
Cupra Born,265,2026,M01,1007.0,Cupra,Volkswagen Group,Tyskland,El,Nul-emission,Personbil
Renault R5,261,2026,M01,1008.0,Renault,Renault Group,Frankrig,Benzin,Fossil,Personbil
BMW iX1,246,2026,M01,1009.0,BMW,BMW Group,Tyskland,El,Nul-emission,SUV/Crossover
Volkswagen ID. Buzz,238,2026,M01,1010.0,Volkswagen,Volkswagen Group,Tyskland,El,Nul-emission,Personbil
Volkswagen ID.3,229,2026,M01,1011.0,Volkswagen,Volkswagen Group,Tyskland,El,Nul-emission,Personbil
Citroen C3,226,2026,M01,1012.0,Citroen,Stellantis,Europæisk (Multinational),Benzin,Fossil,Personbil
BMW X1,209,2026,M01,1013.0,BMW,BMW Group,Tyskland,Benzin,Fossil,SUV/Crossover
Citroen C3 Aircross,207,2026,M01,1014.0,Citroen,Stellantis,Europæisk (Multinational),Benzin,Fossil,SUV/Crossover
Xpeng G6,206,2026,M01,1015.0,Xpeng,XPeng,Kina,El,Nul-emission,Personbil
Renault R4,193,2026,M01,1016.0,Renault,Renault Group,Frankrig,Benzin,Fossil,Personbil
Volkswagen ID.7,190,2026,M01,1017.0,Volkswagen,Volkswagen Group,Tyskland,El,Nul-emission,Personbil
Volvo EX40,189,2026,M01,1018.0,Volvo,Geely (Lynk & Co),Kina,Benzin,Fossil,SUV/Crossover
Mazda 6e,175,2026,M01,1019.0,Mazda,Mazda Motor Corporation,Japan,Benzin,Fossil,Personbil
Toyota Yaris Cross,171,2026,M01,1020.0,Toyota,Toyota Motor Corporation,Japan,Benzin,Fossil,SUV/Crossover
Renault Scenic,160,2026,M01,1021.0,Renault,Renault Group,Frankrig,Benzin,Fossil,Personbil
Mercedes-Benz CLA,156,2026,M01,1022.0,Mercedes-Benz,Mercedes-Benz Group,Tyskland,Benzin,Fossil,Personbil
Ford Explorer,153,2026,M01,1023.0,Ford,Ford Motor Company,USA,Benzin,Fossil,Personbil
Peugeot 208,150,2026,M01,1024.0,Peugeot,Stellantis,Europæisk (Multinational),Benzin,Fossil,Personbil
Renault Austral,150,2026,M01,1025.0,Renault,Renault Group,Frankrig,Benzin,Fossil,Personbil
Mercedes-Benz EQA,143,2026,M01,1026.0,Mercedes-Benz,Mercedes-Benz Group,Tyskland,El,Nul-emission,Personbil
Mercedes-Benz EQB,140,2026,M01,1027.0,Mercedes-Benz,Mercedes-Benz Group,Tyskland,El,Nul-emission,Personbil
Zeekr 7X,137,2026,M01,1028.0,Zeekr,Geely (Lynk & Co),Kina,El,Nul-emission,Personbil
Suzuki Vitara,136,2026,M01,1029.0,Suzuki,Suzuki Motor Corporation,Japan,Benzin,Fossil,SUV/Crossover
Peugeot 2008,119,2026,M01,1030.0,Peugeot,Stellantis,Europæisk (Multinational),Benzin,Fossil,Personbil
Leapmotor B10,118,2026,M01,1031.0,Leapmotor,Leapmotor,Kina,El,Nul-emission,Personbil
Citroen C5 Aircross,103,2026,M01,1032.0,Citroen,Stellantis,Europæisk (Multinational),Benzin,Fossil,SUV/Crossover
Kia EV3,102,2026,M01,1033.0,Kia,Hyundai Motor Group,Sydkorea,Benzin,Fossil,Personbil
Suzuki Swift,102,2026,M01,1034.0,Suzuki,Suzuki Motor Corporation,Japan,Benzin,Fossil,Personbil
Nissan Qashqai,101,2026,M01,1035.0,Nissan,Nissan Motor Co.,Japan,Benzin,Fossil,SUV/Crossover
Peugeot 3008,99,2026,M01,1036.0,Peugeot,Stellantis,Europæisk (Multinational),Benzin,Fossil,Personbil
MG 4,94,2026,M01,1037.0,MG,SAIC Motor (MG),Kina,Benzin,Fossil,Personbil
Audi A6 e-tron,93,2026,M01,1038.0,Audi,Volkswagen Group,Tyskland,El,Nul-emission,Personbil
Peugeot 5008,93,2026,M01,1039.0,Peugeot,Stellantis,Europæisk (Multinational),Benzin,Fossil,Personbil
MG ZS,88,2026,M01,1040.0,MG,SAIC Motor (MG),Kina,Benzin,Fossil,Personbil
Renault Megane E-Tech,84,2026,M01,1041.0,Renault,Renault Group,Frankrig,El,Nul-emission,Personbil
Toyota Aygo X,82,2026,M01,1042.0,Toyota,Toyota Motor Corporation,Japan,Benzin,Fossil,Personbil
Hyundai Kona,81,2026,M01,1043.0,Hyundai,Hyundai Motor Group,Sydkorea,Benzin,Fossil,SUV/Crossover
Cupra Terramar,79,2026,M01,1044.0,Cupra,Volkswagen Group,Tyskland,Benzin,Fossil,Personbil
BMW i4,78,2026,M01,1045.0,BMW,BMW Group,Tyskland,El,Nul-emission,Personbil
MG S5,78,2026,M01,1046.0,MG,SAIC Motor (MG),Kina,Benzin,Fossil,Personbil
Skoda Kodiaq,77,2026,M01,1047.0,Skoda,Volkswagen Group,Tyskland,Benzin,Fossil,SUV/Crossover
Polestar 4,76,2026,M01,1048.0,Polestar,Geely (Lynk & Co),Kina,El,Nul-emission,Personbil
BMW i5,75,2026,M01,1049.0,BMW,BMW Group,Tyskland,El,Nul-emission,Personbil
Hyundai Ioniq 5,74,2026,M01,1050.0,Hyundai,Hyundai Motor Group,Sydkorea,El,Nul-emission,Personbil
BMW 3'er,70,2026,M01,1051.0,BMW,BMW Group,Tyskland,Benzin,Fossil,Personbil
Ford Capri,70,2026,M01,1052.0,Ford,Ford Motor Company,USA,Benzin,Fossil,Personbil
Volkswagen ID.5,69,2026,M01,1053.0,Volkswagen,Volkswagen Group,Tyskland,El,Nul-emission,Personbil
Ford Puma,63,2026,M01,1054.0,Ford,Ford Motor Company,USA,Benzin,Fossil,Personbil
Nissan Micra,63,2026,M01,1055.0,Nissan,Nissan Motor Co.,Japan,Benzin,Fossil,Personbil
Volvo EX30,63,2026,M01,1056.0,Volvo,Geely (Lynk & Co),Kina,Benzin,Fossil,SUV/Crossover
Toyota Yaris,61,2026,M01,1057.0,Toyota,Toyota Motor Corporation,Japan,Hybrid,Lav-emission,Personbil
Kia EV9,59,2026,M01,1058.0,Kia,Hyundai Motor Group,Sydkorea,Benzin,Fossil,Personbil
Kia EV4,54,2026,M01,1059.0,Kia,Hyundai Motor Group,Sydkorea,Benzin,Fossil,Personbil
Ford Kuga,53,2026,M01,1060.0,Ford,Ford Motor Company,USA,Hybrid,Lav-emission,Personbil
Hyundai Inster,53,2026,M01,1061.0,Hyundai,Hyundai Motor Group,Sydkorea,Benzin,Fossil,Personbil
Cupra Formentor,49,2026,M01,1062.0,Cupra,Volkswagen Group,Tyskland,Benzin,Fossil,Personbil
BMW 5'er,48,2026,M01,1063.0,BMW,BMW Group,Tyskland,Benzin,Fossil,Personbil
Audi A3,45,2026,M01,1064.0,Audi,Volkswagen Group,Tyskland,Benzin,Fossil,Personbil
Cupra Tavascan,44,2026,M01,1065.0,Cupra,Volkswagen Group,Tyskland,Benzin,Fossil,Personbil
Kia PV5,44,2026,M01,1066.0,Kia,Hyundai Motor Group,Sydkorea,Benzin,Fossil,Personbil
BMW 1'er,43,2026,M01,1067.0,BMW,BMW Group,Tyskland,Benzin,Fossil,Personbil
Xpeng G9,43,2026,M01,1068.0,Xpeng,XPeng,Kina,El,Nul-emission,Personbil
Kia EV6,41,2026,M01,1069.0,Kia,Hyundai Motor Group,Sydkorea,Benzin,Fossil,Personbil
Nissan Ariya,40,2026,M01,1070.0,Nissan,Nissan Motor Co.,Japan,Benzin,Fossil,Personbil
Audi Q2,38,2026,M01,1071.0,Audi,Volkswagen Group,Tyskland,Benzin,Fossil,SUV/Crossover
Opel Grandland,37,2026,M01,1072.0,Opel,Stellantis,Europæisk (Multinational),Benzin,Fossil,SUV/Crossover
Seat Ibiza,35,2026,M01,1073.0,Seat,Volkswagen Group,Tyskland,Benzin,Fossil,Personbil
Mercedes-Benz EQE,33,2026,M01,1074.0,Mercedes-Benz,Mercedes-Benz Group,Tyskland,El,Nul-emission,Personbil
Lexus RZ,32,2026,M01,1075.0,Lexus,Toyota Motor Corporation,Japan,Benzin,Fossil,Personbil
Mercedes-Benz GLC,32,2026,M01,1076.0,Mercedes-Benz,Mercedes-Benz Group,Tyskland,Benzin,Fossil,Personbil
Opel Frontera,32,2026,M01,1077.0,Opel,Stellantis,Europæisk (Multinational),Benzin,Fossil,SUV/Crossover
Navor E5,30,2026,M01,1078.0,Navor,DFSK Motor,Kina,Benzin,Fossil,Personbil
Mini Aceman,29,2026,M01,1079.0,Mini,BMW Group,Tyskland,El,Nul-emission,Personbil
Volkswagen T-Roc,29,2026,M01,1080.0,Volkswagen,Volkswagen Group,Tyskland,Benzin,Fossil,SUV/Crossover
Volvo EX90,29,2026,M01,1081.0,Volvo,Geely (Lynk & Co),Kina,Benzin,Fossil,Personbil
Ford Tourneo Custom,28,2026,M01,1082.0,Ford,Ford Motor Company,USA,Benzin,Fossil,Varebil/MPV
Mini 3-dørs,28,2026,M01,1083.0,Mini,BMW Group,Tyskland,Benzin,Fossil,Personbil
Mazda CX-30,26,2026,M01,1084.0,Mazda,Mazda Motor Corporation,Japan,Benzin,Fossil,SUV/Crossover
Renault Symbioz,26,2026,M01,1085.0,Renault,Renault Group,Frankrig,Benzin,Fossil,Personbil
Honda e:Ny1,25,2026,M01,1086.0,Honda,Honda Motor Co.,Japan,El,Nul-emission,Personbil
BMW iX2,24,2026,M01,1087.0,BMW,BMW Group,Tyskland,El,Nul-emission,SUV/Crossover
Mercedes-Benz GLB,24,2026,M01,1088.0,Mercedes-Benz,Mercedes-Benz Group,Tyskland,Benzin,Fossil,Personbil
BMW iX,23,2026,M01,1089.0,BMW,BMW Group,Tyskland,El,Nul-emission,Personbil
Mercedes-Benz GLA,23,2026,M01,1090.0,Mercedes-Benz,Mercedes-Benz Group,Tyskland,Benzin,Fossil,Personbil
Ford Transit,22,2026,M01,1091.0,Ford,Ford Motor Company,USA,Benzin,Fossil,Varebil/MPV
Mercedes-Benz Vito Tourer,22,2026,M01,1092.0,Mercedes-Benz,Mercedes-Benz Group,Tyskland,Benzin,Fossil,Varebil/MPV
Volvo EC40,22,2026,M01,1093.0,Volvo,Geely (Lynk & Co),Kina,Benzin,Fossil,Personbil
Skoda Karoq,20,2026,M01,1094.0,Skoda,Volkswagen Group,Tyskland,Benzin,Fossil,SUV/Crossover
BYD Dolphin Surf,19,2026,M01,1095.0,BYD,BYD Auto,Kina,Benzin,Fossil,Personbil
BYD Sealion 7,19,2026,M01,1096.0,BYD,BYD Auto,Kina,Benzin,Fossil,Personbil
Polestar 2,19,2026,M01,1097.0,Polestar,Geely (Lynk & Co),Kina,El,Nul-emission,Personbil
Mercedes-Benz C-Klasse,18,2026,M01,1098.0,Mercedes-Benz,Mercedes-Benz Group,Tyskland,Benzin,Fossil,Personbil
Audi Q3,17,2026,M01,1099.0,Audi,Volkswagen Group,Tyskland,Benzin,Fossil,SUV/Crossover
Cupra Leon,17,2026,M01,1100.0,Cupra,Volkswagen Group,Tyskland,Benzin,Fossil,Personbil
MG S6 EV,17,2026,M01,1101.0,MG,SAIC Motor (MG),Kina,Benzin,Fossil,Personbil
Mini Countryman,16,2026,M01,1102.0,Mini,BMW Group,Tyskland,Benzin,Fossil,Personbil
Nissan Juke,15,2026,M01,1103.0,Nissan,Nissan Motor Co.,Japan,Benzin,Fossil,SUV/Crossover
BYD Seal U,14,2026,M01,1104.0,BYD,BYD Auto,Kina,Benzin,Fossil,Personbil
Volvo ES90,14,2026,M01,1105.0,Volvo,Geely (Lynk & Co),Kina,Benzin,Fossil,Personbil
BYD Atto 2,13,2026,M01,1106.0,BYD,BYD Auto,Kina,Benzin,Fossil,Personbil
BYD Seal,13,2026,M01,1107.0,BYD,BYD Auto,Kina,Benzin,Fossil,Personbil
KGM Torres EVX,13,2026,M01,1108.0,KGM,KG Mobility (tidl. SsangYong),Sydkorea,El,Nul-emission,SUV/Crossover
MG HS,13,2026,M01,1109.0,MG,SAIC Motor (MG),Kina,Benzin,Fossil,Personbil
Mercedes-Benz EQE SUV,12,2026,M01,1110.0,Mercedes-Benz,Mercedes-Benz Group,Tyskland,El,Nul-emission,SUV/Crossover
Renault Clio,12,2026,M01,1111.0,Renault,Renault Group,Frankrig,Benzin,Fossil,Personbil
Skoda Kamiq,12,2026,M01,1112.0,Skoda,Volkswagen Group,Tyskland,Benzin,Fossil,SUV/Crossover
Subaru Solterra,12,2026,M01,1113.0,Subaru,Subaru Corporation,Japan,Benzin,Fossil,Personbil
Zeekr X,12,2026,M01,1114.0,Zeekr,Geely (Lynk & Co),Kina,El,Nul-emission,Personbil
Audi A5,11,2026,M01,1115.0,Audi,Volkswagen Group,Tyskland,Benzin,Fossil,Personbil
Jaecoo J5,11,2026,M01,1116.0,Jaecoo,Chery Group,Kina,Benzin,Fossil,Personbil
Citroen Berlingo,10,2026,M01,1117.0,Citroen,Stellantis,Europæisk (Multinational),Benzin,Fossil,Varebil/MPV
Hyundai Ioniq 9,10,2026,M01,1118.0,Hyundai,Hyundai Motor Group,Sydkorea,El,Nul-emission,Personbil
Porsche Macan,10,2026,M01,1119.0,Porsche,Volkswagen Group,Tyskland,Benzin,Fossil,SUV/Crossover
Renault Master,10,2026,M01,1120.0,Renault,Renault Group,Frankrig,Benzin,Fossil,Varebil/MPV
Skyworth K,10,2026,M01,1121.0,Skyworth,Skyworth,Ukendt,El,Nul-emission,Personbil
Fiat Grande Panda,9,2026,M01,1122.0,Fiat,Stellantis,Europæisk (Multinational),Benzin,Fossil,Personbil
Mercedes-Benz A-Klasse,9,2026,M01,1123.0,Mercedes-Benz,Mercedes-Benz Group,Tyskland,Benzin,Fossil,Personbil
Toyota Corolla Cross,9,2026,M01,1124.0,Toyota,Toyota Motor Corporation,Japan,Benzin,Fossil,SUV/Crossover
Volkswagen Passat,9,2026,M01,1125.0,Volkswagen,Volkswagen Group,Tyskland,Benzin,Fossil,Personbil
BYD Tang,8,2026,M01,1126.0,BYD,BYD Auto,Kina,Benzin,Fossil,Personbil
Honda CR-V,8,2026,M01,1127.0,Honda,Honda Motor Co.,Japan,Hybrid,Lav-emission,Personbil
Mercedes-Benz E-Klasse,8,2026,M01,1128.0,Mercedes-Benz,Mercedes-Benz Group,Tyskland,Benzin,Fossil,Personbil
Omoda 5,8,2026,M01,1129.0,Omoda,Chery Group,Kina,Benzin,Fossil,Personbil
Skoda Scala,8,2026,M01,1130.0,Skoda,Volkswagen Group,Tyskland,Benzin,Fossil,Personbil
Suzuki SX4,8,2026,M01,1131.0,Suzuki,Suzuki Motor Corporation,Japan,Benzin,Fossil,SUV/Crossover
Exlantix ET,7,2026,M01,1132.0,Exlantix,Chery Group,Kina,El,Nul-emission,Personbil
Hyundai Ioniq 6,7,2026,M01,1133.0,Hyundai,Hyundai Motor Group,Sydkorea,El,Nul-emission,Personbil
Mercedes-Benz Sprinter,7,2026,M01,1134.0,Mercedes-Benz,Mercedes-Benz Group,Tyskland,Benzin,Fossil,Varebil/MPV
Toyota Proace Verso,7,2026,M01,1135.0,Toyota,Toyota Motor Corporation,Japan,Benzin,Fossil,Varebil/MPV
Zeekr 001,7,2026,M01,1136.0,Zeekr,Geely (Lynk & Co),Kina,El,Nul-emission,Personbil
Audi Q5,6,2026,M01,1137.0,Audi,Volkswagen Group,Tyskland,Benzin,Fossil,SUV/Crossover
Hongqi EHS7,6,2026,M01,1138.0,Hongqi,FAW (Hongqi),Kina,El,Nul-emission,Personbil
Skoda Superb,6,2026,M01,1139.0,Skoda,Volkswagen Group,Tyskland,Benzin,Fossil,Personbil
Volkswagen Polo,6,2026,M01,1140.0,Volkswagen,Volkswagen Group,Tyskland,Benzin,Fossil,Personbil
BMW X3,5,2026,M01,1141.0,BMW,BMW Group,Tyskland,Benzin,Fossil,SUV/Crossover
Exlantix ES,4,2026,M01,1142.0,Exlantix,Chery Group,Kina,El,Nul-emission,Personbil
Lynk & Co 02,4,2026,M01,1143.0,Lynk & Co,Geely (Lynk & Co),Kina,Benzin,Fossil,Personbil
Mercedes-Benz GLE,4,2026,M01,1144.0,Mercedes-Benz,Mercedes-Benz Group,Tyskland,Benzin,Fossil,Personbil
Volkswagen Tiguan,4,2026,M01,1145.0,Volkswagen,Volkswagen Group,Tyskland,Benzin,Fossil,SUV/Crossover
BMW i7,3,2026,M01,1146.0,BMW,BMW Group,Tyskland,El,Nul-emission,Personbil
BMW i7,3,2026,M01,,BMW,BMW Group,Tyskland,El,Nul-emission,Personbil
Ford Mustang Mach-E,3,2026,M01,1147.0,Ford,Ford Motor Company,USA,Benzin,Fossil,Personbil
Hisun HS5DUTV-2,3,2026,M01,1148.0,Hisun,"Chongqing Huansong Industrial (Group) Co., Ltd.",Kina,Benzin,Fossil,ATV/UTV/Andet
Honda HR-V,3,2026,M01,1149.0,Honda,Honda Motor Co.,Japan,Benzin,Fossil,Personbil
Honda Jazz,3,2026,M01,1150.0,Honda,Honda Motor Co.,Japan,Benzin,Fossil,Personbil
Hyundai Bayon,3,2026,M01,1151.0,Hyundai,Hyundai Motor Group,Sydkorea,Benzin,Fossil,Personbil
Maserati Grecale,3,2026,M01,1152.0,Maserati,Stellantis,Europæisk (Multinational),Benzin,Fossil,Personbil
Mazda 2,3,2026,M01,1153.0,Mazda,Mazda Motor Corporation,Japan,Benzin,Fossil,Personbil
Mazda 3,3,2026,M01,1154.0,Mazda,Mazda Motor Corporation,Japan,Benzin,Fossil,Personbil
Mercedes-Benz EQV,3,2026,M01,1155.0,Mercedes-Benz,Mercedes-Benz Group,Tyskland,El,Nul-emission,Personbil
Mercedes-Benz Vito,3,2026,M01,1156.0,Mercedes-Benz,Mercedes-Benz Group,Tyskland,Benzin,Fossil,Varebil/MPV
Skoda Octavia,3,2026,M01,1157.0,Skoda,Volkswagen Group,Tyskland,Benzin,Fossil,Personbil
Today Sunshine,3,2026,M01,1158.0,Today Sunshine,Today Sunshine,Ukendt,Benzin,Fossil,Personbil
Audi A6,2,2026,M01,1159.0,Audi,Volkswagen Group,Tyskland,Benzin,Fossil,Personbil
Audi Q6 e-tron,2,2026,M01,1160.0,Audi,Volkswagen Group,Tyskland,El,Nul-emission,SUV/Crossover
BYD Atto 3,2,2026,M01,1161.0,BYD,BYD Auto,Kina,Benzin,Fossil,Personbil
Ford Focus,2,2026,M01,1162.0,Ford,Ford Motor Company,USA,Benzin,Fossil,Personbil
Honda Civic,2,2026,M01,1163.0,Honda,Honda Motor Co.,Japan,Hybrid,Lav-emission,Personbil
Kia EV5,2,2026,M01,1164.0,Kia,Hyundai Motor Group,Sydkorea,Benzin,Fossil,Personbil
Lexus LBX,2,2026,M01,1165.0,Lexus,Toyota Motor Corporation,Japan,Benzin,Fossil,Personbil
Maxus e-Deliver 9,2,2026,M01,1166.0,Maxus,SAIC Motor (Maxus),Kina,Benzin,Fossil,Varebil/MPV
Maxus Euniq6,2,2026,M01,1167.0,Maxus,SAIC Motor (Maxus),Kina,Benzin,Fossil,SUV/Crossover
Mazda CX-80,2,2026,M01,1168.0,Mazda,Mazda Motor Corporation,Japan,Benzin,Fossil,SUV/Crossover
Mercedes-Benz EQS,2,2026,M01,1169.0,Mercedes-Benz,Mercedes-Benz Group,Tyskland,El,Nul-emission,Personbil
Mercedes-Benz G-Klasse,2,2026,M01,1170.0,Mercedes-Benz,Mercedes-Benz Group,Tyskland,Benzin,Fossil,Personbil
Mercedes-Benz V-Klasse,2,2026,M01,1171.0,Mercedes-Benz,Mercedes-Benz Group,Tyskland,Benzin,Fossil,Personbil
MG 3,2,2026,M01,1172.0,MG,SAIC Motor (MG),Kina,Benzin,Fossil,Personbil
MG Cyberster,2,2026,M01,1173.0,MG,SAIC Motor (MG),Kina,Benzin,Fossil,Personbil
Microlino,2,2026,M01,1174.0,Microlino,Micro,Schweitz/Italien,El,Nul-emission,ATV/UTV/Andet
Porsche Taycan,2,2026,M01,1175.0,Porsche,Volkswagen Group,Tyskland,El,Nul-emission,Personbil
Renault Trafic,2,2026,M01,1176.0,Renault,Renault Group,Frankrig,Benzin,Fossil,Varebil/MPV
Seat Arona,2,2026,M01,1177.0,Seat,Volkswagen Group,Tyskland,Benzin,Fossil,Personbil
Subaru Outback,2,2026,M01,1178.0,Subaru,Subaru Corporation,Japan,Benzin,Fossil,SUV/Crossover
Tesla Model 3,2,2026,M01,1179.0,Tesla,"Tesla, Inc.",USA,El,Nul-emission,Personbil
Toyota Corolla,2,2026,M01,1180.0,Toyota,Toyota Motor Corporation,Japan,Hybrid,Lav-emission,Personbil
Volkswagen T-Cross,2,2026,M01,1181.0,Volkswagen,Volkswagen Group,Tyskland,Benzin,Fossil,SUV/Crossover
Volkswagen Touran,2,2026,M01,1182.0,Volkswagen,Volkswagen Group,Tyskland,Benzin,Fossil,Personbil
Bentley Bentayga,1,2026,M01,1183.0,Bentley,Volkswagen Group,Tyskland,Benzin,Fossil,Personbil
Bentley Flying Spur,1,2026,M01,1184.0,Bentley,Volkswagen Group,Tyskland,Benzin,Fossil,Personbil
BMW 4'er,1,2026,M01,1185.0,BMW,BMW Group,Tyskland,Benzin,Fossil,Personbil
BMW X5,1,2026,M01,1186.0,BMW,BMW Group,Tyskland,Benzin,Fossil,SUV/Crossover
BYD Dolphin,1,2026,M01,1187.0,BYD,BYD Auto,Kina,Benzin,Fossil,Personbil
Eagle Golf Car,1,2026,M01,1188.0,Eagle,"Eagle Golf Cars, LLC",USA,EL,Nul-emission,ATV/UTV/Andet
Evolution Classic 4,1,2026,M01,1189.0,Evolution Classic,Evolution Electric Vehicles,USA,El,Nul-emission,ATV/UTV/Andet
Ferrari Purosangue,1,2026,M01,1190.0,Ferrari,Ferrari,Italien,Benzin,Fossil,Personbil
Ford Allied,1,2026,M01,1191.0,Ford,Ford Motor Company,USA,Benzin,Fossil,Personbil
Ford Transit Custom,1,2026,M01,1192.0,Ford,Ford Motor Company,USA,Benzin,Fossil,Varebil/MPV
Honda ZR-V,1,2026,M01,1193.0,Honda,Honda Motor Co.,Japan,Benzin,Fossil,Personbil
Hongqi EH7,1,2026,M01,1194.0,Hongqi,FAW (Hongqi),Kina,El,Nul-emission,Personbil
JAC E30X,1,2026,M01,1195.0,JAC,JAC Motors,Kina,Benzin,Fossil,Personbil
Land Rover Range Rover Sport,1,2026,M01,1196.0,Land Rover,Jaguar Land Rover (Tata Motors),Indien,Benzin,Fossil,SUV/Crossover
MAN TGE,1,2026,M01,1197.0,MAN,TRATON (Volkswagen Group),Tyskland,Benzin,Fossil,Varebil/MPV
Maxus Euniq5,1,2026,M01,1198.0,Maxus,SAIC Motor (Maxus),Kina,Benzin,Fossil,SUV/Crossover
Mazda MX-30,1,2026,M01,1199.0,Mazda,Mazda Motor Corporation,Japan,Benzin,Fossil,Personbil
Mercedes-Benz EQS SUV,1,2026,M01,1200.0,Mercedes-Benz,Mercedes-Benz Group,Tyskland,El,Nul-emission,SUV/Crossover
Mercedes-Benz S-Klasse,1,2026,M01,1201.0,Mercedes-Benz,Mercedes-Benz Group,Tyskland,Benzin,Fossil,Personbil
Nilsson Hearse,1,2026,M01,1202.0,Nilsson Hearse,Nilsson Hearse,Sverige,Benzin,Fossil,Varebil/MPV
Nio Firefly,1,2026,M01,1203.0,Nio,NIO,Kina,El,Nul-emission,Personbil
Nissan X-Trail,1,2026,M01,1204.0,Nissan,Nissan Motor Co.,Japan,Hybrid,Lav-emission,Personbil
Opel Zafira,1,2026,M01,1205.0,Opel,Stellantis,Europæisk (Multinational),Benzin,Fossil,Varebil/MPV
Peugeot 308,1,2026,M01,1206.0,Peugeot,Stellantis,Europæisk (Multinational),Benzin,Fossil,Personbil
Porsche 718 Boxster,1,2026,M01,1207.0,Porsche,Volkswagen Group,Tyskland,Benzin,Fossil,Personbil
Porsche Cayenne,1,2026,M01,1208.0,Porsche,Volkswagen Group,Tyskland,Benzin,Fossil,SUV/Crossover
Powerland Tachyon,1,2026,M01,1209.0,Powerland,Powerland,Ukendt,Benzin,Fossil,Personbil
Seat Leon,1,2026,M01,1210.0,Seat,Volkswagen Group,Tyskland,Benzin,Fossil,Personbil
Skoda Fabia,1,2026,M01,1211.0,Skoda,Volkswagen Group,Tyskland,Benzin,Fossil,Personbil
Subaru Forester,1,2026,M01,1212.0,Subaru,Subaru Corporation,Japan,Benzin,Fossil,SUV/Crossover
Tesla Model S,1,2026,M01,1213.0,Tesla,"Tesla, Inc.",USA,El,Nul-emission,Personbil
Tesla Model X,1,2026,M01,1214.0,Tesla,"Tesla, Inc.",USA,El,Nul-emission,Personbil
Toyota Proace,1,2026,M01,1215.0,Toyota,Toyota Motor Corporation,Japan,Benzin,Fossil,Varebil/MPV
Volkswagen Caddy,1,2026,M01,1216.0,Volkswagen,Volkswagen Group,Tyskland,Benzin,Fossil,Varebil/MPV
Volkswagen Caravelle,1,2026,M01,1217.0,Volkswagen,Volkswagen Group,Tyskland,Benzin,Fossil,Varebil/MPV
Volkswagen Crafter,1,2026,M01,1218.0,Volkswagen,Volkswagen Group,Tyskland,Benzin,Fossil,Varebil/MPV
Volkswagen Golf,1,2026,M01,1219.0,Volkswagen,Volkswagen Group,Tyskland,Benzin,Fossil,Personbil
Volvo V90,1,2026,M01,1220.0,Volvo,Geely (Lynk & Co),Kina,Benzin,Fossil,Personbil
Tesla Model Y,1741,2025,M12,1002.0,Tesla,"Tesla, Inc.",USA,El,Nul-emission,Personbil
Audi Q4 e-tron,1037,2025,M12,1003.0,Audi,Volkswagen Group,Tyskland,El,Nul-emission,SUV/Crossover
Volkswagen ID.4,789,2025,M12,1005.0,Volkswagen,Volkswagen Group,Tyskland,El,Nul-emission,Personbil
Skoda Elroq,739,2025,M12,1001.0,Skoda,Volkswagen Group,Tyskland,El,Nul-emission,Personbil
Volkswagen ID. Buzz,505,2025,M12,1010.0,Volkswagen,Volkswagen Group,Tyskland,El,Nul-emission,Personbil
Xpeng G6,497,2025,M12,1015.0,Xpeng,XPeng,Kina,El,Nul-emission,Personbil
Renault Scenic,459,2025,M12,1021.0,Renault,Renault Group,Frankrig,Benzin,Fossil,Personbil
Volkswagen ID.3,458,2025,M12,1011.0,Volkswagen,Volkswagen Group,Tyskland,El,Nul-emission,Personbil
Skoda Enyaq iV,437,2025,M12,1006.0,Skoda,Volkswagen Group,Tyskland,El,Nul-emission,Personbil
Mercedes-Benz CLA,405,2025,M12,1022.0,Mercedes-Benz,Mercedes-Benz Group,Tyskland,Benzin,Fossil,Personbil
Volkswagen ID.7,396,2025,M12,1017.0,Volkswagen,Volkswagen Group,Tyskland,El,Nul-emission,Personbil
Toyota Yaris Cross,362,2025,M12,1020.0,Toyota,Toyota Motor Corporation,Japan,Benzin,Fossil,SUV/Crossover
Audi A6 e-tron,313,2025,M12,1038.0,Audi,Volkswagen Group,Tyskland,El,Nul-emission,Personbil
Mercedes-Benz EQB,305,2025,M12,1027.0,Mercedes-Benz,Mercedes-Benz Group,Tyskland,El,Nul-emission,Personbil
Tesla Model 3,285,2025,M12,1179.0,Tesla,"Tesla, Inc.",USA,El,Nul-emission,Personbil
Cupra Born,277,2025,M12,1007.0,Cupra,Volkswagen Group,Tyskland,El,Nul-emission,Personbil
Cupra Tavascan,247,2025,M12,1065.0,Cupra,Volkswagen Group,Tyskland,Benzin,Fossil,Personbil
Volvo EX40,245,2025,M12,1018.0,Volvo,Geely (Lynk & Co),Kina,Benzin,Fossil,SUV/Crossover
BMW iX1,230,2025,M12,1009.0,BMW,BMW Group,Tyskland,El,Nul-emission,SUV/Crossover
Peugeot 208,221,2025,M12,1024.0,Peugeot,Stellantis,Europæisk (Multinational),Benzin,Fossil,Personbil
Cupra Formentor,214,2025,M12,1062.0,Cupra,Volkswagen Group,Tyskland,Benzin,Fossil,Personbil
BMW X1,212,2025,M12,1013.0,BMW,BMW Group,Tyskland,Benzin,Fossil,SUV/Crossover
Renault R5,202,2025,M12,1008.0,Renault,Renault Group,Frankrig,Benzin,Fossil,Personbil
Mercedes-Benz EQA,199,2025,M12,1026.0,Mercedes-Benz,Mercedes-Benz Group,Tyskland,El,Nul-emission,Personbil
Mazda 6e,198,2025,M12,1019.0,Mazda,Mazda Motor Corporation,Japan,Benzin,Fossil,Personbil
BMW i4,192,2025,M12,1045.0,BMW,BMW Group,Tyskland,El,Nul-emission,Personbil
Toyota bZ4X,191,2025,M12,1000.0,Toyota,Toyota Motor Corporation,Japan,El,Nul-emission,Personbil
MG 4,188,2025,M12,1037.0,MG,SAIC Motor (MG),Kina,Benzin,Fossil,Personbil
Audi Q6 e-tron,181,2025,M12,1160.0,Audi,Volkswagen Group,Tyskland,El,Nul-emission,SUV/Crossover
Polestar 4,181,2025,M12,1048.0,Polestar,Geely (Lynk & Co),Kina,El,Nul-emission,Personbil
Citroen C3 Aircross,178,2025,M12,1014.0,Citroen,Stellantis,Europæisk (Multinational),Benzin,Fossil,SUV/Crossover
Peugeot 3008,176,2025,M12,1036.0,Peugeot,Stellantis,Europæisk (Multinational),Benzin,Fossil,Personbil
Mercedes-Benz GLC,173,2025,M12,1076.0,Mercedes-Benz,Mercedes-Benz Group,Tyskland,Benzin,Fossil,Personbil
BMW 3'er,170,2025,M12,1051.0,BMW,BMW Group,Tyskland,Benzin,Fossil,Personbil
BMW i5,170,2025,M12,1049.0,BMW,BMW Group,Tyskland,El,Nul-emission,Personbil
Navor E5,159,2025,M12,1078.0,Navor,DFSK Motor,Kina,Benzin,Fossil,Personbil
Hyundai Kona,157,2025,M12,1043.0,Hyundai,Hyundai Motor Group,Sydkorea,Benzin,Fossil,SUV/Crossover
Zeekr 7X,153,2025,M12,1028.0,Zeekr,Geely (Lynk & Co),Kina,El,Nul-emission,Personbil
Volkswagen ID.5,142,2025,M12,1053.0,Volkswagen,Volkswagen Group,Tyskland,El,Nul-emission,Personbil
Suzuki Vitara,137,2025,M12,1029.0,Suzuki,Suzuki Motor Corporation,Japan,Benzin,Fossil,SUV/Crossover
Mercedes-Benz EQE SUV,135,2025,M12,1110.0,Mercedes-Benz,Mercedes-Benz Group,Tyskland,El,Nul-emission,SUV/Crossover
Hyundai Inster,128,2025,M12,1061.0,Hyundai,Hyundai Motor Group,Sydkorea,Benzin,Fossil,Personbil
Ford Explorer,122,2025,M12,1023.0,Ford,Ford Motor Company,USA,Benzin,Fossil,Personbil
Peugeot 2008,120,2025,M12,1030.0,Peugeot,Stellantis,Europæisk (Multinational),Benzin,Fossil,Personbil
Audi A3,119,2025,M12,1064.0,Audi,Volkswagen Group,Tyskland,Benzin,Fossil,Personbil
Xpeng G9,118,2025,M12,1068.0,Xpeng,XPeng,Kina,El,Nul-emission,Personbil
Volkswagen T-Roc,115,2025,M12,1080.0,Volkswagen,Volkswagen Group,Tyskland,Benzin,Fossil,SUV/Crossover
Hyundai Ioniq 5,110,2025,M12,1050.0,Hyundai,Hyundai Motor Group,Sydkorea,El,Nul-emission,Personbil
Renault R4,109,2025,M12,1016.0,Renault,Renault Group,Frankrig,Benzin,Fossil,Personbil
Volvo EX30,104,2025,M12,1056.0,Volvo,Geely (Lynk & Co),Kina,Benzin,Fossil,SUV/Crossover
BMW 4'er,99,2025,M12,1185.0,BMW,BMW Group,Tyskland,Benzin,Fossil,Personbil
Renault Symbioz,98,2025,M12,1085.0,Renault,Renault Group,Frankrig,Benzin,Fossil,Personbil
Kia EV3,92,2025,M12,1033.0,Kia,Hyundai Motor Group,Sydkorea,Benzin,Fossil,Personbil
Nissan Qashqai,92,2025,M12,1035.0,Nissan,Nissan Motor Co.,Japan,Benzin,Fossil,SUV/Crossover
Peugeot 5008,90,2025,M12,1039.0,Peugeot,Stellantis,Europæisk (Multinational),Benzin,Fossil,Personbil
BMW iX,87,2025,M12,1089.0,BMW,BMW Group,Tyskland,El,Nul-emission,Personbil
Audi Q5,86,2025,M12,1137.0,Audi,Volkswagen Group,Tyskland,Benzin,Fossil,SUV/Crossover
Nissan Ariya,85,2025,M12,1070.0,Nissan,Nissan Motor Co.,Japan,Benzin,Fossil,Personbil
Mercedes-Benz GLA,84,2025,M12,1090.0,Mercedes-Benz,Mercedes-Benz Group,Tyskland,Benzin,Fossil,Personbil
Ford Puma,82,2025,M12,1054.0,Ford,Ford Motor Company,USA,Benzin,Fossil,Personbil
Opel Grandland,82,2025,M12,1072.0,Opel,Stellantis,Europæisk (Multinational),Benzin,Fossil,SUV/Crossover
MG S5,80,2025,M12,1046.0,MG,SAIC Motor (MG),Kina,Benzin,Fossil,Personbil
Renault Captur,80,2025,M12,1266.0,Renault,Renault Group,Frankrig,Benzin,Fossil,Personbil
Mercedes-Benz EQE,73,2025,M12,1074.0,Mercedes-Benz,Mercedes-Benz Group,Tyskland,El,Nul-emission,Personbil
Toyota Aygo X,71,2025,M12,1042.0,Toyota,Toyota Motor Corporation,Japan,Benzin,Fossil,Personbil
BYD Dolphin Surf,70,2025,M12,1095.0,BYD,BYD Auto,Kina,Benzin,Fossil,Personbil
Audi Q2,65,2025,M12,1071.0,Audi,Volkswagen Group,Tyskland,Benzin,Fossil,SUV/Crossover
Renault Megane E-Tech,65,2025,M12,1041.0,Renault,Renault Group,Frankrig,El,Nul-emission,Personbil
BYD Seal U,63,2025,M12,1104.0,BYD,BYD Auto,Kina,Benzin,Fossil,Personbil
Ford Transit,61,2025,M12,1091.0,Ford,Ford Motor Company,USA,Benzin,Fossil,Varebil/MPV
Kia PV5,61,2025,M12,1066.0,Kia,Hyundai Motor Group,Sydkorea,Benzin,Fossil,Personbil
Suzuki Swift,61,2025,M12,1034.0,Suzuki,Suzuki Motor Corporation,Japan,Benzin,Fossil,Personbil
Opel Frontera,60,2025,M12,1077.0,Opel,Stellantis,Europæisk (Multinational),Benzin,Fossil,SUV/Crossover
Polestar 2,60,2025,M12,1097.0,Polestar,Geely (Lynk & Co),Kina,El,Nul-emission,Personbil
Citroen C3,58,2025,M12,1012.0,Citroen,Stellantis,Europæisk (Multinational),Benzin,Fossil,Personbil
Leapmotor B10,58,2025,M12,1031.0,Leapmotor,Leapmotor,Kina,El,Nul-emission,Personbil
BYD Sealion 7,56,2025,M12,1096.0,BYD,BYD Auto,Kina,Benzin,Fossil,Personbil
Ford Tourneo Custom,47,2025,M12,1082.0,Ford,Ford Motor Company,USA,Benzin,Fossil,Varebil/MPV
Ford Kuga,46,2025,M12,1060.0,Ford,Ford Motor Company,USA,Hybrid,Lav-emission,Personbil
BMW iX2,45,2025,M12,1087.0,BMW,BMW Group,Tyskland,El,Nul-emission,SUV/Crossover
Volvo EX90,45,2025,M12,1081.0,Volvo,Geely (Lynk & Co),Kina,Benzin,Fossil,Personbil
MG HS,42,2025,M12,1109.0,MG,SAIC Motor (MG),Kina,Benzin,Fossil,Personbil
BMW 5'er,41,2025,M12,1063.0,BMW,BMW Group,Tyskland,Benzin,Fossil,Personbil
Mercedes-Benz Sprinter,41,2025,M12,1134.0,Mercedes-Benz,Mercedes-Benz Group,Tyskland,Benzin,Fossil,Varebil/MPV
Mazda CX-60,40,2025,M12,1255.0,Mazda,Mazda Motor Corporation,Japan,Benzin,Fossil,SUV/Crossover
Mini Aceman,40,2025,M12,1079.0,Mini,BMW Group,Tyskland,El,Nul-emission,Personbil
Hongqi EHS7,37,2025,M12,1138.0,Hongqi,FAW (Hongqi),Kina,El,Nul-emission,Personbil
Hyundai Tucson,37,2025,M12,1241.0,Hyundai,Hyundai Motor Group,Sydkorea,Benzin,Fossil,SUV/Crossover
Mazda CX-30,36,2025,M12,1084.0,Mazda,Mazda Motor Corporation,Japan,Benzin,Fossil,SUV/Crossover
Mercedes-Benz GLB,35,2025,M12,1088.0,Mercedes-Benz,Mercedes-Benz Group,Tyskland,Benzin,Fossil,Personbil
Toyota Yaris,34,2025,M12,1057.0,Toyota,Toyota Motor Corporation,Japan,Hybrid,Lav-emission,Personbil
Cupra Leon,33,2025,M12,1100.0,Cupra,Volkswagen Group,Tyskland,Benzin,Fossil,Personbil
Skoda Kodiaq,33,2025,M12,1047.0,Skoda,Volkswagen Group,Tyskland,Benzin,Fossil,SUV/Crossover
Ford Capri,32,2025,M12,1052.0,Ford,Ford Motor Company,USA,Benzin,Fossil,Personbil
Porsche Macan,32,2025,M12,1119.0,Porsche,Volkswagen Group,Tyskland,Benzin,Fossil,SUV/Crossover
Mercedes-Benz C-Klasse,31,2025,M12,1098.0,Mercedes-Benz,Mercedes-Benz Group,Tyskland,Benzin,Fossil,Personbil
Citroen C5 Aircross,30,2025,M12,1032.0,Citroen,Stellantis,Europæisk (Multinational),Benzin,Fossil,SUV/Crossover
Volkswagen Touran,29,2025,M12,1182.0,Volkswagen,Volkswagen Group,Tyskland,Benzin,Fossil,Personbil
Mercedes-Benz E-Klasse,27,2025,M12,1128.0,Mercedes-Benz,Mercedes-Benz Group,Tyskland,Benzin,Fossil,Personbil
Volkswagen Passat,27,2025,M12,1125.0,Volkswagen,Volkswagen Group,Tyskland,Benzin,Fossil,Personbil
BYD Tang,26,2025,M12,1126.0,BYD,BYD Auto,Kina,Benzin,Fossil,Personbil
Hyundai Ioniq 9,25,2025,M12,1118.0,Hyundai,Hyundai Motor Group,Sydkorea,El,Nul-emission,Personbil
Mercedes-Benz A-Klasse,25,2025,M12,1123.0,Mercedes-Benz,Mercedes-Benz Group,Tyskland,Benzin,Fossil,Personbil
Kia EV6,24,2025,M12,1069.0,Kia,Hyundai Motor Group,Sydkorea,Benzin,Fossil,Personbil
Omoda 5,23,2025,M12,1129.0,Omoda,Chery Group,Kina,Benzin,Fossil,Personbil
BMW 1'er,22,2025,M12,1067.0,BMW,BMW Group,Tyskland,Benzin,Fossil,Personbil
Audi Q3,21,2025,M12,1099.0,Audi,Volkswagen Group,Tyskland,Benzin,Fossil,SUV/Crossover
Dacia Bigster,21,2025,M12,1278.0,Dacia,Renault Group,Frankrig,Benzin,Fossil,Personbil
Dacia Duster,20,2025,M12,1229.0,Dacia,Renault Group,Frankrig,Benzin,Fossil,Personbil
Fiat Grande Panda,20,2025,M12,1122.0,Fiat,Stellantis,Europæisk (Multinational),Benzin,Fossil,Personbil
Nissan Micra,20,2025,M12,1055.0,Nissan,Nissan Motor Co.,Japan,Benzin,Fossil,Personbil
Renault Clio,20,2025,M12,1111.0,Renault,Renault Group,Frankrig,Benzin,Fossil,Personbil
Volkswagen Polo,20,2025,M12,1140.0,Volkswagen,Volkswagen Group,Tyskland,Benzin,Fossil,Personbil
BYD Seal,19,2025,M12,1107.0,BYD,BYD Auto,Kina,Benzin,Fossil,Personbil
Hyundai Ioniq 6,19,2025,M12,1133.0,Hyundai,Hyundai Motor Group,Sydkorea,El,Nul-emission,Personbil
Kia EV9,19,2025,M12,1058.0,Kia,Hyundai Motor Group,Sydkorea,Benzin,Fossil,Personbil
BYD Atto 2,17,2025,M12,1106.0,BYD,BYD Auto,Kina,Benzin,Fossil,Personbil
Hongqi EH7,17,2025,M12,1194.0,Hongqi,FAW (Hongqi),Kina,El,Nul-emission,Personbil
Jeep Avenger,17,2025,M12,1242.0,Jeep,Stellantis,Europæisk (Multinational),Benzin,Fossil,SUV/Crossover
Audi A6,16,2025,M12,1159.0,Audi,Volkswagen Group,Tyskland,Benzin,Fossil,Personbil
Volkswagen Tiguan,16,2025,M12,1145.0,Volkswagen,Volkswagen Group,Tyskland,Benzin,Fossil,SUV/Crossover
Mercedes-Benz GLE,15,2025,M12,1144.0,Mercedes-Benz,Mercedes-Benz Group,Tyskland,Benzin,Fossil,Personbil
Xpeng P7,15,2025,M12,1279.0,Xpeng,XPeng,Kina,El,Nul-emission,Personbil
Alfa Romeo Junior,14,2025,M12,1221.0,Alfa Romeo,Stellantis,Europæisk (Multinational),Benzin,Fossil,SUV/Crossover
Opel Mokka,14,2025,M12,1261.0,Opel,Stellantis,Europæisk (Multinational),Benzin,Fossil,Personbil
Toyota Corolla Cross,14,2025,M12,1124.0,Toyota,Toyota Motor Corporation,Japan,Benzin,Fossil,SUV/Crossover
Volvo EC40,14,2025,M12,1093.0,Volvo,Geely (Lynk & Co),Kina,Benzin,Fossil,Personbil
Land Rover Range Rover Sport,13,2025,M12,1196.0,Land Rover,Jaguar Land Rover (Tata Motors),Indien,Benzin,Fossil,SUV/Crossover
Skoda Kamiq,13,2025,M12,1112.0,Skoda,Volkswagen Group,Tyskland,Benzin,Fossil,SUV/Crossover
BYD Atto 3,12,2025,M12,1161.0,BYD,BYD Auto,Kina,Benzin,Fossil,Personbil
BYD Dolphin,12,2025,M12,1187.0,BYD,BYD Auto,Kina,Benzin,Fossil,Personbil
Cupra Terramar,12,2025,M12,1044.0,Cupra,Volkswagen Group,Tyskland,Benzin,Fossil,Personbil
Lexus RZ,12,2025,M12,1075.0,Lexus,Toyota Motor Corporation,Japan,Benzin,Fossil,Personbil
Skoda Karoq,12,2025,M12,1094.0,Skoda,Volkswagen Group,Tyskland,Benzin,Fossil,SUV/Crossover
Audi A5,11,2025,M12,1115.0,Audi,Volkswagen Group,Tyskland,Benzin,Fossil,Personbil
Skoda Scala,11,2025,M12,1130.0,Skoda,Volkswagen Group,Tyskland,Benzin,Fossil,Personbil
Mazda MX-30,10,2025,M12,1199.0,Mazda,Mazda Motor Corporation,Japan,Benzin,Fossil,Personbil
Mini 3-dørs,10,2025,M12,1083.0,Mini,BMW Group,Tyskland,Benzin,Fossil,Personbil
Dacia Jogger,9,2025,M12,1230.0,Dacia,Renault Group,Frankrig,Benzin,Fossil,Personbil
Seat Ibiza,9,2025,M12,1073.0,Seat,Volkswagen Group,Tyskland,Benzin,Fossil,Personbil
Zeekr X,9,2025,M12,1114.0,Zeekr,Geely (Lynk & Co),Kina,El,Nul-emission,Personbil
Dacia Sandero,8,2025,M12,1231.0,Dacia,Renault Group,Frankrig,Benzin,Fossil,Personbil
Mercedes-Benz G-Klasse,8,2025,M12,1170.0,Mercedes-Benz,Mercedes-Benz Group,Tyskland,Benzin,Fossil,Personbil
Volkswagen Multivan,8,2025,M12,1274.0,Volkswagen,Volkswagen Group,Tyskland,Benzin,Fossil,Varebil/MPV
Hyundai Bayon,7,2025,M12,1151.0,Hyundai,Hyundai Motor Group,Sydkorea,Benzin,Fossil,Personbil
Mercedes-Benz EQV,7,2025,M12,1155.0,Mercedes-Benz,Mercedes-Benz Group,Tyskland,El,Nul-emission,Personbil
Renault Master,7,2025,M12,1120.0,Renault,Renault Group,Frankrig,Benzin,Fossil,Varebil/MPV
Skoda Octavia,7,2025,M12,1157.0,Skoda,Volkswagen Group,Tyskland,Benzin,Fossil,Personbil
Suzuki SX4,7,2025,M12,1131.0,Suzuki,Suzuki Motor Corporation,Japan,Benzin,Fossil,SUV/Crossover
Toyota Proace Verso,7,2025,M12,1135.0,Toyota,Toyota Motor Corporation,Japan,Benzin,Fossil,Varebil/MPV
Volkswagen Crafter,7,2025,M12,1218.0,Volkswagen,Volkswagen Group,Tyskland,Benzin,Fossil,Varebil/MPV
Ford Mustang Mach-E,6,2025,M12,1147.0,Ford,Ford Motor Company,USA,Benzin,Fossil,Personbil
Honda e:Ny1,6,2025,M12,1086.0,Honda,Honda Motor Co.,Japan,El,Nul-emission,Personbil
Zeekr 001,6,2025,M12,1136.0,Zeekr,Geely (Lynk & Co),Kina,El,Nul-emission,Personbil
Mazda 2,5,2025,M12,1153.0,Mazda,Mazda Motor Corporation,Japan,Benzin,Fossil,Personbil
Mini Countryman,5,2025,M12,1102.0,Mini,BMW Group,Tyskland,Benzin,Fossil,Personbil
Renault Trafic,5,2025,M12,1176.0,Renault,Renault Group,Frankrig,Benzin,Fossil,Varebil/MPV
Subaru Solterra,5,2025,M12,1113.0,Subaru,Subaru Corporation,Japan,Benzin,Fossil,Personbil
BMW i7,4,2025,M12,1146.0,BMW,BMW Group,Tyskland,El,Nul-emission,Personbil
BMW i7,4,2025,M12,,BMW,BMW Group,Tyskland,El,Nul-emission,Personbil
Ford Transit Custom,4,2025,M12,1192.0,Ford,Ford Motor Company,USA,Benzin,Fossil,Varebil/MPV
Honda CR-V,4,2025,M12,1127.0,Honda,Honda Motor Co.,Japan,Hybrid,Lav-emission,Personbil
Hyundai Santa Fe,4,2025,M12,1240.0,Hyundai,Hyundai Motor Group,Sydkorea,Benzin,Fossil,SUV/Crossover
Mazda CX-80,4,2025,M12,1168.0,Mazda,Mazda Motor Corporation,Japan,Benzin,Fossil,SUV/Crossover
Polestar 3,4,2025,M12,1263.0,Polestar,Geely (Lynk & Co),Kina,El,Nul-emission,Personbil
Volkswagen T-Cross,4,2025,M12,1181.0,Volkswagen,Volkswagen Group,Tyskland,Benzin,Fossil,SUV/Crossover
BMW X3,3,2025,M12,1141.0,BMW,BMW Group,Tyskland,Benzin,Fossil,SUV/Crossover
BMW X5,3,2025,M12,1186.0,BMW,BMW Group,Tyskland,Benzin,Fossil,SUV/Crossover
Citroen Berlingo,3,2025,M12,1117.0,Citroen,Stellantis,Europæisk (Multinational),Benzin,Fossil,Varebil/MPV
Eagle Golf Car,3,2025,M12,1188.0,Eagle,"Eagle Golf Cars, LLC",USA,EL,Nul-emission,ATV/UTV/Andet
Exlantix ET,3,2025,M12,1132.0,Exlantix,Chery Group,Kina,El,Nul-emission,Personbil
Honda HR-V,3,2025,M12,1149.0,Honda,Honda Motor Co.,Japan,Benzin,Fossil,Personbil
KGM Torres EVX,3,2025,M12,1108.0,KGM,KG Mobility (tidl. SsangYong),Sydkorea,El,Nul-emission,SUV/Crossover
Lexus NX,3,2025,M12,1252.0,Lexus,Toyota Motor Corporation,Japan,Hybrid,Lav-emission,Personbil
Maxus e-Deliver 3,3,2025,M12,1280.0,Maxus,SAIC Motor (Maxus),Kina,Benzin,Fossil,Varebil/MPV
Mercedes-Benz V-Klasse,3,2025,M12,1171.0,Mercedes-Benz,Mercedes-Benz Group,Tyskland,Benzin,Fossil,Personbil
Opel Astra,3,2025,M12,1258.0,Opel,Stellantis,Europæisk (Multinational),Benzin,Fossil,Personbil
Seat Arona,3,2025,M12,1177.0,Seat,Volkswagen Group,Tyskland,Benzin,Fossil,Personbil
Toyota RAV4,3,2025,M12,1273.0,Toyota,Toyota Motor Corporation,Japan,Hybrid,Lav-emission,SUV/Crossover
Volkswagen Golf,3,2025,M12,1219.0,Volkswagen,Volkswagen Group,Tyskland,Benzin,Fossil,Personbil
Volvo XC90,3,2025,M12,1276.0,Volvo,Geely (Lynk & Co),Kina,Benzin,Fossil,Personbil
Yunlong JJ2000DBP,3,2025,M12,1277.0,Yunlong,MG,Kina,Benzin,Fossil,Personbil
Audi Q8,2,2025,M12,1281.0,Audi,Volkswagen Group,Tyskland,Benzin,Fossil,SUV/Crossover
Evolution Turfman 450,2,2025,M12,1282.0,Evolution Turfman,Evolution Electric Vehicles,USA,El,Nul-emission,ATV/UTV/Andet
Honda Jazz,2,2025,M12,1150.0,Honda,Honda Motor Co.,Japan,Benzin,Fossil,Personbil
Kia EV4,2,2025,M12,1059.0,Kia,Hyundai Motor Group,Sydkorea,Benzin,Fossil,Personbil
Land Rover Range Rover,2,2025,M12,1283.0,Land Rover,Jaguar Land Rover (Tata Motors),Indien,Benzin,Fossil,SUV/Crossover
Lotus Eletre,2,2025,M12,1254.0,Lotus,Geely (Lynk & Co),Kina,Benzin,Fossil,Personbil
Lynk & Co 02,2,2025,M12,1143.0,Lynk & Co,Geely (Lynk & Co),Kina,Benzin,Fossil,Personbil
Mazda 3,2,2025,M12,1154.0,Mazda,Mazda Motor Corporation,Japan,Benzin,Fossil,Personbil
Mercedes-Benz Vito,2,2025,M12,1156.0,Mercedes-Benz,Mercedes-Benz Group,Tyskland,Benzin,Fossil,Varebil/MPV
MG Cyberster,2,2025,M12,1173.0,MG,SAIC Motor (MG),Kina,Benzin,Fossil,Personbil
MG S6 EV,2,2025,M12,1101.0,MG,SAIC Motor (MG),Kina,Benzin,Fossil,Personbil
Skoda Kodiaq iV,2,2025,M12,1267.0,Skoda,Volkswagen Group,Tyskland,Hybrid,Lav-emission,SUV/Crossover
Tesla Model S,2,2025,M12,1213.0,Tesla,"Tesla, Inc.",USA,El,Nul-emission,Personbil
Toyota Urban Cruiser,2,2025,M12,1004.0,Toyota,Toyota Motor Corporation,Japan,Benzin,Fossil,Personbil
Volvo ES90,2,2025,M12,1105.0,Volvo,Geely (Lynk & Co),Kina,Benzin,Fossil,Personbil
Audi e-tron GT,1,2025,M12,1284.0,Audi,Volkswagen Group,Tyskland,El,Nul-emission,Personbil
BMW iX3,1,2025,M12,1224.0,BMW,BMW Group,Tyskland,El,Nul-emission,SUV/Crossover
Garia Monaco OFF-X,1,2025,M12,1285.0,Garia,Garia,Danmark,Benzin,Fossil,Personbil
Honda Civic,1,2025,M12,1163.0,Honda,Honda Motor Co.,Japan,Hybrid,Lav-emission,Personbil
Honda ZR-V,1,2025,M12,1193.0,Honda,Honda Motor Co.,Japan,Benzin,Fossil,Personbil
JAC T9,1,2025,M12,1286.0,JAC,JAC Motors,Kina,Benzin,Fossil,Personbil
Kia Niro,1,2025,M12,1244.0,Kia,Hyundai Motor Group,Sydkorea,Benzin,Fossil,Personbil
Land Rover Range Rover Evoque,1,2025,M12,1287.0,Land Rover,Jaguar Land Rover (Tata Motors),Indien,El,Fossil,SUV/Crossover
Maserati Grecale,1,2025,M12,1152.0,Maserati,Stellantis,Europæisk (Multinational),Benzin,Fossil,Personbil
Maxus e-Deliver 9,1,2025,M12,1166.0,Maxus,SAIC Motor (Maxus),Kina,Benzin,Fossil,Varebil/MPV
Mercedes-Benz B-Klasse,1,2025,M12,1256.0,Mercedes-Benz,Mercedes-Benz Group,Tyskland,Benzin,Fossil,Personbil
Mercedes-Benz Vito Tourer,1,2025,M12,1092.0,Mercedes-Benz,Mercedes-Benz Group,Tyskland,Benzin,Fossil,Varebil/MPV
Nilsson Hearse,1,2025,M12,1202.0,Nilsson Hearse,Nilsson Hearse,Sverige,Benzin,Fossil,Varebil/MPV
Nio Firefly,1,2025,M12,1203.0,Nio,NIO,Kina,El,Nul-emission,Personbil
Opel Corsa,1,2025,M12,1259.0,Opel,Stellantis,Europæisk (Multinational),Benzin,Fossil,Personbil
Opel Zafira,1,2025,M12,1205.0,Opel,Stellantis,Europæisk (Multinational),Benzin,Fossil,Varebil/MPV
Peugeot 308,1,2025,M12,1206.0,Peugeot,Stellantis,Europæisk (Multinational),Benzin,Fossil,Personbil
Porsche 911,1,2025,M12,1264.0,Porsche,Volkswagen Group,Tyskland,Benzin,Fossil,Personbil
Porsche Cayenne,1,2025,M12,1208.0,Porsche,Volkswagen Group,Tyskland,Benzin,Fossil,SUV/Crossover
Porsche Taycan,1,2025,M12,1175.0,Porsche,Volkswagen Group,Tyskland,El,Nul-emission,Personbil
Rolls-Royce Spectre,1,2025,M12,1288.0,Rolls-Royce,BMW Group,Tyskland,Benzin,Fossil,Personbil
Seat Leon,1,2025,M12,1210.0,Seat,Volkswagen Group,Tyskland,Benzin,Fossil,Personbil
Skoda Superb,1,2025,M12,1139.0,Skoda,Volkswagen Group,Tyskland,Benzin,Fossil,Personbil
Skoda Superb iV,1,2025,M12,1289.0,Skoda,Volkswagen Group,Tyskland,Hybrid,Lav-emission,Personbil
Subaru Outback,1,2025,M12,1178.0,Subaru,Subaru Corporation,Japan,Benzin,Fossil,SUV/Crossover
Today Sunshine,1,2025,M12,1158.0,Today Sunshine,Today Sunshine,Ukendt,Benzin,Fossil,Personbil
Toyota Proace City,1,2025,M12,1290.0,Toyota,Toyota Motor Corporation,Japan,Benzin,Fossil,Varebil/MPV
Volkswagen Caddy,1,2025,M12,1216.0,Volkswagen,Volkswagen Group,Tyskland,Benzin,Fossil,Varebil/MPV
Volkswagen Caravelle,1,2025,M12,1217.0,Volkswagen,Volkswagen Group,Tyskland,Benzin,Fossil,Varebil/MPV
Volvo XC60,1,2025,M12,1275.0,Volvo,Geely (Lynk & Co),Kina,Benzin,Fossil,Personbil
Skoda Elroq,1102,2025,M11,1001.0,Skoda,Volkswagen Group,Tyskland,El,Nul-emission,Personbil
Volkswagen ID.4,856,2025,M11,1005.0,Volkswagen,Volkswagen Group,Tyskland,El,Nul-emission,Personbil
Audi Q4 e-tron,543,2025,M11,1003.0,Audi,Volkswagen Group,Tyskland,El,Nul-emission,SUV/Crossover
Skoda Enyaq iV,528,2025,M11,1006.0,Skoda,Volkswagen Group,Tyskland,El,Nul-emission,Personbil
Renault R5,372,2025,M11,1008.0,Renault,Renault Group,Frankrig,Benzin,Fossil,Personbil
Volkswagen ID.3,371,2025,M11,1011.0,Volkswagen,Volkswagen Group,Tyskland,El,Nul-emission,Personbil
Mercedes-Benz EQB,355,2025,M11,1027.0,Mercedes-Benz,Mercedes-Benz Group,Tyskland,El,Nul-emission,Personbil
Tesla Model 3,326,2025,M11,1179.0,Tesla,"Tesla, Inc.",USA,El,Nul-emission,Personbil
BMW X1,324,2025,M11,1013.0,BMW,BMW Group,Tyskland,Benzin,Fossil,SUV/Crossover
Volkswagen ID. Buzz,320,2025,M11,1010.0,Volkswagen,Volkswagen Group,Tyskland,El,Nul-emission,Personbil
Volkswagen ID.7,310,2025,M11,1017.0,Volkswagen,Volkswagen Group,Tyskland,El,Nul-emission,Personbil
Xpeng G6,295,2025,M11,1015.0,Xpeng,XPeng,Kina,El,Nul-emission,Personbil
Mercedes-Benz EQA,291,2025,M11,1026.0,Mercedes-Benz,Mercedes-Benz Group,Tyskland,El,Nul-emission,Personbil
Mazda 6e,282,2025,M11,1019.0,Mazda,Mazda Motor Corporation,Japan,Benzin,Fossil,Personbil
Citroen C3 Aircross,281,2025,M11,1014.0,Citroen,Stellantis,Europæisk (Multinational),Benzin,Fossil,SUV/Crossover
Audi A6 e-tron,267,2025,M11,1038.0,Audi,Volkswagen Group,Tyskland,El,Nul-emission,Personbil
Toyota Yaris Cross,257,2025,M11,1020.0,Toyota,Toyota Motor Corporation,Japan,Benzin,Fossil,SUV/Crossover
Cupra Tavascan,244,2025,M11,1065.0,Cupra,Volkswagen Group,Tyskland,Benzin,Fossil,Personbil
Cupra Born,236,2025,M11,1007.0,Cupra,Volkswagen Group,Tyskland,El,Nul-emission,Personbil
Mercedes-Benz CLA,236,2025,M11,1022.0,Mercedes-Benz,Mercedes-Benz Group,Tyskland,Benzin,Fossil,Personbil
Volvo EX40,222,2025,M11,1018.0,Volvo,Geely (Lynk & Co),Kina,Benzin,Fossil,SUV/Crossover
Cupra Formentor,210,2025,M11,1062.0,Cupra,Volkswagen Group,Tyskland,Benzin,Fossil,Personbil
Tesla Model Y,206,2025,M11,1002.0,Tesla,"Tesla, Inc.",USA,El,Nul-emission,Personbil
Toyota Aygo X,198,2025,M11,1042.0,Toyota,Toyota Motor Corporation,Japan,Benzin,Fossil,Personbil
MG ZS,187,2025,M11,1040.0,MG,SAIC Motor (MG),Kina,Benzin,Fossil,Personbil
Renault Scenic,186,2025,M11,1021.0,Renault,Renault Group,Frankrig,Benzin,Fossil,Personbil
Kia EV3,180,2025,M11,1033.0,Kia,Hyundai Motor Group,Sydkorea,Benzin,Fossil,Personbil
Peugeot 3008,174,2025,M11,1036.0,Peugeot,Stellantis,Europæisk (Multinational),Benzin,Fossil,Personbil
Peugeot 2008,172,2025,M11,1030.0,Peugeot,Stellantis,Europæisk (Multinational),Benzin,Fossil,Personbil
BMW 3'er,163,2025,M11,1051.0,BMW,BMW Group,Tyskland,Benzin,Fossil,Personbil
Audi Q5,153,2025,M11,1137.0,Audi,Volkswagen Group,Tyskland,Benzin,Fossil,SUV/Crossover
BMW iX1,153,2025,M11,1009.0,BMW,BMW Group,Tyskland,El,Nul-emission,SUV/Crossover
Peugeot 5008,153,2025,M11,1039.0,Peugeot,Stellantis,Europæisk (Multinational),Benzin,Fossil,Personbil
Volkswagen T-Roc,150,2025,M11,1080.0,Volkswagen,Volkswagen Group,Tyskland,Benzin,Fossil,SUV/Crossover
Audi A3,141,2025,M11,1064.0,Audi,Volkswagen Group,Tyskland,Benzin,Fossil,Personbil
Volvo EX30,139,2025,M11,1056.0,Volvo,Geely (Lynk & Co),Kina,Benzin,Fossil,SUV/Crossover
Audi Q2,136,2025,M11,1071.0,Audi,Volkswagen Group,Tyskland,Benzin,Fossil,SUV/Crossover
Peugeot 208,136,2025,M11,1024.0,Peugeot,Stellantis,Europæisk (Multinational),Benzin,Fossil,Personbil
Audi Q6 e-tron,129,2025,M11,1160.0,Audi,Volkswagen Group,Tyskland,El,Nul-emission,SUV/Crossover
Zeekr 7X,129,2025,M11,1028.0,Zeekr,Geely (Lynk & Co),Kina,El,Nul-emission,Personbil
Mercedes-Benz GLC,127,2025,M11,1076.0,Mercedes-Benz,Mercedes-Benz Group,Tyskland,Benzin,Fossil,Personbil
BMW i4,120,2025,M11,1045.0,BMW,BMW Group,Tyskland,El,Nul-emission,Personbil
Hyundai Ioniq 5,115,2025,M11,1050.0,Hyundai,Hyundai Motor Group,Sydkorea,El,Nul-emission,Personbil
Ford Explorer,110,2025,M11,1023.0,Ford,Ford Motor Company,USA,Benzin,Fossil,Personbil
BMW i5,108,2025,M11,1049.0,BMW,BMW Group,Tyskland,El,Nul-emission,Personbil
MG 4,107,2025,M11,1037.0,MG,SAIC Motor (MG),Kina,Benzin,Fossil,Personbil
Navor E5,98,2025,M11,1078.0,Navor,DFSK Motor,Kina,Benzin,Fossil,Personbil
BMW 1'er,96,2025,M11,1067.0,BMW,BMW Group,Tyskland,Benzin,Fossil,Personbil
Hyundai Kona,96,2025,M11,1043.0,Hyundai,Hyundai Motor Group,Sydkorea,Benzin,Fossil,SUV/Crossover
Volkswagen ID.5,96,2025,M11,1053.0,Volkswagen,Volkswagen Group,Tyskland,El,Nul-emission,Personbil
Polestar 4,95,2025,M11,1048.0,Polestar,Geely (Lynk & Co),Kina,El,Nul-emission,Personbil
Suzuki Swift,92,2025,M11,1034.0,Suzuki,Suzuki Motor Corporation,Japan,Benzin,Fossil,Personbil
MG S5,85,2025,M11,1046.0,MG,SAIC Motor (MG),Kina,Benzin,Fossil,Personbil
Nissan Ariya,85,2025,M11,1070.0,Nissan,Nissan Motor Co.,Japan,Benzin,Fossil,Personbil
Polestar 2,85,2025,M11,1097.0,Polestar,Geely (Lynk & Co),Kina,El,Nul-emission,Personbil
Renault R4,83,2025,M11,1016.0,Renault,Renault Group,Frankrig,Benzin,Fossil,Personbil
Suzuki Vitara,82,2025,M11,1029.0,Suzuki,Suzuki Motor Corporation,Japan,Benzin,Fossil,SUV/Crossover
Mercedes-Benz E-Klasse,79,2025,M11,1128.0,Mercedes-Benz,Mercedes-Benz Group,Tyskland,Benzin,Fossil,Personbil
Hyundai Ioniq 6,76,2025,M11,1133.0,Hyundai,Hyundai Motor Group,Sydkorea,El,Nul-emission,Personbil
Skoda Kodiaq,75,2025,M11,1047.0,Skoda,Volkswagen Group,Tyskland,Benzin,Fossil,SUV/Crossover
Xpeng G9,73,2025,M11,1068.0,Xpeng,XPeng,Kina,El,Nul-emission,Personbil
Ford Puma,71,2025,M11,1054.0,Ford,Ford Motor Company,USA,Benzin,Fossil,Personbil
Nissan Qashqai,71,2025,M11,1035.0,Nissan,Nissan Motor Co.,Japan,Benzin,Fossil,SUV/Crossover
Citroen C3,68,2025,M11,1012.0,Citroen,Stellantis,Europæisk (Multinational),Benzin,Fossil,Personbil
BMW iX,67,2025,M11,1089.0,BMW,BMW Group,Tyskland,El,Nul-emission,Personbil
Audi A5,66,2025,M11,1115.0,Audi,Volkswagen Group,Tyskland,Benzin,Fossil,Personbil
BMW 5'er,66,2025,M11,1063.0,BMW,BMW Group,Tyskland,Benzin,Fossil,Personbil
Toyota bZ4X,65,2025,M11,1000.0,Toyota,Toyota Motor Corporation,Japan,El,Nul-emission,Personbil
Toyota Yaris,63,2025,M11,1057.0,Toyota,Toyota Motor Corporation,Japan,Hybrid,Lav-emission,Personbil
Kia EV6,62,2025,M11,1069.0,Kia,Hyundai Motor Group,Sydkorea,Benzin,Fossil,Personbil
BYD Sealion 7,61,2025,M11,1096.0,BYD,BYD Auto,Kina,Benzin,Fossil,Personbil
Seat Ibiza,61,2025,M11,1073.0,Seat,Volkswagen Group,Tyskland,Benzin,Fossil,Personbil
Mercedes-Benz A-Klasse,60,2025,M11,1123.0,Mercedes-Benz,Mercedes-Benz Group,Tyskland,Benzin,Fossil,Personbil
Toyota RAV4,60,2025,M11,1273.0,Toyota,Toyota Motor Corporation,Japan,Hybrid,Lav-emission,SUV/Crossover
Opel Grandland,59,2025,M11,1072.0,Opel,Stellantis,Europæisk (Multinational),Benzin,Fossil,SUV/Crossover
Renault Captur,59,2025,M11,1266.0,Renault,Renault Group,Frankrig,Benzin,Fossil,Personbil
Opel Frontera,58,2025,M11,1077.0,Opel,Stellantis,Europæisk (Multinational),Benzin,Fossil,SUV/Crossover
BMW 4'er,57,2025,M11,1185.0,BMW,BMW Group,Tyskland,Benzin,Fossil,Personbil
Mercedes-Benz EQE SUV,56,2025,M11,1110.0,Mercedes-Benz,Mercedes-Benz Group,Tyskland,El,Nul-emission,SUV/Crossover
Cupra Terramar,54,2025,M11,1044.0,Cupra,Volkswagen Group,Tyskland,Benzin,Fossil,Personbil
Hyundai Inster,53,2025,M11,1061.0,Hyundai,Hyundai Motor Group,Sydkorea,Benzin,Fossil,Personbil
Mercedes-Benz C-Klasse,53,2025,M11,1098.0,Mercedes-Benz,Mercedes-Benz Group,Tyskland,Benzin,Fossil,Personbil
Mercedes-Benz GLB,51,2025,M11,1088.0,Mercedes-Benz,Mercedes-Benz Group,Tyskland,Benzin,Fossil,Personbil
Renault Symbioz,51,2025,M11,1085.0,Renault,Renault Group,Frankrig,Benzin,Fossil,Personbil
Mercedes-Benz GLA,47,2025,M11,1090.0,Mercedes-Benz,Mercedes-Benz Group,Tyskland,Benzin,Fossil,Personbil
Mercedes-Benz EQE,44,2025,M11,1074.0,Mercedes-Benz,Mercedes-Benz Group,Tyskland,El,Nul-emission,Personbil
Ford Capri,42,2025,M11,1052.0,Ford,Ford Motor Company,USA,Benzin,Fossil,Personbil
BMW iX2,40,2025,M11,1087.0,BMW,BMW Group,Tyskland,El,Nul-emission,SUV/Crossover
Mazda CX-60,40,2025,M11,1255.0,Mazda,Mazda Motor Corporation,Japan,Benzin,Fossil,SUV/Crossover
Skoda Superb,40,2025,M11,1139.0,Skoda,Volkswagen Group,Tyskland,Benzin,Fossil,Personbil
Toyota Corolla Cross,40,2025,M11,1124.0,Toyota,Toyota Motor Corporation,Japan,Benzin,Fossil,SUV/Crossover
Porsche Macan,38,2025,M11,1119.0,Porsche,Volkswagen Group,Tyskland,Benzin,Fossil,SUV/Crossover
Leapmotor B10,36,2025,M11,1031.0,Leapmotor,Leapmotor,Kina,El,Nul-emission,Personbil
Renault Megane E-Tech,36,2025,M11,1041.0,Renault,Renault Group,Frankrig,El,Nul-emission,Personbil
Fiat Grande Panda,33,2025,M11,1122.0,Fiat,Stellantis,Europæisk (Multinational),Benzin,Fossil,Personbil
Ford Kuga,33,2025,M11,1060.0,Ford,Ford Motor Company,USA,Hybrid,Lav-emission,Personbil
Skoda Kamiq,33,2025,M11,1112.0,Skoda,Volkswagen Group,Tyskland,Benzin,Fossil,SUV/Crossover
Mini Aceman,31,2025,M11,1079.0,Mini,BMW Group,Tyskland,El,Nul-emission,Personbil
Volvo EX90,29,2025,M11,1081.0,Volvo,Geely (Lynk & Co),Kina,Benzin,Fossil,Personbil
BYD Seal U,28,2025,M11,1104.0,BYD,BYD Auto,Kina,Benzin,Fossil,Personbil
Kia PV5,27,2025,M11,1066.0,Kia,Hyundai Motor Group,Sydkorea,Benzin,Fossil,Personbil
Renault Clio,26,2025,M11,1111.0,Renault,Renault Group,Frankrig,Benzin,Fossil,Personbil
BYD Dolphin,25,2025,M11,1187.0,BYD,BYD Auto,Kina,Benzin,Fossil,Personbil
Volkswagen Passat,25,2025,M11,1125.0,Volkswagen,Volkswagen Group,Tyskland,Benzin,Fossil,Personbil
BYD Atto 2,24,2025,M11,1106.0,BYD,BYD Auto,Kina,Benzin,Fossil,Personbil
Ford Transit,23,2025,M11,1091.0,Ford,Ford Motor Company,USA,Benzin,Fossil,Varebil/MPV
Lexus RZ,22,2025,M11,1075.0,Lexus,Toyota Motor Corporation,Japan,Benzin,Fossil,Personbil
BYD Atto 3,21,2025,M11,1161.0,BYD,BYD Auto,Kina,Benzin,Fossil,Personbil
BYD Dolphin Surf,21,2025,M11,1095.0,BYD,BYD Auto,Kina,Benzin,Fossil,Personbil
Hyundai Ioniq 9,21,2025,M11,1118.0,Hyundai,Hyundai Motor Group,Sydkorea,El,Nul-emission,Personbil
Volkswagen Polo,21,2025,M11,1140.0,Volkswagen,Volkswagen Group,Tyskland,Benzin,Fossil,Personbil
BYD Tang,19,2025,M11,1126.0,BYD,BYD Auto,Kina,Benzin,Fossil,Personbil
Mercedes-Benz GLE,18,2025,M11,1144.0,Mercedes-Benz,Mercedes-Benz Group,Tyskland,Benzin,Fossil,Personbil
Omoda 5,18,2025,M11,1129.0,Omoda,Chery Group,Kina,Benzin,Fossil,Personbil
Seat Arona,18,2025,M11,1177.0,Seat,Volkswagen Group,Tyskland,Benzin,Fossil,Personbil
Skoda Fabia,18,2025,M11,1211.0,Skoda,Volkswagen Group,Tyskland,Benzin,Fossil,Personbil
Volvo EC40,18,2025,M11,1093.0,Volvo,Geely (Lynk & Co),Kina,Benzin,Fossil,Personbil
Dacia Bigster,16,2025,M11,1278.0,Dacia,Renault Group,Frankrig,Benzin,Fossil,Personbil
Mini 3-dørs,16,2025,M11,1083.0,Mini,BMW Group,Tyskland,Benzin,Fossil,Personbil
Skoda Octavia,16,2025,M11,1157.0,Skoda,Volkswagen Group,Tyskland,Benzin,Fossil,Personbil
Skoda Scala,16,2025,M11,1130.0,Skoda,Volkswagen Group,Tyskland,Benzin,Fossil,Personbil
BYD Seal,15,2025,M11,1107.0,BYD,BYD Auto,Kina,Benzin,Fossil,Personbil
Citroen Berlingo,15,2025,M11,1117.0,Citroen,Stellantis,Europæisk (Multinational),Benzin,Fossil,Varebil/MPV
Honda e:Ny1,14,2025,M11,1086.0,Honda,Honda Motor Co.,Japan,El,Nul-emission,Personbil
Suzuki SX4,14,2025,M11,1131.0,Suzuki,Suzuki Motor Corporation,Japan,Benzin,Fossil,SUV/Crossover
Hongqi EHS7,13,2025,M11,1138.0,Hongqi,FAW (Hongqi),Kina,El,Nul-emission,Personbil
Honda CR-V,12,2025,M11,1127.0,Honda,Honda Motor Co.,Japan,Hybrid,Lav-emission,Personbil
Mini Countryman,12,2025,M11,1102.0,Mini,BMW Group,Tyskland,Benzin,Fossil,Personbil
Volkswagen Touran,12,2025,M11,1182.0,Volkswagen,Volkswagen Group,Tyskland,Benzin,Fossil,Personbil
Audi A6,11,2025,M11,1159.0,Audi,Volkswagen Group,Tyskland,Benzin,Fossil,Personbil
Renault Trafic,11,2025,M11,1176.0,Renault,Renault Group,Frankrig,Benzin,Fossil,Varebil/MPV
Honda HR-V,10,2025,M11,1149.0,Honda,Honda Motor Co.,Japan,Benzin,Fossil,Personbil
Ford Tourneo Custom,9,2025,M11,1082.0,Ford,Ford Motor Company,USA,Benzin,Fossil,Varebil/MPV
Toyota Urban Cruiser,9,2025,M11,1004.0,Toyota,Toyota Motor Corporation,Japan,Benzin,Fossil,Personbil
Kia EV9,8,2025,M11,1058.0,Kia,Hyundai Motor Group,Sydkorea,Benzin,Fossil,Personbil
Dacia Duster,7,2025,M11,1229.0,Dacia,Renault Group,Frankrig,Benzin,Fossil,Personbil
Dacia Sandero,7,2025,M11,1231.0,Dacia,Renault Group,Frankrig,Benzin,Fossil,Personbil
Honda ZR-V,7,2025,M11,1193.0,Honda,Honda Motor Co.,Japan,Benzin,Fossil,Personbil
Land Rover Range Rover Sport,7,2025,M11,1196.0,Land Rover,Jaguar Land Rover (Tata Motors),Indien,Benzin,Fossil,SUV/Crossover
Mercedes-Benz Sprinter,7,2025,M11,1134.0,Mercedes-Benz,Mercedes-Benz Group,Tyskland,Benzin,Fossil,Varebil/MPV
Renault Master,7,2025,M11,1120.0,Renault,Renault Group,Frankrig,Benzin,Fossil,Varebil/MPV
Volkswagen Tiguan,7,2025,M11,1145.0,Volkswagen,Volkswagen Group,Tyskland,Benzin,Fossil,SUV/Crossover
Ford Mustang Mach-E,6,2025,M11,1147.0,Ford,Ford Motor Company,USA,Benzin,Fossil,Personbil
Hyundai Tucson,6,2025,M11,1241.0,Hyundai,Hyundai Motor Group,Sydkorea,Benzin,Fossil,SUV/Crossover
KGM Torres EVX,6,2025,M11,1108.0,KGM,KG Mobility (tidl. SsangYong),Sydkorea,El,Nul-emission,SUV/Crossover
Polestar 3,6,2025,M11,1263.0,Polestar,Geely (Lynk & Co),Kina,El,Nul-emission,Personbil
BMW X3,5,2025,M11,1141.0,BMW,BMW Group,Tyskland,Benzin,Fossil,SUV/Crossover
Hyundai Bayon,5,2025,M11,1151.0,Hyundai,Hyundai Motor Group,Sydkorea,Benzin,Fossil,Personbil
Toyota Proace City Verso,5,2025,M11,1327.0,Toyota,Toyota Motor Corporation,Japan,Benzin,Fossil,Varebil/MPV
Zeekr 001,5,2025,M11,1136.0,Zeekr,Geely (Lynk & Co),Kina,El,Nul-emission,Personbil
BMW i7,4,2025,M11,1146.0,BMW,BMW Group,Tyskland,El,Nul-emission,Personbil
BMW i7,4,2025,M11,,BMW,BMW Group,Tyskland,El,Nul-emission,Personbil
BMW X5,4,2025,M11,1186.0,BMW,BMW Group,Tyskland,Benzin,Fossil,SUV/Crossover
Kia Niro,4,2025,M11,1244.0,Kia,Hyundai Motor Group,Sydkorea,Benzin,Fossil,Personbil
Lynk & Co 02,4,2025,M11,1143.0,Lynk & Co,Geely (Lynk & Co),Kina,Benzin,Fossil,Personbil
Mazda 3,4,2025,M11,1154.0,Mazda,Mazda Motor Corporation,Japan,Benzin,Fossil,Personbil
Mazda CX-30,4,2025,M11,1084.0,Mazda,Mazda Motor Corporation,Japan,Benzin,Fossil,SUV/Crossover
Mercedes-Benz G-Klasse,4,2025,M11,1170.0,Mercedes-Benz,Mercedes-Benz Group,Tyskland,Benzin,Fossil,Personbil
MG S6 EV,4,2025,M11,1101.0,MG,SAIC Motor (MG),Kina,Benzin,Fossil,Personbil
Subaru Solterra,4,2025,M11,1113.0,Subaru,Subaru Corporation,Japan,Benzin,Fossil,Personbil
Toyota Corolla,4,2025,M11,1180.0,Toyota,Toyota Motor Corporation,Japan,Hybrid,Lav-emission,Personbil
Volkswagen Crafter,4,2025,M11,1218.0,Volkswagen,Volkswagen Group,Tyskland,Benzin,Fossil,Varebil/MPV
Zeekr X,4,2025,M11,1114.0,Zeekr,Geely (Lynk & Co),Kina,El,Nul-emission,Personbil
Cupra Leon,3,2025,M11,1100.0,Cupra,Volkswagen Group,Tyskland,Benzin,Fossil,Personbil
Honda Jazz,3,2025,M11,1150.0,Honda,Honda Motor Co.,Japan,Benzin,Fossil,Personbil
Mercedes-Benz EQS SUV,3,2025,M11,1200.0,Mercedes-Benz,Mercedes-Benz Group,Tyskland,El,Nul-emission,SUV/Crossover
Opel Zafira,3,2025,M11,1205.0,Opel,Stellantis,Europæisk (Multinational),Benzin,Fossil,Varebil/MPV
Porsche Cayenne,3,2025,M11,1208.0,Porsche,Volkswagen Group,Tyskland,Benzin,Fossil,SUV/Crossover
Skoda Karoq,3,2025,M11,1094.0,Skoda,Volkswagen Group,Tyskland,Benzin,Fossil,SUV/Crossover
Toyota Proace Verso,3,2025,M11,1135.0,Toyota,Toyota Motor Corporation,Japan,Benzin,Fossil,Varebil/MPV
Volkswagen Caravelle,3,2025,M11,1217.0,Volkswagen,Volkswagen Group,Tyskland,Benzin,Fossil,Varebil/MPV
Volkswagen Golf,3,2025,M11,1219.0,Volkswagen,Volkswagen Group,Tyskland,Benzin,Fossil,Personbil
Volkswagen T-Cross,3,2025,M11,1181.0,Volkswagen,Volkswagen Group,Tyskland,Benzin,Fossil,SUV/Crossover
Volvo V90,3,2025,M11,1220.0,Volvo,Geely (Lynk & Co),Kina,Benzin,Fossil,Personbil
Dacia Jogger,2,2025,M11,1230.0,Dacia,Renault Group,Frankrig,Benzin,Fossil,Personbil
Ford Transit Custom,2,2025,M11,1192.0,Ford,Ford Motor Company,USA,Benzin,Fossil,Varebil/MPV
Lexus LBX,2,2025,M11,1165.0,Lexus,Toyota Motor Corporation,Japan,Benzin,Fossil,Personbil
Linhai LH80DA,2,2025,M11,1334.0,Linhai,"Zhejiang Linhai Power Machinery Group Co., Ltd.",Ukendt,Benzin,Fossil,ATV/UTV/Andet
Mercedes-Benz EQV,2,2025,M11,1155.0,Mercedes-Benz,Mercedes-Benz Group,Tyskland,El,Nul-emission,Personbil
MG Cyberster,2,2025,M11,1173.0,MG,SAIC Motor (MG),Kina,Benzin,Fossil,Personbil
MG HS,2,2025,M11,1109.0,MG,SAIC Motor (MG),Kina,Benzin,Fossil,Personbil
Nio Firefly,2,2025,M11,1203.0,Nio,NIO,Kina,El,Nul-emission,Personbil
Opel Mokka,2,2025,M11,1261.0,Opel,Stellantis,Europæisk (Multinational),Benzin,Fossil,Personbil
Peugeot 308,2,2025,M11,1206.0,Peugeot,Stellantis,Europæisk (Multinational),Benzin,Fossil,Personbil
Skoda Kodiaq iV,2,2025,M11,1267.0,Skoda,Volkswagen Group,Tyskland,Hybrid,Lav-emission,SUV/Crossover
Volkswagen Caddy,2,2025,M11,1216.0,Volkswagen,Volkswagen Group,Tyskland,Benzin,Fossil,Varebil/MPV
Volkswagen Multivan,2,2025,M11,1274.0,Volkswagen,Volkswagen Group,Tyskland,Benzin,Fossil,Varebil/MPV
Volvo XC90,2,2025,M11,1276.0,Volvo,Geely (Lynk & Co),Kina,Benzin,Fossil,Personbil
Yunlong JJ2000DBP,2,2025,M11,1277.0,Yunlong,MG,Kina,Benzin,Fossil,Personbil
Alfa Romeo Junior,1,2025,M11,1221.0,Alfa Romeo,Stellantis,Europæisk (Multinational),Benzin,Fossil,SUV/Crossover
Audi e-tron,1,2025,M11,1335.0,Audi,Volkswagen Group,Tyskland,El,Nul-emission,Personbil
Audi e-tron GT,1,2025,M11,1284.0,Audi,Volkswagen Group,Tyskland,El,Nul-emission,Personbil
Audi Q3,1,2025,M11,1099.0,Audi,Volkswagen Group,Tyskland,Benzin,Fossil,SUV/Crossover
Audi Q7,1,2025,M11,1293.0,Audi,Volkswagen Group,Tyskland,Benzin,Fossil,SUV/Crossover
Bentley Flying Spur,1,2025,M11,1184.0,Bentley,Volkswagen Group,Tyskland,Benzin,Fossil,Personbil
CFMOTO CForce 625 Touring,1,2025,M11,1336.0,CFMOTO,CFMOTO,Kina,Benzin,Fossil,ATV/UTV/Andet
Ferrari Roma,1,2025,M11,1337.0,Ferrari,Ferrari,Italien,Benzin,Fossil,Personbil
Garia Monaco 4,1,2025,M11,1338.0,Garia,Garia,Danmark,Benzin,Fossil,Personbil
Hisun HS5DUTV-2,1,2025,M11,1148.0,Hisun,"Chongqing Huansong Industrial (Group) Co., Ltd.",Kina,Benzin,Fossil,ATV/UTV/Andet
Hongqi EH7,1,2025,M11,1194.0,Hongqi,FAW (Hongqi),Kina,El,Nul-emission,Personbil
Hyundai Santa Fe,1,2025,M11,1240.0,Hyundai,Hyundai Motor Group,Sydkorea,Benzin,Fossil,SUV/Crossover
Jaecoo J5,1,2025,M11,1116.0,Jaecoo,Chery Group,Kina,Benzin,Fossil,Personbil
Jeep Avenger,1,2025,M11,1242.0,Jeep,Stellantis,Europæisk (Multinational),Benzin,Fossil,SUV/Crossover
Land Rover Range Rover,1,2025,M11,1283.0,Land Rover,Jaguar Land Rover (Tata Motors),Indien,Benzin,Fossil,SUV/Crossover
Lotus Eletre,1,2025,M11,1254.0,Lotus,Geely (Lynk & Co),Kina,Benzin,Fossil,Personbil
Lotus Emeya,1,2025,M11,1339.0,Lotus,Geely (Lynk & Co),Kina,Benzin,Fossil,Personbil
Maserati GranTurismo,1,2025,M11,1340.0,Maserati,Stellantis,Europæisk (Multinational),Benzin,Fossil,Personbil
Maxus Euniq6,1,2025,M11,1167.0,Maxus,SAIC Motor (Maxus),Kina,Benzin,Fossil,SUV/Crossover
Mercedes-Benz CLE,1,2025,M11,1257.0,Mercedes-Benz,Mercedes-Benz Group,Tyskland,Benzin,Fossil,Personbil
Mercedes-Benz GLS,1,2025,M11,1314.0,Mercedes-Benz,Mercedes-Benz Group,Tyskland,Benzin,Fossil,Personbil
Mercedes-Benz V-Klasse,1,2025,M11,1171.0,Mercedes-Benz,Mercedes-Benz Group,Tyskland,Benzin,Fossil,Personbil
Mercedes-Benz Vito,1,2025,M11,1156.0,Mercedes-Benz,Mercedes-Benz Group,Tyskland,Benzin,Fossil,Varebil/MPV
MG 3,1,2025,M11,1172.0,MG,SAIC Motor (MG),Kina,Benzin,Fossil,Personbil
Nissan X-Trail,1,2025,M11,1204.0,Nissan,Nissan Motor Co.,Japan,Hybrid,Lav-emission,Personbil
Porsche 911,1,2025,M11,1264.0,Porsche,Volkswagen Group,Tyskland,Benzin,Fossil,Personbil
Porsche Taycan,1,2025,M11,1175.0,Porsche,Volkswagen Group,Tyskland,El,Nul-emission,Personbil
Seat Leon,1,2025,M11,1210.0,Seat,Volkswagen Group,Tyskland,Benzin,Fossil,Personbil
Skyworth K,1,2025,M11,1121.0,Skyworth,Skyworth,Ukendt,El,Nul-emission,Personbil
Subaru Forester,1,2025,M11,1212.0,Subaru,Subaru Corporation,Japan,Benzin,Fossil,SUV/Crossover
Subaru Outback,1,2025,M11,1178.0,Subaru,Subaru Corporation,Japan,Benzin,Fossil,SUV/Crossover
Tesla Model S,1,2025,M11,1213.0,Tesla,"Tesla, Inc.",USA,El,Nul-emission,Personbil
Tesla Model X,1,2025,M11,1214.0,Tesla,"Tesla, Inc.",USA,El,Nul-emission,Personbil
Volvo C40,1,2025,M11,1329.0,Volvo,Geely (Lynk & Co),Kina,Benzin,Fossil,Personbil
Volkswagen ID.4,427,2024,M11,1005.0,Volkswagen,Volkswagen Group,Tyskland,El,Nul-emission,Personbil
Audi Q4 e-tron,352,2024,M11,1003.0,Audi,Volkswagen Group,Tyskland,El,Nul-emission,SUV/Crossover
Skoda Enyaq iV,840,2024,M11,1006.0,Skoda,Volkswagen Group,Tyskland,El,Nul-emission,Personbil
Volkswagen ID.3,281,2024,M11,1011.0,Volkswagen,Volkswagen Group,Tyskland,El,Nul-emission,Personbil
Mercedes-Benz EQB,207,2024,M11,1027.0,Mercedes-Benz,Mercedes-Benz Group,Tyskland,El,Nul-emission,Personbil
Tesla Model 3,253,2024,M11,1179.0,Tesla,"Tesla, Inc.",USA,El,Nul-emission,Personbil
BMW X1,27,2024,M11,1013.0,BMW,BMW Group,Tyskland,Benzin,Fossil,SUV/Crossover
Volkswagen ID. Buzz,138,2024,M11,1010.0,Volkswagen,Volkswagen Group,Tyskland,El,Nul-emission,Personbil
Volkswagen ID.7,243,2024,M11,1017.0,Volkswagen,Volkswagen Group,Tyskland,El,Nul-emission,Personbil
Xpeng G6,382,2024,M11,1015.0,Xpeng,XPeng,Kina,El,Nul-emission,Personbil
Mercedes-Benz EQA,272,2024,M11,1026.0,Mercedes-Benz,Mercedes-Benz Group,Tyskland,El,Nul-emission,Personbil
Citroen C3 Aircross,24,2024,M11,1014.0,Citroen,Stellantis,Europæisk (Multinational),Benzin,Fossil,SUV/Crossover
Toyota Yaris Cross,177,2024,M11,1020.0,Toyota,Toyota Motor Corporation,Japan,Benzin,Fossil,SUV/Crossover
Cupra Tavascan,177,2024,M11,1065.0,Cupra,Volkswagen Group,Tyskland,Benzin,Fossil,Personbil
Cupra Born,145,2024,M11,1007.0,Cupra,Volkswagen Group,Tyskland,El,Nul-emission,Personbil
Mercedes-Benz CLA,58,2024,M11,1022.0,Mercedes-Benz,Mercedes-Benz Group,Tyskland,Benzin,Fossil,Personbil
Volvo EX40,186,2024,M11,1018.0,Volvo,Geely (Lynk & Co),Kina,Benzin,Fossil,SUV/Crossover
Cupra Formentor,123,2024,M11,1062.0,Cupra,Volkswagen Group,Tyskland,Benzin,Fossil,Personbil
Tesla Model Y,796,2024,M11,1002.0,Tesla,"Tesla, Inc.",USA,El,Nul-emission,Personbil
Toyota Aygo X,140,2024,M11,1042.0,Toyota,Toyota Motor Corporation,Japan,Benzin,Fossil,Personbil
Renault Scenic,262,2024,M11,1021.0,Renault,Renault Group,Frankrig,Benzin,Fossil,Personbil
Kia EV3,218,2024,M11,1033.0,Kia,Hyundai Motor Group,Sydkorea,Benzin,Fossil,Personbil
Peugeot 3008,121,2024,M11,1036.0,Peugeot,Stellantis,Europæisk (Multinational),Benzin,Fossil,Personbil
Peugeot 2008,69,2024,M11,1030.0,Peugeot,Stellantis,Europæisk (Multinational),Benzin,Fossil,Personbil
BMW 3'er,344,2024,M11,1051.0,BMW,BMW Group,Tyskland,Benzin,Fossil,Personbil
Audi Q5,3,2024,M11,1137.0,Audi,Volkswagen Group,Tyskland,Benzin,Fossil,SUV/Crossover
BMW iX1,142,2024,M11,1009.0,BMW,BMW Group,Tyskland,El,Nul-emission,SUV/Crossover
Peugeot 5008,112,2024,M11,1039.0,Peugeot,Stellantis,Europæisk (Multinational),Benzin,Fossil,Personbil
Volkswagen T-Roc,239,2024,M11,1080.0,Volkswagen,Volkswagen Group,Tyskland,Benzin,Fossil,SUV/Crossover
Audi A3,58,2024,M11,1064.0,Audi,Volkswagen Group,Tyskland,Benzin,Fossil,Personbil
Volvo EX30,150,2024,M11,1056.0,Volvo,Geely (Lynk & Co),Kina,Benzin,Fossil,SUV/Crossover
Audi Q2,247,2024,M11,1071.0,Audi,Volkswagen Group,Tyskland,Benzin,Fossil,SUV/Crossover
Peugeot 208,96,2024,M11,1024.0,Peugeot,Stellantis,Europæisk (Multinational),Benzin,Fossil,Personbil
Audi Q6 e-tron,147,2024,M11,1160.0,Audi,Volkswagen Group,Tyskland,El,Nul-emission,SUV/Crossover
Mercedes-Benz GLC,98,2024,M11,1076.0,Mercedes-Benz,Mercedes-Benz Group,Tyskland,Benzin,Fossil,Personbil
BMW i4,50,2024,M11,1045.0,BMW,BMW Group,Tyskland,El,Nul-emission,Personbil
Hyundai Ioniq 5,47,2024,M11,1050.0,Hyundai,Hyundai Motor Group,Sydkorea,El,Nul-emission,Personbil
Ford Explorer,327,2024,M11,1023.0,Ford,Ford Motor Company,USA,Benzin,Fossil,Personbil
BMW i5,119,2024,M11,1049.0,BMW,BMW Group,Tyskland,El,Nul-emission,Personbil
MG 4,24,2024,M11,1037.0,MG,SAIC Motor (MG),Kina,Benzin,Fossil,Personbil
BMW 1'er,24,2024,M11,1067.0,BMW,BMW Group,Tyskland,Benzin,Fossil,Personbil
Hyundai Kona,61,2024,M11,1043.0,Hyundai,Hyundai Motor Group,Sydkorea,Benzin,Fossil,SUV/Crossover
Volkswagen ID.5,100,2024,M11,1053.0,Volkswagen,Volkswagen Group,Tyskland,El,Nul-emission,Personbil
Polestar 4,110,2024,M11,1048.0,Polestar,Geely (Lynk & Co),Kina,El,Nul-emission,Personbil
Suzuki Swift,137,2024,M11,1034.0,Suzuki,Suzuki Motor Corporation,Japan,Benzin,Fossil,Personbil
Nissan Ariya,146,2024,M11,1070.0,Nissan,Nissan Motor Co.,Japan,Benzin,Fossil,Personbil
Polestar 2,63,2024,M11,1097.0,Polestar,Geely (Lynk & Co),Kina,El,Nul-emission,Personbil
Suzuki Vitara,23,2024,M11,1029.0,Suzuki,Suzuki Motor Corporation,Japan,Benzin,Fossil,SUV/Crossover
Mercedes-Benz E-Klasse,28,2024,M11,1128.0,Mercedes-Benz,Mercedes-Benz Group,Tyskland,Benzin,Fossil,Personbil
Hyundai Ioniq 6,56,2024,M11,1133.0,Hyundai,Hyundai Motor Group,Sydkorea,El,Nul-emission,Personbil
Skoda Kodiaq,123,2024,M11,1047.0,Skoda,Volkswagen Group,Tyskland,Benzin,Fossil,SUV/Crossover
Xpeng G9,70,2024,M11,1068.0,Xpeng,XPeng,Kina,El,Nul-emission,Personbil
Ford Puma,12,2024,M11,1054.0,Ford,Ford Motor Company,USA,Benzin,Fossil,Personbil
Nissan Qashqai,272,2024,M11,1035.0,Nissan,Nissan Motor Co.,Japan,Benzin,Fossil,SUV/Crossover
Citroen C3,34,2024,M11,1012.0,Citroen,Stellantis,Europæisk (Multinational),Benzin,Fossil,Personbil
BMW iX,12,2024,M11,1089.0,BMW,BMW Group,Tyskland,El,Nul-emission,Personbil
Audi A5,11,2024,M11,1115.0,Audi,Volkswagen Group,Tyskland,Benzin,Fossil,Personbil
BMW 5'er,69,2024,M11,1063.0,BMW,BMW Group,Tyskland,Benzin,Fossil,Personbil
Toyota bZ4X,80,2024,M11,1000.0,Toyota,Toyota Motor Corporation,Japan,El,Nul-emission,Personbil
Toyota Yaris,221,2024,M11,1057.0,Toyota,Toyota Motor Corporation,Japan,Hybrid,Lav-emission,Personbil
Kia EV6,66,2024,M11,1069.0,Kia,Hyundai Motor Group,Sydkorea,Benzin,Fossil,Personbil
BYD Sealion 7,17,2024,M11,1096.0,BYD,BYD Auto,Kina,Benzin,Fossil,Personbil
Seat Ibiza,73,2024,M11,1073.0,Seat,Volkswagen Group,Tyskland,Benzin,Fossil,Personbil
Mercedes-Benz A-Klasse,163,2024,M11,1123.0,Mercedes-Benz,Mercedes-Benz Group,Tyskland,Benzin,Fossil,Personbil
Toyota RAV4,90,2024,M11,1273.0,Toyota,Toyota Motor Corporation,Japan,Hybrid,Lav-emission,SUV/Crossover
Renault Captur,25,2024,M11,1266.0,Renault,Renault Group,Frankrig,Benzin,Fossil,Personbil
BMW 4'er,26,2024,M11,1185.0,BMW,BMW Group,Tyskland,Benzin,Fossil,Personbil
Mercedes-Benz EQE SUV,67,2024,M11,1110.0,Mercedes-Benz,Mercedes-Benz Group,Tyskland,El,Nul-emission,SUV/Crossover
Cupra Terramar,27,2024,M11,1044.0,Cupra,Volkswagen Group,Tyskland,Benzin,Fossil,Personbil
Mercedes-Benz C-Klasse,181,2024,M11,1098.0,Mercedes-Benz,Mercedes-Benz Group,Tyskland,Benzin,Fossil,Personbil
Mercedes-Benz GLB,132,2024,M11,1088.0,Mercedes-Benz,Mercedes-Benz Group,Tyskland,Benzin,Fossil,Personbil
Mercedes-Benz GLA,79,2024,M11,1090.0,Mercedes-Benz,Mercedes-Benz Group,Tyskland,Benzin,Fossil,Personbil
Mercedes-Benz EQE,155,2024,M11,1074.0,Mercedes-Benz,Mercedes-Benz Group,Tyskland,El,Nul-emission,Personbil
Ford Capri,82,2024,M11,1052.0,Ford,Ford Motor Company,USA,Benzin,Fossil,Personbil
BMW iX2,46,2024,M11,1087.0,BMW,BMW Group,Tyskland,El,Nul-emission,SUV/Crossover
Mazda CX-60,11,2024,M11,1255.0,Mazda,Mazda Motor Corporation,Japan,Benzin,Fossil,SUV/Crossover
Skoda Superb,16,2024,M11,1139.0,Skoda,Volkswagen Group,Tyskland,Benzin,Fossil,Personbil
Toyota Corolla Cross,111,2024,M11,1124.0,Toyota,Toyota Motor Corporation,Japan,Benzin,Fossil,SUV/Crossover
Porsche Macan,136,2024,M11,1119.0,Porsche,Volkswagen Group,Tyskland,Benzin,Fossil,SUV/Crossover
Renault Megane E-Tech,106,2024,M11,1041.0,Renault,Renault Group,Frankrig,El,Nul-emission,Personbil
Ford Kuga,247,2024,M11,1060.0,Ford,Ford Motor Company,USA,Hybrid,Lav-emission,Personbil
Skoda Kamiq,44,2024,M11,1112.0,Skoda,Volkswagen Group,Tyskland,Benzin,Fossil,SUV/Crossover
Mini Aceman,14,2024,M11,1079.0,Mini,BMW Group,Tyskland,El,Nul-emission,Personbil
BYD Seal U,31,2024,M11,1104.0,BYD,BYD Auto,Kina,Benzin,Fossil,Personbil
Renault Clio,196,2024,M11,1111.0,Renault,Renault Group,Frankrig,Benzin,Fossil,Personbil
BYD Dolphin,89,2024,M11,1187.0,BYD,BYD Auto,Kina,Benzin,Fossil,Personbil
Volkswagen Passat,41,2024,M11,1125.0,Volkswagen,Volkswagen Group,Tyskland,Benzin,Fossil,Personbil
Ford Transit,7,2024,M11,1091.0,Ford,Ford Motor Company,USA,Benzin,Fossil,Varebil/MPV
Lexus RZ,2,2024,M11,1075.0,Lexus,Toyota Motor Corporation,Japan,Benzin,Fossil,Personbil
BYD Atto 3,7,2024,M11,1161.0,BYD,BYD Auto,Kina,Benzin,Fossil,Personbil
Volkswagen Polo,89,2024,M11,1140.0,Volkswagen,Volkswagen Group,Tyskland,Benzin,Fossil,Personbil
BYD Tang,27,2024,M11,1126.0,BYD,BYD Auto,Kina,Benzin,Fossil,Personbil
Mercedes-Benz GLE,28,2024,M11,1144.0,Mercedes-Benz,Mercedes-Benz Group,Tyskland,Benzin,Fossil,Personbil
Seat Arona,54,2024,M11,1177.0,Seat,Volkswagen Group,Tyskland,Benzin,Fossil,Personbil
Skoda Fabia,25,2024,M11,1211.0,Skoda,Volkswagen Group,Tyskland,Benzin,Fossil,Personbil
Volvo EC40,27,2024,M11,1093.0,Volvo,Geely (Lynk & Co),Kina,Benzin,Fossil,Personbil
Mini 3-dørs,38,2024,M11,1083.0,Mini,BMW Group,Tyskland,Benzin,Fossil,Personbil
Skoda Octavia,285,2024,M11,1157.0,Skoda,Volkswagen Group,Tyskland,Benzin,Fossil,Personbil
Skoda Scala,46,2024,M11,1130.0,Skoda,Volkswagen Group,Tyskland,Benzin,Fossil,Personbil
BYD Seal,31,2024,M11,1107.0,BYD,BYD Auto,Kina,Benzin,Fossil,Personbil
Honda e:Ny1,26,2024,M11,1086.0,Honda,Honda Motor Co.,Japan,El,Nul-emission,Personbil
Suzuki SX4,22,2024,M11,1131.0,Suzuki,Suzuki Motor Corporation,Japan,Benzin,Fossil,SUV/Crossover
Honda CR-V,5,2024,M11,1127.0,Honda,Honda Motor Co.,Japan,Hybrid,Lav-emission,Personbil
Mini Countryman,29,2024,M11,1102.0,Mini,BMW Group,Tyskland,Benzin,Fossil,Personbil
Volkswagen Touran,313,2024,M11,1182.0,Volkswagen,Volkswagen Group,Tyskland,Benzin,Fossil,Personbil
Audi A6,16,2024,M11,1159.0,Audi,Volkswagen Group,Tyskland,Benzin,Fossil,Personbil
Renault Trafic,8,2024,M11,1176.0,Renault,Renault Group,Frankrig,Benzin,Fossil,Varebil/MPV
Honda HR-V,54,2024,M11,1149.0,Honda,Honda Motor Co.,Japan,Benzin,Fossil,Personbil
Ford Tourneo Custom,42,2024,M11,1082.0,Ford,Ford Motor Company,USA,Benzin,Fossil,Varebil/MPV
Kia EV9,14,2024,M11,1058.0,Kia,Hyundai Motor Group,Sydkorea,Benzin,Fossil,Personbil
Dacia Duster,1,2024,M11,1229.0,Dacia,Renault Group,Frankrig,Benzin,Fossil,Personbil
Dacia Sandero,22,2024,M11,1231.0,Dacia,Renault Group,Frankrig,Benzin,Fossil,Personbil
Land Rover Range Rover Sport,7,2024,M11,1196.0,Land Rover,Jaguar Land Rover (Tata Motors),Indien,Benzin,Fossil,SUV/Crossover
Mercedes-Benz Sprinter,16,2024,M11,1134.0,Mercedes-Benz,Mercedes-Benz Group,Tyskland,Benzin,Fossil,Varebil/MPV
Volkswagen Tiguan,23,2024,M11,1145.0,Volkswagen,Volkswagen Group,Tyskland,Benzin,Fossil,SUV/Crossover
Ford Mustang Mach-E,48,2024,M11,1147.0,Ford,Ford Motor Company,USA,Benzin,Fossil,Personbil
Hyundai Tucson,11,2024,M11,1241.0,Hyundai,Hyundai Motor Group,Sydkorea,Benzin,Fossil,SUV/Crossover
KGM Torres EVX,4,2024,M11,1108.0,KGM,KG Mobility (tidl. SsangYong),Sydkorea,El,Nul-emission,SUV/Crossover
Polestar 3,4,2024,M11,1263.0,Polestar,Geely (Lynk & Co),Kina,El,Nul-emission,Personbil
BMW X3,1,2024,M11,1141.0,BMW,BMW Group,Tyskland,Benzin,Fossil,SUV/Crossover
Hyundai Bayon,2,2024,M11,1151.0,Hyundai,Hyundai Motor Group,Sydkorea,Benzin,Fossil,Personbil
Toyota Proace City Verso,6,2024,M11,1327.0,Toyota,Toyota Motor Corporation,Japan,Benzin,Fossil,Varebil/MPV
BMW i7,5,2024,M11,1146.0,BMW,BMW Group,Tyskland,El,Nul-emission,Personbil
BMW i7,5,2024,M11,,BMW,BMW Group,Tyskland,El,Nul-emission,Personbil
BMW X5,3,2024,M11,1186.0,BMW,BMW Group,Tyskland,Benzin,Fossil,SUV/Crossover
Kia Niro,280,2024,M11,1244.0,Kia,Hyundai Motor Group,Sydkorea,Benzin,Fossil,Personbil
Mazda 3,8,2024,M11,1154.0,Mazda,Mazda Motor Corporation,Japan,Benzin,Fossil,Personbil
Mazda CX-30,18,2024,M11,1084.0,Mazda,Mazda Motor Corporation,Japan,Benzin,Fossil,SUV/Crossover
Mercedes-Benz G-Klasse,2,2024,M11,1170.0,Mercedes-Benz,Mercedes-Benz Group,Tyskland,Benzin,Fossil,Personbil
Subaru Solterra,5,2024,M11,1113.0,Subaru,Subaru Corporation,Japan,Benzin,Fossil,Personbil
Toyota Corolla,21,2024,M11,1180.0,Toyota,Toyota Motor Corporation,Japan,Hybrid,Lav-emission,Personbil
Volkswagen Crafter,1,2024,M11,1218.0,Volkswagen,Volkswagen Group,Tyskland,Benzin,Fossil,Varebil/MPV
Cupra Leon,3,2024,M11,1100.0,Cupra,Volkswagen Group,Tyskland,Benzin,Fossil,Personbil
Honda Jazz,2,2024,M11,1150.0,Honda,Honda Motor Co.,Japan,Benzin,Fossil,Personbil
Opel Zafira,5,2024,M11,1205.0,Opel,Stellantis,Europæisk (Multinational),Benzin,Fossil,Varebil/MPV
Skoda Karoq,39,2024,M11,1094.0,Skoda,Volkswagen Group,Tyskland,Benzin,Fossil,SUV/Crossover
Toyota Proace Verso,15,2024,M11,1135.0,Toyota,Toyota Motor Corporation,Japan,Benzin,Fossil,Varebil/MPV
Volkswagen Caravelle,1,2024,M11,1217.0,Volkswagen,Volkswagen Group,Tyskland,Benzin,Fossil,Varebil/MPV
Volkswagen Golf,19,2024,M11,1219.0,Volkswagen,Volkswagen Group,Tyskland,Benzin,Fossil,Personbil
Volkswagen T-Cross,6,2024,M11,1181.0,Volkswagen,Volkswagen Group,Tyskland,Benzin,Fossil,SUV/Crossover
Dacia Jogger,16,2024,M11,1230.0,Dacia,Renault Group,Frankrig,Benzin,Fossil,Personbil
Ford Transit Custom,17,2024,M11,1192.0,Ford,Ford Motor Company,USA,Benzin,Fossil,Varebil/MPV
Lexus LBX,2,2024,M11,1165.0,Lexus,Toyota Motor Corporation,Japan,Benzin,Fossil,Personbil
Mercedes-Benz EQV,3,2024,M11,1155.0,Mercedes-Benz,Mercedes-Benz Group,Tyskland,El,Nul-emission,Personbil
MG Cyberster,3,2024,M11,1173.0,MG,SAIC Motor (MG),Kina,Benzin,Fossil,Personbil
MG HS,6,2024,M11,1109.0,MG,SAIC Motor (MG),Kina,Benzin,Fossil,Personbil
Peugeot 308,19,2024,M11,1206.0,Peugeot,Stellantis,Europæisk (Multinational),Benzin,Fossil,Personbil
Skoda Kodiaq iV,6,2024,M11,1267.0,Skoda,Volkswagen Group,Tyskland,Hybrid,Lav-emission,SUV/Crossover
Volkswagen Caddy,3,2024,M11,1216.0,Volkswagen,Volkswagen Group,Tyskland,Benzin,Fossil,Varebil/MPV
Volvo XC90,1,2024,M11,1276.0,Volvo,Geely (Lynk & Co),Kina,Benzin,Fossil,Personbil
Yunlong JJ2000DBP,6,2024,M11,1277.0,Yunlong,MG,Kina,Benzin,Fossil,Personbil
Audi Q3,56,2024,M11,1099.0,Audi,Volkswagen Group,Tyskland,Benzin,Fossil,SUV/Crossover
Audi Q7,3,2024,M11,1293.0,Audi,Volkswagen Group,Tyskland,Benzin,Fossil,SUV/Crossover
Hyundai Santa Fe,18,2024,M11,1240.0,Hyundai,Hyundai Motor Group,Sydkorea,Benzin,Fossil,SUV/Crossover
Land Rover Range Rover,3,2024,M11,1283.0,Land Rover,Jaguar Land Rover (Tata Motors),Indien,Benzin,Fossil,SUV/Crossover
Lotus Eletre,3,2024,M11,1254.0,Lotus,Geely (Lynk & Co),Kina,Benzin,Fossil,Personbil
Maxus Euniq6,3,2024,M11,1167.0,Maxus,SAIC Motor (Maxus),Kina,Benzin,Fossil,SUV/Crossover
Mercedes-Benz CLE,9,2024,M11,1257.0,Mercedes-Benz,Mercedes-Benz Group,Tyskland,Benzin,Fossil,Personbil
Mercedes-Benz GLS,1,2024,M11,1314.0,Mercedes-Benz,Mercedes-Benz Group,Tyskland,Benzin,Fossil,Personbil
Mercedes-Benz V-Klasse,8,2024,M11,1171.0,Mercedes-Benz,Mercedes-Benz Group,Tyskland,Benzin,Fossil,Personbil
Mercedes-Benz Vito,2,2024,M11,1156.0,Mercedes-Benz,Mercedes-Benz Group,Tyskland,Benzin,Fossil,Varebil/MPV
MG 3,3,2024,M11,1172.0,MG,SAIC Motor (MG),Kina,Benzin,Fossil,Personbil
Porsche 911,1,2024,M11,1264.0,Porsche,Volkswagen Group,Tyskland,Benzin,Fossil,Personbil
Porsche Taycan,3,2024,M11,1175.0,Porsche,Volkswagen Group,Tyskland,El,Nul-emission,Personbil
Seat Leon,29,2024,M11,1210.0,Seat,Volkswagen Group,Tyskland,Benzin,Fossil,Personbil
Subaru Outback,1,2024,M11,1178.0,Subaru,Subaru Corporation,Japan,Benzin,Fossil,SUV/Crossover
Tesla Model S,3,2024,M11,1213.0,Tesla,"Tesla, Inc.",USA,El,Nul-emission,Personbil
Tesla Model X,1,2024,M11,1214.0,Tesla,"Tesla, Inc.",USA,El,Nul-emission,Personbil
Aston Martin Vantage,1,2024,M11,1341.0,Aston Martin,Ford Motor Company,USA,Benzin,Fossil,Personbil
Audi A1,3,2024,M11,1292.0,Audi,Volkswagen Group,Tyskland,Benzin,Fossil,Personbil
Audi A8,1,2024,M11,1222.0,Audi,Volkswagen Group,Tyskland,Benzin,Fossil,Personbil
BMW 2'er,2,2024,M11,1223.0,BMW,BMW Group,Tyskland,Benzin,Fossil,Personbil
BMW i3,1,2024,M11,1342.0,BMW,BMW Group,Tyskland,El,Nul-emission,Personbil
BMW i3,1,2024,M11,,BMW,BMW Group,Tyskland,El,Nul-emission,Personbil
BMW iX3,89,2024,M11,1224.0,BMW,BMW Group,Tyskland,El,Nul-emission,SUV/Crossover
BMW X4,46,2024,M11,1296.0,BMW,BMW Group,Tyskland,Benzin,Fossil,SUV/Crossover
Citroen C4,28,2024,M11,1227.0,Citroen,Stellantis,Europæisk (Multinational),Benzin,Fossil,Personbil
Citroen C5 Aircross,1,2024,M11,1032.0,Citroen,Stellantis,Europæisk (Multinational),Benzin,Fossil,SUV/Crossover
Citroen ë-C4,1,2024,M11,1343.0,Citroen,Stellantis,Europæisk (Multinational),Benzin,Fossil,Personbil
DS 4,1,2024,M11,1299.0,DS,Stellantis,Europæisk (Multinational),Benzin,Fossil,Personbil
DS 7 Crossback,4,2024,M11,1300.0,DS,Stellantis,Europæisk (Multinational),Benzin,Fossil,SUV/Crossover
Eagle Golf Car,2,2024,M11,1188.0,Eagle,"Eagle Golf Cars, LLC",USA,EL,Nul-emission,ATV/UTV/Andet
Fiat 500,33,2024,M11,1232.0,Fiat,Stellantis,Europæisk (Multinational),Benzin,Fossil,Personbil
Fisker Ocean,12,2024,M11,1233.0,Fisker,Fisker Inc.,USA,El,Nul-emission,Personbil
Ford Focus,10,2024,M11,1162.0,Ford,Ford Motor Company,USA,Benzin,Fossil,Personbil
Hongqi E-HS9,12,2024,M11,1236.0,Hongqi,FAW (Hongqi),Kina,El,Nul-emission,Personbil
Hyundai I10,53,2024,M11,1237.0,Hyundai,Hyundai Motor Group,Sydkorea,Benzin,Fossil,Personbil
Hyundai I20,12,2024,M11,1238.0,Hyundai,Hyundai Motor Group,Sydkorea,Benzin,Fossil,Personbil
Hyundai I30,13,2024,M11,1239.0,Hyundai,Hyundai Motor Group,Sydkorea,Benzin,Fossil,Personbil
Ineos Grenadier,1,2024,M11,1344.0,Ineos,INEOS Automotive Ltd.,Storbritannien,Benzin,Fossil,Personbil
Jeep Wrangler,2,2024,M11,1345.0,Jeep,Stellantis,Europæisk (Multinational),Benzin,Fossil,Personbil
Kia Ceed,40,2024,M11,1243.0,Kia,Hyundai Motor Group,Sydkorea,Benzin,Fossil,Personbil
Kia Picanto,12,2024,M11,1245.0,Kia,Hyundai Motor Group,Sydkorea,Benzin,Fossil,Personbil
Kia Sorento,4,2024,M11,1246.0,Kia,Hyundai Motor Group,Sydkorea,Benzin,Fossil,SUV/Crossover
Kia Sportage,2,2024,M11,1247.0,Kia,Hyundai Motor Group,Sydkorea,Benzin,Fossil,SUV/Crossover
Kia Stonic,5,2024,M11,1248.0,Kia,Hyundai Motor Group,Sydkorea,Benzin,Fossil,Personbil
Kia XCeed,13,2024,M11,1249.0,Kia,Hyundai Motor Group,Sydkorea,Benzin,Fossil,Personbil
Lexus NX,12,2024,M11,1252.0,Lexus,Toyota Motor Corporation,Japan,Hybrid,Lav-emission,Personbil
Lexus UX,1,2024,M11,1253.0,Lexus,Toyota Motor Corporation,Japan,Hybrid,Lav-emission,Personbil
MAN TGE,7,2024,M11,1197.0,MAN,TRATON (Volkswagen Group),Tyskland,Benzin,Fossil,Varebil/MPV
Maserati Grecale,3,2024,M11,1152.0,Maserati,Stellantis,Europæisk (Multinational),Benzin,Fossil,Personbil
Maxus Euniq5,1,2024,M11,1198.0,Maxus,SAIC Motor (Maxus),Kina,Benzin,Fossil,SUV/Crossover
Mazda 2,68,2024,M11,1153.0,Mazda,Mazda Motor Corporation,Japan,Benzin,Fossil,Personbil
Mazda CX-5,9,2024,M11,1311.0,Mazda,Mazda Motor Corporation,Japan,Benzin,Fossil,SUV/Crossover
Mazda CX-80,22,2024,M11,1168.0,Mazda,Mazda Motor Corporation,Japan,Benzin,Fossil,SUV/Crossover
Mazda MX-30,24,2024,M11,1199.0,Mazda,Mazda Motor Corporation,Japan,Benzin,Fossil,Personbil
Mazda MX-5,5,2024,M11,1346.0,Mazda,Mazda Motor Corporation,Japan,Benzin,Fossil,Personbil
Mercedes-Benz B-Klasse,2,2024,M11,1256.0,Mercedes-Benz,Mercedes-Benz Group,Tyskland,Benzin,Fossil,Personbil
Mercedes-Benz Citan,1,2024,M11,1313.0,Mercedes-Benz,Mercedes-Benz Group,Tyskland,Benzin,Fossil,Varebil/MPV
Mercedes-Benz S-Klasse,2,2024,M11,1201.0,Mercedes-Benz,Mercedes-Benz Group,Tyskland,Benzin,Fossil,Personbil
Mercedes-Benz Vito Tourer,18,2024,M11,1092.0,Mercedes-Benz,Mercedes-Benz Group,Tyskland,Benzin,Fossil,Varebil/MPV
MG EHS,7,2024,M11,1316.0,MG,SAIC Motor (MG),Kina,Benzin,Fossil,Personbil
MG Marvel R,1,2024,M11,1347.0,MG,SAIC Motor (MG),Kina,Benzin,Fossil,Personbil
Mini 5-dørs,1,2024,M11,1317.0,Mini,BMW Group,Tyskland,Benzin,Fossil,Personbil
Nissan Juke,14,2024,M11,1103.0,Nissan,Nissan Motor Co.,Japan,Benzin,Fossil,SUV/Crossover
Nissan Leaf,1,2024,M11,1318.0,Nissan,Nissan Motor Co.,Japan,Benzin,Fossil,Personbil
Opel Astra,9,2024,M11,1258.0,Opel,Stellantis,Europæisk (Multinational),Benzin,Fossil,Personbil
Opel Corsa,54,2024,M11,1259.0,Opel,Stellantis,Europæisk (Multinational),Benzin,Fossil,Personbil
Opel Crossland,2,2024,M11,1260.0,Opel,Stellantis,Europæisk (Multinational),Benzin,Fossil,SUV/Crossover
Polaris XP Kinetic,1,2024,M11,1348.0,Polaris,Polaris,USA,Benzin,Fossil,Personbil
Porsche Boxster,1,2024,M11,1349.0,Porsche,Volkswagen Group,Tyskland,Benzin,Fossil,Personbil
Porsche Cayman,1,2024,M11,1323.0,Porsche,Volkswagen Group,Tyskland,Benzin,Fossil,Personbil
Renault Austral,24,2024,M11,1025.0,Renault,Renault Group,Frankrig,Benzin,Fossil,Personbil
Seat Ateca,3,2024,M11,1325.0,Seat,Volkswagen Group,Tyskland,Benzin,Fossil,Personbil
Skoda Citigo,1,2024,M11,1350.0,Skoda,Volkswagen Group,Tyskland,Benzin,Fossil,Personbil
Suzuki Ignis,47,2024,M11,1268.0,Suzuki,Suzuki Motor Corporation,Japan,Benzin,Fossil,Personbil
Suzuki S-Cross,1,2024,M11,1269.0,Suzuki,Suzuki Motor Corporation,Japan,Benzin,Fossil,SUV/Crossover
Suzuki Swace,3,2024,M11,1270.0,Suzuki,Suzuki Motor Corporation,Japan,Benzin,Fossil,Personbil
Toyota C-HR,61,2024,M11,1271.0,Toyota,Toyota Motor Corporation,Japan,Hybrid,Lav-emission,Personbil
Toyota Land Cruiser,2,2024,M11,1272.0,Toyota,Toyota Motor Corporation,Japan,Benzin,Fossil,SUV/Crossover
Toyota Prius,4,2024,M11,1326.0,Toyota,Toyota Motor Corporation,Japan,Hybrid,Lav-emission,Personbil
Toyota Proace City,1,2024,M11,1290.0,Toyota,Toyota Motor Corporation,Japan,Benzin,Fossil,Varebil/MPV
Volkswagen Taigo,2,2024,M11,1328.0,Volkswagen,Volkswagen Group,Tyskland,Benzin,Fossil,Personbil
Volkswagen Transporter,2,2024,M11,1351.0,Volkswagen,Volkswagen Group,Tyskland,Benzin,Fossil,Varebil/MPV
Volvo XC60,33,2024,M11,1275.0,Volvo,Geely (Lynk & Co),Kina,Benzin,Fossil,Personbil
Voyah Free,1,2024,M11,1332.0,Voyah,Dongfeng (Voyah),Kina,El,Nul-emission,Personbil
Xingyun UTV,1,2024,M11,1333.0,Xingyun,Shandong Xingyun,Kina,El,Nul-emission,ATV/UTV/Andet
Xpeng P7,26,2024,M11,1279.0,Xpeng,XPeng,Kina,El,Nul-emission,Personbil
Skoda Elroq,1210,2025,M10,1001.0,Skoda,Volkswagen Group,Tyskland,El,Nul-emission,Personbil
Skoda Enyaq iV,857,2025,M10,1006.0,Skoda,Volkswagen Group,Tyskland,El,Nul-emission,Personbil
Volkswagen ID.4,764,2025,M10,1005.0,Volkswagen,Volkswagen Group,Tyskland,El,Nul-emission,Personbil
Audi Q4 e-tron,440,2025,M10,1003.0,Audi,Volkswagen Group,Tyskland,El,Nul-emission,SUV/Crossover
Volkswagen ID. Buzz,423,2025,M10,1010.0,Volkswagen,Volkswagen Group,Tyskland,El,Nul-emission,Personbil
Volkswagen ID.3,417,2025,M10,1011.0,Volkswagen,Volkswagen Group,Tyskland,El,Nul-emission,Personbil
Volkswagen ID.7,376,2025,M10,1017.0,Volkswagen,Volkswagen Group,Tyskland,El,Nul-emission,Personbil
Peugeot 208,325,2025,M10,1024.0,Peugeot,Stellantis,Europæisk (Multinational),Benzin,Fossil,Personbil
Mazda 6e,321,2025,M10,1019.0,Mazda,Mazda Motor Corporation,Japan,Benzin,Fossil,Personbil
Volkswagen T-Roc,309,2025,M10,1080.0,Volkswagen,Volkswagen Group,Tyskland,Benzin,Fossil,SUV/Crossover
Mercedes-Benz EQB,304,2025,M10,1027.0,Mercedes-Benz,Mercedes-Benz Group,Tyskland,El,Nul-emission,Personbil
Mercedes-Benz CLA,284,2025,M10,1022.0,Mercedes-Benz,Mercedes-Benz Group,Tyskland,Benzin,Fossil,Personbil
Renault R5,271,2025,M10,1008.0,Renault,Renault Group,Frankrig,Benzin,Fossil,Personbil
Citroen C3 Aircross,270,2025,M10,1014.0,Citroen,Stellantis,Europæisk (Multinational),Benzin,Fossil,SUV/Crossover
Xpeng G6,244,2025,M10,1015.0,Xpeng,XPeng,Kina,El,Nul-emission,Personbil
BMW iX1,237,2025,M10,1009.0,BMW,BMW Group,Tyskland,El,Nul-emission,SUV/Crossover
Mercedes-Benz EQA,228,2025,M10,1026.0,Mercedes-Benz,Mercedes-Benz Group,Tyskland,El,Nul-emission,Personbil
Cupra Tavascan,227,2025,M10,1065.0,Cupra,Volkswagen Group,Tyskland,Benzin,Fossil,Personbil
Renault Captur,199,2025,M10,1266.0,Renault,Renault Group,Frankrig,Benzin,Fossil,Personbil
Cupra Formentor,193,2025,M10,1062.0,Cupra,Volkswagen Group,Tyskland,Benzin,Fossil,Personbil
Volvo EX40,192,2025,M10,1018.0,Volvo,Geely (Lynk & Co),Kina,Benzin,Fossil,SUV/Crossover
Audi A3,188,2025,M10,1064.0,Audi,Volkswagen Group,Tyskland,Benzin,Fossil,Personbil
Nissan Qashqai,188,2025,M10,1035.0,Nissan,Nissan Motor Co.,Japan,Benzin,Fossil,SUV/Crossover
Audi A5,178,2025,M10,1115.0,Audi,Volkswagen Group,Tyskland,Benzin,Fossil,Personbil
Hyundai Ioniq 6,177,2025,M10,1133.0,Hyundai,Hyundai Motor Group,Sydkorea,El,Nul-emission,Personbil
Audi Q5,174,2025,M10,1137.0,Audi,Volkswagen Group,Tyskland,Benzin,Fossil,SUV/Crossover
Toyota Aygo X,172,2025,M10,1042.0,Toyota,Toyota Motor Corporation,Japan,Benzin,Fossil,Personbil
Peugeot 3008,166,2025,M10,1036.0,Peugeot,Stellantis,Europæisk (Multinational),Benzin,Fossil,Personbil
Toyota Yaris Cross,152,2025,M10,1020.0,Toyota,Toyota Motor Corporation,Japan,Benzin,Fossil,SUV/Crossover
Zeekr 7X,147,2025,M10,1028.0,Zeekr,Geely (Lynk & Co),Kina,El,Nul-emission,Personbil
Suzuki Swift,139,2025,M10,1034.0,Suzuki,Suzuki Motor Corporation,Japan,Benzin,Fossil,Personbil
Toyota Yaris,138,2025,M10,1057.0,Toyota,Toyota Motor Corporation,Japan,Hybrid,Lav-emission,Personbil
Ford Explorer,137,2025,M10,1023.0,Ford,Ford Motor Company,USA,Benzin,Fossil,Personbil
Renault Scenic,134,2025,M10,1021.0,Renault,Renault Group,Frankrig,Benzin,Fossil,Personbil
Kia EV3,133,2025,M10,1033.0,Kia,Hyundai Motor Group,Sydkorea,Benzin,Fossil,Personbil
Volkswagen ID.5,132,2025,M10,1053.0,Volkswagen,Volkswagen Group,Tyskland,El,Nul-emission,Personbil
Cupra Terramar,129,2025,M10,1044.0,Cupra,Volkswagen Group,Tyskland,Benzin,Fossil,Personbil
Navor E5,129,2025,M10,1078.0,Navor,DFSK Motor,Kina,Benzin,Fossil,Personbil
MG ZS,128,2025,M10,1040.0,MG,SAIC Motor (MG),Kina,Benzin,Fossil,Personbil
Audi Q6 e-tron,126,2025,M10,1160.0,Audi,Volkswagen Group,Tyskland,El,Nul-emission,SUV/Crossover
BMW i4,122,2025,M10,1045.0,BMW,BMW Group,Tyskland,El,Nul-emission,Personbil
Ford Puma,120,2025,M10,1054.0,Ford,Ford Motor Company,USA,Benzin,Fossil,Personbil
Hyundai Ioniq 5,115,2025,M10,1050.0,Hyundai,Hyundai Motor Group,Sydkorea,El,Nul-emission,Personbil
BMW i5,114,2025,M10,1049.0,BMW,BMW Group,Tyskland,El,Nul-emission,Personbil
BMW X1,110,2025,M10,1013.0,BMW,BMW Group,Tyskland,Benzin,Fossil,SUV/Crossover
Hyundai Kona,107,2025,M10,1043.0,Hyundai,Hyundai Motor Group,Sydkorea,Benzin,Fossil,SUV/Crossover
Cupra Born,103,2025,M10,1007.0,Cupra,Volkswagen Group,Tyskland,El,Nul-emission,Personbil
Peugeot 5008,102,2025,M10,1039.0,Peugeot,Stellantis,Europæisk (Multinational),Benzin,Fossil,Personbil
Renault Megane E-Tech,99,2025,M10,1041.0,Renault,Renault Group,Frankrig,El,Nul-emission,Personbil
Peugeot 2008,97,2025,M10,1030.0,Peugeot,Stellantis,Europæisk (Multinational),Benzin,Fossil,Personbil
Tesla Model Y,94,2025,M10,1002.0,Tesla,"Tesla, Inc.",USA,El,Nul-emission,Personbil
Audi A6 e-tron,93,2025,M10,1038.0,Audi,Volkswagen Group,Tyskland,El,Nul-emission,Personbil
Citroen C3,92,2025,M10,1012.0,Citroen,Stellantis,Europæisk (Multinational),Benzin,Fossil,Personbil
Mercedes-Benz GLC,92,2025,M10,1076.0,Mercedes-Benz,Mercedes-Benz Group,Tyskland,Benzin,Fossil,Personbil
Toyota Corolla Cross,91,2025,M10,1124.0,Toyota,Toyota Motor Corporation,Japan,Benzin,Fossil,SUV/Crossover
Cupra Leon,90,2025,M10,1100.0,Cupra,Volkswagen Group,Tyskland,Benzin,Fossil,Personbil
BMW 3'er,89,2025,M10,1051.0,BMW,BMW Group,Tyskland,Benzin,Fossil,Personbil
Polestar 4,89,2025,M10,1048.0,Polestar,Geely (Lynk & Co),Kina,El,Nul-emission,Personbil
Xpeng G9,87,2025,M10,1068.0,Xpeng,XPeng,Kina,El,Nul-emission,Personbil
Audi Q2,85,2025,M10,1071.0,Audi,Volkswagen Group,Tyskland,Benzin,Fossil,SUV/Crossover
Nissan Ariya,84,2025,M10,1070.0,Nissan,Nissan Motor Co.,Japan,Benzin,Fossil,Personbil
Skoda Kodiaq,84,2025,M10,1047.0,Skoda,Volkswagen Group,Tyskland,Benzin,Fossil,SUV/Crossover
Kia EV6,83,2025,M10,1069.0,Kia,Hyundai Motor Group,Sydkorea,Benzin,Fossil,Personbil
Dacia Sandero,81,2025,M10,1231.0,Dacia,Renault Group,Frankrig,Benzin,Fossil,Personbil
Volkswagen Passat,81,2025,M10,1125.0,Volkswagen,Volkswagen Group,Tyskland,Benzin,Fossil,Personbil
Renault Austral,80,2025,M10,1025.0,Renault,Renault Group,Frankrig,Benzin,Fossil,Personbil
Polestar 2,77,2025,M10,1097.0,Polestar,Geely (Lynk & Co),Kina,El,Nul-emission,Personbil
MG 4,76,2025,M10,1037.0,MG,SAIC Motor (MG),Kina,Benzin,Fossil,Personbil
Audi A6,73,2025,M10,1159.0,Audi,Volkswagen Group,Tyskland,Benzin,Fossil,Personbil
Opel Grandland,72,2025,M10,1072.0,Opel,Stellantis,Europæisk (Multinational),Benzin,Fossil,SUV/Crossover
Hyundai Inster,71,2025,M10,1061.0,Hyundai,Hyundai Motor Group,Sydkorea,Benzin,Fossil,Personbil
Opel Frontera,68,2025,M10,1077.0,Opel,Stellantis,Europæisk (Multinational),Benzin,Fossil,SUV/Crossover
Volkswagen Tiguan,67,2025,M10,1145.0,Volkswagen,Volkswagen Group,Tyskland,Benzin,Fossil,SUV/Crossover
Volvo EX30,67,2025,M10,1056.0,Volvo,Geely (Lynk & Co),Kina,Benzin,Fossil,SUV/Crossover
Renault R4,65,2025,M10,1016.0,Renault,Renault Group,Frankrig,Benzin,Fossil,Personbil
Ford Kuga,63,2025,M10,1060.0,Ford,Ford Motor Company,USA,Hybrid,Lav-emission,Personbil
Mercedes-Benz GLA,62,2025,M10,1090.0,Mercedes-Benz,Mercedes-Benz Group,Tyskland,Benzin,Fossil,Personbil
Mercedes-Benz EQE,61,2025,M10,1074.0,Mercedes-Benz,Mercedes-Benz Group,Tyskland,El,Nul-emission,Personbil
Skoda Octavia,60,2025,M10,1157.0,Skoda,Volkswagen Group,Tyskland,Benzin,Fossil,Personbil
BYD Sealion 7,58,2025,M10,1096.0,BYD,BYD Auto,Kina,Benzin,Fossil,Personbil
BMW 5'er,51,2025,M10,1063.0,BMW,BMW Group,Tyskland,Benzin,Fossil,Personbil
Mercedes-Benz C-Klasse,51,2025,M10,1098.0,Mercedes-Benz,Mercedes-Benz Group,Tyskland,Benzin,Fossil,Personbil
Mercedes-Benz EQE SUV,50,2025,M10,1110.0,Mercedes-Benz,Mercedes-Benz Group,Tyskland,El,Nul-emission,SUV/Crossover
Ford Capri,49,2025,M10,1052.0,Ford,Ford Motor Company,USA,Benzin,Fossil,Personbil
BMW iX,48,2025,M10,1089.0,BMW,BMW Group,Tyskland,El,Nul-emission,Personbil
MG S5,48,2025,M10,1046.0,MG,SAIC Motor (MG),Kina,Benzin,Fossil,Personbil
Mercedes-Benz GLB,47,2025,M10,1088.0,Mercedes-Benz,Mercedes-Benz Group,Tyskland,Benzin,Fossil,Personbil
Porsche Macan,47,2025,M10,1119.0,Porsche,Volkswagen Group,Tyskland,Benzin,Fossil,SUV/Crossover
BMW iX2,46,2025,M10,1087.0,BMW,BMW Group,Tyskland,El,Nul-emission,SUV/Crossover
Volkswagen Touran,42,2025,M10,1182.0,Volkswagen,Volkswagen Group,Tyskland,Benzin,Fossil,Personbil
BMW 1'er,40,2025,M10,1067.0,BMW,BMW Group,Tyskland,Benzin,Fossil,Personbil
Dacia Bigster,37,2025,M10,1278.0,Dacia,Renault Group,Frankrig,Benzin,Fossil,Personbil
BYD Dolphin Surf,36,2025,M10,1095.0,BYD,BYD Auto,Kina,Benzin,Fossil,Personbil
Fiat Grande Panda,33,2025,M10,1122.0,Fiat,Stellantis,Europæisk (Multinational),Benzin,Fossil,Personbil
Mercedes-Benz A-Klasse,33,2025,M10,1123.0,Mercedes-Benz,Mercedes-Benz Group,Tyskland,Benzin,Fossil,Personbil
Suzuki Vitara,33,2025,M10,1029.0,Suzuki,Suzuki Motor Corporation,Japan,Benzin,Fossil,SUV/Crossover
Toyota bZ4X,33,2025,M10,1000.0,Toyota,Toyota Motor Corporation,Japan,El,Nul-emission,Personbil
Toyota RAV4,33,2025,M10,1273.0,Toyota,Toyota Motor Corporation,Japan,Hybrid,Lav-emission,SUV/Crossover
Skoda Scala,32,2025,M10,1130.0,Skoda,Volkswagen Group,Tyskland,Benzin,Fossil,Personbil
Omoda 5,31,2025,M10,1129.0,Omoda,Chery Group,Kina,Benzin,Fossil,Personbil
Skoda Kamiq,30,2025,M10,1112.0,Skoda,Volkswagen Group,Tyskland,Benzin,Fossil,SUV/Crossover
Skoda Karoq,30,2025,M10,1094.0,Skoda,Volkswagen Group,Tyskland,Benzin,Fossil,SUV/Crossover
Mini 3-dørs,29,2025,M10,1083.0,Mini,BMW Group,Tyskland,Benzin,Fossil,Personbil
Volkswagen Polo,29,2025,M10,1140.0,Volkswagen,Volkswagen Group,Tyskland,Benzin,Fossil,Personbil
Ford Transit,28,2025,M10,1091.0,Ford,Ford Motor Company,USA,Benzin,Fossil,Varebil/MPV
Volvo EX90,27,2025,M10,1081.0,Volvo,Geely (Lynk & Co),Kina,Benzin,Fossil,Personbil
Hyundai Ioniq 9,26,2025,M10,1118.0,Hyundai,Hyundai Motor Group,Sydkorea,El,Nul-emission,Personbil
Skoda Superb,25,2025,M10,1139.0,Skoda,Volkswagen Group,Tyskland,Benzin,Fossil,Personbil
Seat Ibiza,24,2025,M10,1073.0,Seat,Volkswagen Group,Tyskland,Benzin,Fossil,Personbil
BMW 4'er,23,2025,M10,1185.0,BMW,BMW Group,Tyskland,Benzin,Fossil,Personbil
Volvo EC40,23,2025,M10,1093.0,Volvo,Geely (Lynk & Co),Kina,Benzin,Fossil,Personbil
Mazda CX-60,21,2025,M10,1255.0,Mazda,Mazda Motor Corporation,Japan,Benzin,Fossil,SUV/Crossover
BYD Dolphin,20,2025,M10,1187.0,BYD,BYD Auto,Kina,Benzin,Fossil,Personbil
Renault Clio,20,2025,M10,1111.0,Renault,Renault Group,Frankrig,Benzin,Fossil,Personbil
BYD Seal,19,2025,M10,1107.0,BYD,BYD Auto,Kina,Benzin,Fossil,Personbil
Suzuki SX4,19,2025,M10,1131.0,Suzuki,Suzuki Motor Corporation,Japan,Benzin,Fossil,SUV/Crossover
Volkswagen T-Cross,19,2025,M10,1181.0,Volkswagen,Volkswagen Group,Tyskland,Benzin,Fossil,SUV/Crossover
BYD Tang,18,2025,M10,1126.0,BYD,BYD Auto,Kina,Benzin,Fossil,Personbil
Mercedes-Benz E-Klasse,17,2025,M10,1128.0,Mercedes-Benz,Mercedes-Benz Group,Tyskland,Benzin,Fossil,Personbil
BYD Atto 3,16,2025,M10,1161.0,BYD,BYD Auto,Kina,Benzin,Fossil,Personbil
Honda e:Ny1,16,2025,M10,1086.0,Honda,Honda Motor Co.,Japan,El,Nul-emission,Personbil
Honda Jazz,16,2025,M10,1150.0,Honda,Honda Motor Co.,Japan,Benzin,Fossil,Personbil
Mazda 2,16,2025,M10,1153.0,Mazda,Mazda Motor Corporation,Japan,Benzin,Fossil,Personbil
Mini Aceman,16,2025,M10,1079.0,Mini,BMW Group,Tyskland,El,Nul-emission,Personbil
Lexus NX,13,2025,M10,1252.0,Lexus,Toyota Motor Corporation,Japan,Hybrid,Lav-emission,Personbil
BYD Seal U,12,2025,M10,1104.0,BYD,BYD Auto,Kina,Benzin,Fossil,Personbil
Honda CR-V,12,2025,M10,1127.0,Honda,Honda Motor Co.,Japan,Hybrid,Lav-emission,Personbil
KGM Torres EVX,11,2025,M10,1108.0,KGM,KG Mobility (tidl. SsangYong),Sydkorea,El,Nul-emission,SUV/Crossover
Lexus RZ,11,2025,M10,1075.0,Lexus,Toyota Motor Corporation,Japan,Benzin,Fossil,Personbil
Mercedes-Benz Sprinter,11,2025,M10,1134.0,Mercedes-Benz,Mercedes-Benz Group,Tyskland,Benzin,Fossil,Varebil/MPV
Mini Countryman,11,2025,M10,1102.0,Mini,BMW Group,Tyskland,Benzin,Fossil,Personbil
BYD Atto 2,10,2025,M10,1106.0,BYD,BYD Auto,Kina,Benzin,Fossil,Personbil
Ford Tourneo Custom,10,2025,M10,1082.0,Ford,Ford Motor Company,USA,Benzin,Fossil,Varebil/MPV
Hongqi EHS7,10,2025,M10,1138.0,Hongqi,FAW (Hongqi),Kina,El,Nul-emission,Personbil
Skoda Fabia,10,2025,M10,1211.0,Skoda,Volkswagen Group,Tyskland,Benzin,Fossil,Personbil
Ford Transit Custom,9,2025,M10,1192.0,Ford,Ford Motor Company,USA,Benzin,Fossil,Varebil/MPV
Kia Niro,9,2025,M10,1244.0,Kia,Hyundai Motor Group,Sydkorea,Benzin,Fossil,Personbil
Mercedes-Benz G-Klasse,9,2025,M10,1170.0,Mercedes-Benz,Mercedes-Benz Group,Tyskland,Benzin,Fossil,Personbil
Mercedes-Benz GLE,9,2025,M10,1144.0,Mercedes-Benz,Mercedes-Benz Group,Tyskland,Benzin,Fossil,Personbil
Opel Zafira,9,2025,M10,1205.0,Opel,Stellantis,Europæisk (Multinational),Benzin,Fossil,Varebil/MPV
Dacia Duster,8,2025,M10,1229.0,Dacia,Renault Group,Frankrig,Benzin,Fossil,Personbil
Ford Mustang Mach-E,8,2025,M10,1147.0,Ford,Ford Motor Company,USA,Benzin,Fossil,Personbil
Honda ZR-V,8,2025,M10,1193.0,Honda,Honda Motor Co.,Japan,Benzin,Fossil,Personbil
Lexus LBX,8,2025,M10,1165.0,Lexus,Toyota Motor Corporation,Japan,Benzin,Fossil,Personbil
Mercedes-Benz Vito Tourer,8,2025,M10,1092.0,Mercedes-Benz,Mercedes-Benz Group,Tyskland,Benzin,Fossil,Varebil/MPV
Tesla Model 3,8,2025,M10,1179.0,Tesla,"Tesla, Inc.",USA,El,Nul-emission,Personbil
Zeekr 001,8,2025,M10,1136.0,Zeekr,Geely (Lynk & Co),Kina,El,Nul-emission,Personbil
Mercedes-Benz EQV,7,2025,M10,1155.0,Mercedes-Benz,Mercedes-Benz Group,Tyskland,El,Nul-emission,Personbil
MG 3,7,2025,M10,1172.0,MG,SAIC Motor (MG),Kina,Benzin,Fossil,Personbil
Land Rover Range Rover Sport,6,2025,M10,1196.0,Land Rover,Jaguar Land Rover (Tata Motors),Indien,Benzin,Fossil,SUV/Crossover
Opel Mokka,6,2025,M10,1261.0,Opel,Stellantis,Europæisk (Multinational),Benzin,Fossil,Personbil
Skoda Kodiaq iV,6,2025,M10,1267.0,Skoda,Volkswagen Group,Tyskland,Hybrid,Lav-emission,SUV/Crossover
Subaru Solterra,6,2025,M10,1113.0,Subaru,Subaru Corporation,Japan,Benzin,Fossil,Personbil
Volkswagen Crafter,6,2025,M10,1218.0,Volkswagen,Volkswagen Group,Tyskland,Benzin,Fossil,Varebil/MPV
Hyundai Bayon,5,2025,M10,1151.0,Hyundai,Hyundai Motor Group,Sydkorea,Benzin,Fossil,Personbil
JAC E30X,5,2025,M10,1195.0,JAC,JAC Motors,Kina,Benzin,Fossil,Personbil
MG Cyberster,5,2025,M10,1173.0,MG,SAIC Motor (MG),Kina,Benzin,Fossil,Personbil
Peugeot 308,5,2025,M10,1206.0,Peugeot,Stellantis,Europæisk (Multinational),Benzin,Fossil,Personbil
Porsche Taycan,5,2025,M10,1175.0,Porsche,Volkswagen Group,Tyskland,El,Nul-emission,Personbil
Citroen Berlingo,4,2025,M10,1117.0,Citroen,Stellantis,Europæisk (Multinational),Benzin,Fossil,Varebil/MPV
Kia EV4,4,2025,M10,1059.0,Kia,Hyundai Motor Group,Sydkorea,Benzin,Fossil,Personbil
Land Rover Range Rover,4,2025,M10,1283.0,Land Rover,Jaguar Land Rover (Tata Motors),Indien,Benzin,Fossil,SUV/Crossover
Nissan Juke,4,2025,M10,1103.0,Nissan,Nissan Motor Co.,Japan,Benzin,Fossil,SUV/Crossover
Polestar 3,4,2025,M10,1263.0,Polestar,Geely (Lynk & Co),Kina,El,Nul-emission,Personbil
Porsche 911,4,2025,M10,1264.0,Porsche,Volkswagen Group,Tyskland,Benzin,Fossil,Personbil
Porsche Cayenne,4,2025,M10,1208.0,Porsche,Volkswagen Group,Tyskland,Benzin,Fossil,SUV/Crossover
Volkswagen Golf,4,2025,M10,1219.0,Volkswagen,Volkswagen Group,Tyskland,Benzin,Fossil,Personbil
Zeekr X,4,2025,M10,1114.0,Zeekr,Geely (Lynk & Co),Kina,El,Nul-emission,Personbil
Kia EV9,3,2025,M10,1058.0,Kia,Hyundai Motor Group,Sydkorea,Benzin,Fossil,Personbil
Maserati Grecale,3,2025,M10,1152.0,Maserati,Stellantis,Europæisk (Multinational),Benzin,Fossil,Personbil
Mazda 3,3,2025,M10,1154.0,Mazda,Mazda Motor Corporation,Japan,Benzin,Fossil,Personbil
Mazda CX-30,3,2025,M10,1084.0,Mazda,Mazda Motor Corporation,Japan,Benzin,Fossil,SUV/Crossover
Mercedes-Benz CLE,3,2025,M10,1257.0,Mercedes-Benz,Mercedes-Benz Group,Tyskland,Benzin,Fossil,Personbil
Mercedes-Benz Vito,3,2025,M10,1156.0,Mercedes-Benz,Mercedes-Benz Group,Tyskland,Benzin,Fossil,Varebil/MPV
Renault Trafic,3,2025,M10,1176.0,Renault,Renault Group,Frankrig,Benzin,Fossil,Varebil/MPV
Volkswagen Caravelle,3,2025,M10,1217.0,Volkswagen,Volkswagen Group,Tyskland,Benzin,Fossil,Varebil/MPV
Audi e-tron GT,2,2025,M10,1284.0,Audi,Volkswagen Group,Tyskland,El,Nul-emission,Personbil
Audi Q7,2,2025,M10,1293.0,Audi,Volkswagen Group,Tyskland,Benzin,Fossil,SUV/Crossover
Bach YM2000DP,2,2025,M10,1294.0,Bach,Bach,Danmark,El,Nul-emission,Kabinescooter
BMW X3,2,2025,M10,1141.0,BMW,BMW Group,Tyskland,Benzin,Fossil,SUV/Crossover
BMW X5,2,2025,M10,1186.0,BMW,BMW Group,Tyskland,Benzin,Fossil,SUV/Crossover
Dacia Jogger,2,2025,M10,1230.0,Dacia,Renault Group,Frankrig,Benzin,Fossil,Personbil
Fisker Ocean,2,2025,M10,1233.0,Fisker,Fisker Inc.,USA,El,Nul-emission,Personbil
Ford Focus,2,2025,M10,1162.0,Ford,Ford Motor Company,USA,Benzin,Fossil,Personbil
Honda HR-V,2,2025,M10,1149.0,Honda,Honda Motor Co.,Japan,Benzin,Fossil,Personbil
Jeep Avenger,2,2025,M10,1242.0,Jeep,Stellantis,Europæisk (Multinational),Benzin,Fossil,SUV/Crossover
Lynk & Co 02,2,2025,M10,1143.0,Lynk & Co,Geely (Lynk & Co),Kina,Benzin,Fossil,Personbil
MAN TGE,2,2025,M10,1197.0,MAN,TRATON (Volkswagen Group),Tyskland,Benzin,Fossil,Varebil/MPV
Maserati GranTurismo,2,2025,M10,1340.0,Maserati,Stellantis,Europæisk (Multinational),Benzin,Fossil,Personbil
Mazda MX-5,2,2025,M10,1346.0,Mazda,Mazda Motor Corporation,Japan,Benzin,Fossil,Personbil
Mercedes-Benz V-Klasse,2,2025,M10,1171.0,Mercedes-Benz,Mercedes-Benz Group,Tyskland,Benzin,Fossil,Personbil
Nio Firefly,2,2025,M10,1203.0,Nio,NIO,Kina,El,Nul-emission,Personbil
Opel Corsa,2,2025,M10,1259.0,Opel,Stellantis,Europæisk (Multinational),Benzin,Fossil,Personbil
Porsche Panamera,2,2025,M10,1265.0,Porsche,Volkswagen Group,Tyskland,Benzin,Fossil,Personbil
Seat Arona,2,2025,M10,1177.0,Seat,Volkswagen Group,Tyskland,Benzin,Fossil,Personbil
Seat Leon,2,2025,M10,1210.0,Seat,Volkswagen Group,Tyskland,Benzin,Fossil,Personbil
Toyota Corolla,2,2025,M10,1180.0,Toyota,Toyota Motor Corporation,Japan,Hybrid,Lav-emission,Personbil
Volkswagen Caddy,2,2025,M10,1216.0,Volkswagen,Volkswagen Group,Tyskland,Benzin,Fossil,Varebil/MPV
Volkswagen Multivan,2,2025,M10,1274.0,Volkswagen,Volkswagen Group,Tyskland,Benzin,Fossil,Varebil/MPV
Xpeng P7,2,2025,M10,1279.0,Xpeng,XPeng,Kina,El,Nul-emission,Personbil
Audi A8,1,2025,M10,1222.0,Audi,Volkswagen Group,Tyskland,Benzin,Fossil,Personbil
Audi Q8,1,2025,M10,1281.0,Audi,Volkswagen Group,Tyskland,Benzin,Fossil,SUV/Crossover
Bentley Bentayga,1,2025,M10,1183.0,Bentley,Volkswagen Group,Tyskland,Benzin,Fossil,Personbil
Bentley Continental,1,2025,M10,1352.0,Bentley,Volkswagen Group,Tyskland,Benzin,Fossil,Personbil
BMW 2'er,1,2025,M10,1223.0,BMW,BMW Group,Tyskland,Benzin,Fossil,Personbil
BMW i7,1,2025,M10,1146.0,BMW,BMW Group,Tyskland,El,Nul-emission,Personbil
BMW i7,1,2025,M10,,BMW,BMW Group,Tyskland,El,Nul-emission,Personbil
BMW iX3,1,2025,M10,1224.0,BMW,BMW Group,Tyskland,El,Nul-emission,SUV/Crossover
Citroen e-SpaceTourer,1,2025,M10,1228.0,Citroen,Stellantis,Europæisk (Multinational),Benzin,Fossil,Personbil
Exlantix ES,1,2025,M10,1142.0,Exlantix,Chery Group,Kina,El,Nul-emission,Personbil
HDK Turfman,1,2025,M10,1353.0,HDK,HDK Automotive,Kina,El,Nul-emission,ATV/UTV/Andet
Hisun HS,1,2025,M10,1235.0,Hisun,"Chongqing Huansong Industrial (Group) Co., Ltd.",Kina,Benzin,Fossil,ATV/UTV/Andet
Hisun HS5DUTV-2,1,2025,M10,1148.0,Hisun,"Chongqing Huansong Industrial (Group) Co., Ltd.",Kina,Benzin,Fossil,ATV/UTV/Andet
Honda Civic,1,2025,M10,1163.0,Honda,Honda Motor Co.,Japan,Hybrid,Lav-emission,Personbil
JAC T9,1,2025,M10,1286.0,JAC,JAC Motors,Kina,Benzin,Fossil,Personbil
Lotus Eletre,1,2025,M10,1254.0,Lotus,Geely (Lynk & Co),Kina,Benzin,Fossil,Personbil
Lotus Emeya,1,2025,M10,1339.0,Lotus,Geely (Lynk & Co),Kina,Benzin,Fossil,Personbil
Maxus e-Deliver 9,1,2025,M10,1166.0,Maxus,SAIC Motor (Maxus),Kina,Benzin,Fossil,Varebil/MPV
Mazda CX-80,1,2025,M10,1168.0,Mazda,Mazda Motor Corporation,Japan,Benzin,Fossil,SUV/Crossover
Mazda MX-30,1,2025,M10,1199.0,Mazda,Mazda Motor Corporation,Japan,Benzin,Fossil,Personbil
Mercedes-Benz GLS,1,2025,M10,1314.0,Mercedes-Benz,Mercedes-Benz Group,Tyskland,Benzin,Fossil,Personbil
Mercedes-Benz S-Klasse,1,2025,M10,1201.0,Mercedes-Benz,Mercedes-Benz Group,Tyskland,Benzin,Fossil,Personbil
MG HS,1,2025,M10,1109.0,MG,SAIC Motor (MG),Kina,Benzin,Fossil,Personbil
Nio ET5,1,2025,M10,1354.0,Nio,NIO,Kina,El,Nul-emission,Personbil
Opel Astra,1,2025,M10,1258.0,Opel,Stellantis,Europæisk (Multinational),Benzin,Fossil,Personbil
Skoda Superb iV,1,2025,M10,1289.0,Skoda,Volkswagen Group,Tyskland,Hybrid,Lav-emission,Personbil
Volvo XC40,1,2025,M10,1331.0,Volvo,Geely (Lynk & Co),Kina,Benzin,Fossil,Personbil
Yulong LH-Q,1,2025,M10,1355.0,Yulong,Yulong,Kina,Benzin,Fossil,Personbil
Yunlong JJ2000DBP,1,2025,M10,1277.0,Yunlong,MG,Kina,Benzin,Fossil,Personbil
Skoda Enyaq iV,1038,2024,M10,1006.0,Skoda,Volkswagen Group,Tyskland,El,Nul-emission,Personbil
Volkswagen ID.4,579,2024,M10,1005.0,Volkswagen,Volkswagen Group,Tyskland,El,Nul-emission,Personbil
Audi Q4 e-tron,426,2024,M10,1003.0,Audi,Volkswagen Group,Tyskland,El,Nul-emission,SUV/Crossover
Volkswagen ID. Buzz,47,2024,M10,1010.0,Volkswagen,Volkswagen Group,Tyskland,El,Nul-emission,Personbil
Volkswagen ID.3,364,2024,M10,1011.0,Volkswagen,Volkswagen Group,Tyskland,El,Nul-emission,Personbil
Volkswagen ID.7,353,2024,M10,1017.0,Volkswagen,Volkswagen Group,Tyskland,El,Nul-emission,Personbil
Peugeot 208,108,2024,M10,1024.0,Peugeot,Stellantis,Europæisk (Multinational),Benzin,Fossil,Personbil
Volkswagen T-Roc,114,2024,M10,1080.0,Volkswagen,Volkswagen Group,Tyskland,Benzin,Fossil,SUV/Crossover
Mercedes-Benz EQB,142,2024,M10,1027.0,Mercedes-Benz,Mercedes-Benz Group,Tyskland,El,Nul-emission,Personbil
Mercedes-Benz CLA,41,2024,M10,1022.0,Mercedes-Benz,Mercedes-Benz Group,Tyskland,Benzin,Fossil,Personbil
Citroen C3 Aircross,33,2024,M10,1014.0,Citroen,Stellantis,Europæisk (Multinational),Benzin,Fossil,SUV/Crossover
Xpeng G6,323,2024,M10,1015.0,Xpeng,XPeng,Kina,El,Nul-emission,Personbil
BMW iX1,99,2024,M10,1009.0,BMW,BMW Group,Tyskland,El,Nul-emission,SUV/Crossover
Mercedes-Benz EQA,280,2024,M10,1026.0,Mercedes-Benz,Mercedes-Benz Group,Tyskland,El,Nul-emission,Personbil
Cupra Tavascan,57,2024,M10,1065.0,Cupra,Volkswagen Group,Tyskland,Benzin,Fossil,Personbil
Renault Captur,56,2024,M10,1266.0,Renault,Renault Group,Frankrig,Benzin,Fossil,Personbil
Cupra Formentor,112,2024,M10,1062.0,Cupra,Volkswagen Group,Tyskland,Benzin,Fossil,Personbil
Volvo EX40,250,2024,M10,1018.0,Volvo,Geely (Lynk & Co),Kina,Benzin,Fossil,SUV/Crossover
Audi A3,193,2024,M10,1064.0,Audi,Volkswagen Group,Tyskland,Benzin,Fossil,Personbil
Nissan Qashqai,276,2024,M10,1035.0,Nissan,Nissan Motor Co.,Japan,Benzin,Fossil,SUV/Crossover
Audi A5,7,2024,M10,1115.0,Audi,Volkswagen Group,Tyskland,Benzin,Fossil,Personbil
Hyundai Ioniq 6,41,2024,M10,1133.0,Hyundai,Hyundai Motor Group,Sydkorea,El,Nul-emission,Personbil
Audi Q5,18,2024,M10,1137.0,Audi,Volkswagen Group,Tyskland,Benzin,Fossil,SUV/Crossover
Toyota Aygo X,73,2024,M10,1042.0,Toyota,Toyota Motor Corporation,Japan,Benzin,Fossil,Personbil
Peugeot 3008,152,2024,M10,1036.0,Peugeot,Stellantis,Europæisk (Multinational),Benzin,Fossil,Personbil
Toyota Yaris Cross,185,2024,M10,1020.0,Toyota,Toyota Motor Corporation,Japan,Benzin,Fossil,SUV/Crossover
Suzuki Swift,143,2024,M10,1034.0,Suzuki,Suzuki Motor Corporation,Japan,Benzin,Fossil,Personbil
Toyota Yaris,167,2024,M10,1057.0,Toyota,Toyota Motor Corporation,Japan,Hybrid,Lav-emission,Personbil
Ford Explorer,604,2024,M10,1023.0,Ford,Ford Motor Company,USA,Benzin,Fossil,Personbil
Renault Scenic,111,2024,M10,1021.0,Renault,Renault Group,Frankrig,Benzin,Fossil,Personbil
Kia EV3,19,2024,M10,1033.0,Kia,Hyundai Motor Group,Sydkorea,Benzin,Fossil,Personbil
Volkswagen ID.5,104,2024,M10,1053.0,Volkswagen,Volkswagen Group,Tyskland,El,Nul-emission,Personbil
MG ZS,5,2024,M10,1040.0,MG,SAIC Motor (MG),Kina,Benzin,Fossil,Personbil
Audi Q6 e-tron,222,2024,M10,1160.0,Audi,Volkswagen Group,Tyskland,El,Nul-emission,SUV/Crossover
BMW i4,67,2024,M10,1045.0,BMW,BMW Group,Tyskland,El,Nul-emission,Personbil
Ford Puma,11,2024,M10,1054.0,Ford,Ford Motor Company,USA,Benzin,Fossil,Personbil
Hyundai Ioniq 5,99,2024,M10,1050.0,Hyundai,Hyundai Motor Group,Sydkorea,El,Nul-emission,Personbil
BMW i5,134,2024,M10,1049.0,BMW,BMW Group,Tyskland,El,Nul-emission,Personbil
BMW X1,71,2024,M10,1013.0,BMW,BMW Group,Tyskland,Benzin,Fossil,SUV/Crossover
Hyundai Kona,108,2024,M10,1043.0,Hyundai,Hyundai Motor Group,Sydkorea,Benzin,Fossil,SUV/Crossover
Cupra Born,175,2024,M10,1007.0,Cupra,Volkswagen Group,Tyskland,El,Nul-emission,Personbil
Peugeot 5008,97,2024,M10,1039.0,Peugeot,Stellantis,Europæisk (Multinational),Benzin,Fossil,Personbil
Renault Megane E-Tech,66,2024,M10,1041.0,Renault,Renault Group,Frankrig,El,Nul-emission,Personbil
Peugeot 2008,114,2024,M10,1030.0,Peugeot,Stellantis,Europæisk (Multinational),Benzin,Fossil,Personbil
Tesla Model Y,525,2024,M10,1002.0,Tesla,"Tesla, Inc.",USA,El,Nul-emission,Personbil
Citroen C3,107,2024,M10,1012.0,Citroen,Stellantis,Europæisk (Multinational),Benzin,Fossil,Personbil
Mercedes-Benz GLC,29,2024,M10,1076.0,Mercedes-Benz,Mercedes-Benz Group,Tyskland,Benzin,Fossil,Personbil
Toyota Corolla Cross,140,2024,M10,1124.0,Toyota,Toyota Motor Corporation,Japan,Benzin,Fossil,SUV/Crossover
Cupra Leon,19,2024,M10,1100.0,Cupra,Volkswagen Group,Tyskland,Benzin,Fossil,Personbil
BMW 3'er,259,2024,M10,1051.0,BMW,BMW Group,Tyskland,Benzin,Fossil,Personbil
Polestar 4,85,2024,M10,1048.0,Polestar,Geely (Lynk & Co),Kina,El,Nul-emission,Personbil
Xpeng G9,73,2024,M10,1068.0,Xpeng,XPeng,Kina,El,Nul-emission,Personbil
Audi Q2,243,2024,M10,1071.0,Audi,Volkswagen Group,Tyskland,Benzin,Fossil,SUV/Crossover
Nissan Ariya,154,2024,M10,1070.0,Nissan,Nissan Motor Co.,Japan,Benzin,Fossil,Personbil
Skoda Kodiaq,18,2024,M10,1047.0,Skoda,Volkswagen Group,Tyskland,Benzin,Fossil,SUV/Crossover
Kia EV6,87,2024,M10,1069.0,Kia,Hyundai Motor Group,Sydkorea,Benzin,Fossil,Personbil
Dacia Sandero,15,2024,M10,1231.0,Dacia,Renault Group,Frankrig,Benzin,Fossil,Personbil
Volkswagen Passat,27,2024,M10,1125.0,Volkswagen,Volkswagen Group,Tyskland,Benzin,Fossil,Personbil
Renault Austral,30,2024,M10,1025.0,Renault,Renault Group,Frankrig,Benzin,Fossil,Personbil
Polestar 2,60,2024,M10,1097.0,Polestar,Geely (Lynk & Co),Kina,El,Nul-emission,Personbil
MG 4,79,2024,M10,1037.0,MG,SAIC Motor (MG),Kina,Benzin,Fossil,Personbil
Audi A6,4,2024,M10,1159.0,Audi,Volkswagen Group,Tyskland,Benzin,Fossil,Personbil
Volkswagen Tiguan,50,2024,M10,1145.0,Volkswagen,Volkswagen Group,Tyskland,Benzin,Fossil,SUV/Crossover
Volvo EX30,213,2024,M10,1056.0,Volvo,Geely (Lynk & Co),Kina,Benzin,Fossil,SUV/Crossover
Ford Kuga,65,2024,M10,1060.0,Ford,Ford Motor Company,USA,Hybrid,Lav-emission,Personbil
Mercedes-Benz GLA,44,2024,M10,1090.0,Mercedes-Benz,Mercedes-Benz Group,Tyskland,Benzin,Fossil,Personbil
Mercedes-Benz EQE,55,2024,M10,1074.0,Mercedes-Benz,Mercedes-Benz Group,Tyskland,El,Nul-emission,Personbil
Skoda Octavia,132,2024,M10,1157.0,Skoda,Volkswagen Group,Tyskland,Benzin,Fossil,Personbil
BMW 5'er,24,2024,M10,1063.0,BMW,BMW Group,Tyskland,Benzin,Fossil,Personbil
Mercedes-Benz C-Klasse,117,2024,M10,1098.0,Mercedes-Benz,Mercedes-Benz Group,Tyskland,Benzin,Fossil,Personbil
Mercedes-Benz EQE SUV,70,2024,M10,1110.0,Mercedes-Benz,Mercedes-Benz Group,Tyskland,El,Nul-emission,SUV/Crossover
Ford Capri,19,2024,M10,1052.0,Ford,Ford Motor Company,USA,Benzin,Fossil,Personbil
BMW iX,17,2024,M10,1089.0,BMW,BMW Group,Tyskland,El,Nul-emission,Personbil
Mercedes-Benz GLB,87,2024,M10,1088.0,Mercedes-Benz,Mercedes-Benz Group,Tyskland,Benzin,Fossil,Personbil
Porsche Macan,113,2024,M10,1119.0,Porsche,Volkswagen Group,Tyskland,Benzin,Fossil,SUV/Crossover
BMW iX2,41,2024,M10,1087.0,BMW,BMW Group,Tyskland,El,Nul-emission,SUV/Crossover
Volkswagen Touran,11,2024,M10,1182.0,Volkswagen,Volkswagen Group,Tyskland,Benzin,Fossil,Personbil
BMW 1'er,63,2024,M10,1067.0,BMW,BMW Group,Tyskland,Benzin,Fossil,Personbil
Mercedes-Benz A-Klasse,91,2024,M10,1123.0,Mercedes-Benz,Mercedes-Benz Group,Tyskland,Benzin,Fossil,Personbil
Suzuki Vitara,22,2024,M10,1029.0,Suzuki,Suzuki Motor Corporation,Japan,Benzin,Fossil,SUV/Crossover
Toyota bZ4X,150,2024,M10,1000.0,Toyota,Toyota Motor Corporation,Japan,El,Nul-emission,Personbil
Toyota RAV4,69,2024,M10,1273.0,Toyota,Toyota Motor Corporation,Japan,Hybrid,Lav-emission,SUV/Crossover
Skoda Scala,33,2024,M10,1130.0,Skoda,Volkswagen Group,Tyskland,Benzin,Fossil,Personbil
Skoda Kamiq,112,2024,M10,1112.0,Skoda,Volkswagen Group,Tyskland,Benzin,Fossil,SUV/Crossover
Skoda Karoq,105,2024,M10,1094.0,Skoda,Volkswagen Group,Tyskland,Benzin,Fossil,SUV/Crossover
Mini 3-dørs,42,2024,M10,1083.0,Mini,BMW Group,Tyskland,Benzin,Fossil,Personbil
Volkswagen Polo,105,2024,M10,1140.0,Volkswagen,Volkswagen Group,Tyskland,Benzin,Fossil,Personbil
Ford Transit,13,2024,M10,1091.0,Ford,Ford Motor Company,USA,Benzin,Fossil,Varebil/MPV
Volvo EX90,2,2024,M10,1081.0,Volvo,Geely (Lynk & Co),Kina,Benzin,Fossil,Personbil
Skoda Superb,4,2024,M10,1139.0,Skoda,Volkswagen Group,Tyskland,Benzin,Fossil,Personbil
Seat Ibiza,112,2024,M10,1073.0,Seat,Volkswagen Group,Tyskland,Benzin,Fossil,Personbil
BMW 4'er,6,2024,M10,1185.0,BMW,BMW Group,Tyskland,Benzin,Fossil,Personbil
Volvo EC40,38,2024,M10,1093.0,Volvo,Geely (Lynk & Co),Kina,Benzin,Fossil,Personbil
Mazda CX-60,34,2024,M10,1255.0,Mazda,Mazda Motor Corporation,Japan,Benzin,Fossil,SUV/Crossover
BYD Dolphin,191,2024,M10,1187.0,BYD,BYD Auto,Kina,Benzin,Fossil,Personbil
Renault Clio,225,2024,M10,1111.0,Renault,Renault Group,Frankrig,Benzin,Fossil,Personbil
BYD Seal,40,2024,M10,1107.0,BYD,BYD Auto,Kina,Benzin,Fossil,Personbil
Suzuki SX4,17,2024,M10,1131.0,Suzuki,Suzuki Motor Corporation,Japan,Benzin,Fossil,SUV/Crossover
Volkswagen T-Cross,54,2024,M10,1181.0,Volkswagen,Volkswagen Group,Tyskland,Benzin,Fossil,SUV/Crossover
BYD Tang,1,2024,M10,1126.0,BYD,BYD Auto,Kina,Benzin,Fossil,Personbil
Mercedes-Benz E-Klasse,30,2024,M10,1128.0,Mercedes-Benz,Mercedes-Benz Group,Tyskland,Benzin,Fossil,Personbil
BYD Atto 3,8,2024,M10,1161.0,BYD,BYD Auto,Kina,Benzin,Fossil,Personbil
Honda e:Ny1,24,2024,M10,1086.0,Honda,Honda Motor Co.,Japan,El,Nul-emission,Personbil
Honda Jazz,4,2024,M10,1150.0,Honda,Honda Motor Co.,Japan,Benzin,Fossil,Personbil
Mazda 2,68,2024,M10,1153.0,Mazda,Mazda Motor Corporation,Japan,Benzin,Fossil,Personbil
Mini Aceman,2,2024,M10,1079.0,Mini,BMW Group,Tyskland,El,Nul-emission,Personbil
Lexus NX,7,2024,M10,1252.0,Lexus,Toyota Motor Corporation,Japan,Hybrid,Lav-emission,Personbil
BYD Seal U,48,2024,M10,1104.0,BYD,BYD Auto,Kina,Benzin,Fossil,Personbil
Honda CR-V,5,2024,M10,1127.0,Honda,Honda Motor Co.,Japan,Hybrid,Lav-emission,Personbil
KGM Torres EVX,7,2024,M10,1108.0,KGM,KG Mobility (tidl. SsangYong),Sydkorea,El,Nul-emission,SUV/Crossover
Lexus RZ,4,2024,M10,1075.0,Lexus,Toyota Motor Corporation,Japan,Benzin,Fossil,Personbil
Mercedes-Benz Sprinter,21,2024,M10,1134.0,Mercedes-Benz,Mercedes-Benz Group,Tyskland,Benzin,Fossil,Varebil/MPV
Mini Countryman,38,2024,M10,1102.0,Mini,BMW Group,Tyskland,Benzin,Fossil,Personbil
Ford Tourneo Custom,76,2024,M10,1082.0,Ford,Ford Motor Company,USA,Benzin,Fossil,Varebil/MPV
Skoda Fabia,63,2024,M10,1211.0,Skoda,Volkswagen Group,Tyskland,Benzin,Fossil,Personbil
Ford Transit Custom,25,2024,M10,1192.0,Ford,Ford Motor Company,USA,Benzin,Fossil,Varebil/MPV
Kia Niro,79,2024,M10,1244.0,Kia,Hyundai Motor Group,Sydkorea,Benzin,Fossil,Personbil
Mercedes-Benz G-Klasse,4,2024,M10,1170.0,Mercedes-Benz,Mercedes-Benz Group,Tyskland,Benzin,Fossil,Personbil
Mercedes-Benz GLE,8,2024,M10,1144.0,Mercedes-Benz,Mercedes-Benz Group,Tyskland,Benzin,Fossil,Personbil
Opel Zafira,9,2024,M10,1205.0,Opel,Stellantis,Europæisk (Multinational),Benzin,Fossil,Varebil/MPV
Ford Mustang Mach-E,57,2024,M10,1147.0,Ford,Ford Motor Company,USA,Benzin,Fossil,Personbil
Lexus LBX,3,2024,M10,1165.0,Lexus,Toyota Motor Corporation,Japan,Benzin,Fossil,Personbil
Mercedes-Benz Vito Tourer,15,2024,M10,1092.0,Mercedes-Benz,Mercedes-Benz Group,Tyskland,Benzin,Fossil,Varebil/MPV
Tesla Model 3,195,2024,M10,1179.0,Tesla,"Tesla, Inc.",USA,El,Nul-emission,Personbil
Mercedes-Benz EQV,6,2024,M10,1155.0,Mercedes-Benz,Mercedes-Benz Group,Tyskland,El,Nul-emission,Personbil
MG 3,1,2024,M10,1172.0,MG,SAIC Motor (MG),Kina,Benzin,Fossil,Personbil
Land Rover Range Rover Sport,4,2024,M10,1196.0,Land Rover,Jaguar Land Rover (Tata Motors),Indien,Benzin,Fossil,SUV/Crossover
Opel Mokka,17,2024,M10,1261.0,Opel,Stellantis,Europæisk (Multinational),Benzin,Fossil,Personbil
Skoda Kodiaq iV,15,2024,M10,1267.0,Skoda,Volkswagen Group,Tyskland,Hybrid,Lav-emission,SUV/Crossover
Subaru Solterra,1,2024,M10,1113.0,Subaru,Subaru Corporation,Japan,Benzin,Fossil,Personbil
Volkswagen Crafter,2,2024,M10,1218.0,Volkswagen,Volkswagen Group,Tyskland,Benzin,Fossil,Varebil/MPV
MG Cyberster,1,2024,M10,1173.0,MG,SAIC Motor (MG),Kina,Benzin,Fossil,Personbil
Peugeot 308,5,2024,M10,1206.0,Peugeot,Stellantis,Europæisk (Multinational),Benzin,Fossil,Personbil
Porsche Taycan,6,2024,M10,1175.0,Porsche,Volkswagen Group,Tyskland,El,Nul-emission,Personbil
Land Rover Range Rover,2,2024,M10,1283.0,Land Rover,Jaguar Land Rover (Tata Motors),Indien,Benzin,Fossil,SUV/Crossover
Nissan Juke,29,2024,M10,1103.0,Nissan,Nissan Motor Co.,Japan,Benzin,Fossil,SUV/Crossover
Polestar 3,8,2024,M10,1263.0,Polestar,Geely (Lynk & Co),Kina,El,Nul-emission,Personbil
Porsche 911,1,2024,M10,1264.0,Porsche,Volkswagen Group,Tyskland,Benzin,Fossil,Personbil
Porsche Cayenne,6,2024,M10,1208.0,Porsche,Volkswagen Group,Tyskland,Benzin,Fossil,SUV/Crossover
Volkswagen Golf,7,2024,M10,1219.0,Volkswagen,Volkswagen Group,Tyskland,Benzin,Fossil,Personbil
Kia EV9,7,2024,M10,1058.0,Kia,Hyundai Motor Group,Sydkorea,Benzin,Fossil,Personbil
Maserati Grecale,2,2024,M10,1152.0,Maserati,Stellantis,Europæisk (Multinational),Benzin,Fossil,Personbil
Mazda 3,7,2024,M10,1154.0,Mazda,Mazda Motor Corporation,Japan,Benzin,Fossil,Personbil
Mazda CX-30,12,2024,M10,1084.0,Mazda,Mazda Motor Corporation,Japan,Benzin,Fossil,SUV/Crossover
Mercedes-Benz CLE,2,2024,M10,1257.0,Mercedes-Benz,Mercedes-Benz Group,Tyskland,Benzin,Fossil,Personbil
Renault Trafic,1,2024,M10,1176.0,Renault,Renault Group,Frankrig,Benzin,Fossil,Varebil/MPV
Volkswagen Caravelle,3,2024,M10,1217.0,Volkswagen,Volkswagen Group,Tyskland,Benzin,Fossil,Varebil/MPV
Audi e-tron GT,1,2024,M10,1284.0,Audi,Volkswagen Group,Tyskland,El,Nul-emission,Personbil
Audi Q7,2,2024,M10,1293.0,Audi,Volkswagen Group,Tyskland,Benzin,Fossil,SUV/Crossover
Bach YM2000DP,2,2024,M10,1294.0,Bach,Bach,Danmark,El,Nul-emission,Kabinescooter
BMW X5,9,2024,M10,1186.0,BMW,BMW Group,Tyskland,Benzin,Fossil,SUV/Crossover
Dacia Jogger,10,2024,M10,1230.0,Dacia,Renault Group,Frankrig,Benzin,Fossil,Personbil
Fisker Ocean,9,2024,M10,1233.0,Fisker,Fisker Inc.,USA,El,Nul-emission,Personbil
Ford Focus,10,2024,M10,1162.0,Ford,Ford Motor Company,USA,Benzin,Fossil,Personbil
Honda HR-V,37,2024,M10,1149.0,Honda,Honda Motor Co.,Japan,Benzin,Fossil,Personbil
Jeep Avenger,3,2024,M10,1242.0,Jeep,Stellantis,Europæisk (Multinational),Benzin,Fossil,SUV/Crossover
MAN TGE,3,2024,M10,1197.0,MAN,TRATON (Volkswagen Group),Tyskland,Benzin,Fossil,Varebil/MPV
Mazda MX-5,1,2024,M10,1346.0,Mazda,Mazda Motor Corporation,Japan,Benzin,Fossil,Personbil
Mercedes-Benz V-Klasse,5,2024,M10,1171.0,Mercedes-Benz,Mercedes-Benz Group,Tyskland,Benzin,Fossil,Personbil
Opel Corsa,120,2024,M10,1259.0,Opel,Stellantis,Europæisk (Multinational),Benzin,Fossil,Personbil
Porsche Panamera,1,2024,M10,1265.0,Porsche,Volkswagen Group,Tyskland,Benzin,Fossil,Personbil
Seat Arona,12,2024,M10,1177.0,Seat,Volkswagen Group,Tyskland,Benzin,Fossil,Personbil
Seat Leon,1,2024,M10,1210.0,Seat,Volkswagen Group,Tyskland,Benzin,Fossil,Personbil
Toyota Corolla,23,2024,M10,1180.0,Toyota,Toyota Motor Corporation,Japan,Hybrid,Lav-emission,Personbil
Volkswagen Caddy,7,2024,M10,1216.0,Volkswagen,Volkswagen Group,Tyskland,Benzin,Fossil,Varebil/MPV
Volkswagen Multivan,3,2024,M10,1274.0,Volkswagen,Volkswagen Group,Tyskland,Benzin,Fossil,Varebil/MPV
Xpeng P7,16,2024,M10,1279.0,Xpeng,XPeng,Kina,El,Nul-emission,Personbil
Audi Q8,1,2024,M10,1281.0,Audi,Volkswagen Group,Tyskland,Benzin,Fossil,SUV/Crossover
BMW 2'er,3,2024,M10,1223.0,BMW,BMW Group,Tyskland,Benzin,Fossil,Personbil
BMW i7,3,2024,M10,1146.0,BMW,BMW Group,Tyskland,El,Nul-emission,Personbil
BMW i7,3,2024,M10,,BMW,BMW Group,Tyskland,El,Nul-emission,Personbil
BMW iX3,69,2024,M10,1224.0,BMW,BMW Group,Tyskland,El,Nul-emission,SUV/Crossover
Honda Civic,3,2024,M10,1163.0,Honda,Honda Motor Co.,Japan,Hybrid,Lav-emission,Personbil
Lotus Eletre,4,2024,M10,1254.0,Lotus,Geely (Lynk & Co),Kina,Benzin,Fossil,Personbil
Lotus Emeya,1,2024,M10,1339.0,Lotus,Geely (Lynk & Co),Kina,Benzin,Fossil,Personbil
Mazda CX-80,4,2024,M10,1168.0,Mazda,Mazda Motor Corporation,Japan,Benzin,Fossil,SUV/Crossover
Mazda MX-30,34,2024,M10,1199.0,Mazda,Mazda Motor Corporation,Japan,Benzin,Fossil,Personbil
Mercedes-Benz S-Klasse,2,2024,M10,1201.0,Mercedes-Benz,Mercedes-Benz Group,Tyskland,Benzin,Fossil,Personbil
MG HS,3,2024,M10,1109.0,MG,SAIC Motor (MG),Kina,Benzin,Fossil,Personbil
Nio ET5,1,2024,M10,1354.0,Nio,NIO,Kina,El,Nul-emission,Personbil
Opel Astra,6,2024,M10,1258.0,Opel,Stellantis,Europæisk (Multinational),Benzin,Fossil,Personbil
Skoda Superb iV,5,2024,M10,1289.0,Skoda,Volkswagen Group,Tyskland,Hybrid,Lav-emission,Personbil
Volvo XC40,4,2024,M10,1331.0,Volvo,Geely (Lynk & Co),Kina,Benzin,Fossil,Personbil
Yunlong JJ2000DBP,4,2024,M10,1277.0,Yunlong,MG,Kina,Benzin,Fossil,Personbil
Audi A1,5,2024,M10,1292.0,Audi,Volkswagen Group,Tyskland,Benzin,Fossil,Personbil
Audi A4,1,2024,M10,1356.0,Audi,Volkswagen Group,Tyskland,Benzin,Fossil,Personbil
Audi Q3,27,2024,M10,1099.0,Audi,Volkswagen Group,Tyskland,Benzin,Fossil,SUV/Crossover
Audi Q8 e-tron,4,2024,M10,1357.0,Audi,Volkswagen Group,Tyskland,El,Nul-emission,SUV/Crossover
BAW Pony,4,2024,M10,1358.0,BAW,BAW,Ukendt,Benzin,Fossil,Personbil
BMW X4,35,2024,M10,1296.0,BMW,BMW Group,Tyskland,Benzin,Fossil,SUV/Crossover
Citroen C4,5,2024,M10,1227.0,Citroen,Stellantis,Europæisk (Multinational),Benzin,Fossil,Personbil
Citroen C5 Aircross,2,2024,M10,1032.0,Citroen,Stellantis,Europæisk (Multinational),Benzin,Fossil,SUV/Crossover
Cupra Ateca,2,2024,M10,1298.0,Cupra,Volkswagen Group,Tyskland,Benzin,Fossil,Personbil
DS 4,10,2024,M10,1299.0,DS,Stellantis,Europæisk (Multinational),Benzin,Fossil,Personbil
DS 7 Crossback,19,2024,M10,1300.0,DS,Stellantis,Europæisk (Multinational),Benzin,Fossil,SUV/Crossover
Ferrari Purosangue,2,2024,M10,1190.0,Ferrari,Ferrari,Italien,Benzin,Fossil,Personbil
Fiat 500,92,2024,M10,1232.0,Fiat,Stellantis,Europæisk (Multinational),Benzin,Fossil,Personbil
Ford Tourneo Connect,1,2024,M10,1234.0,Ford,Ford Motor Company,USA,Benzin,Fossil,Varebil/MPV
Garia SuperSport,11,2024,M10,1359.0,Garia,Garia,Danmark,Benzin,Fossil,Personbil
HDK NRG Car,1,2024,M10,1360.0,HDK,HDK Automotive,Kina,El,Nul-emission,ATV/UTV/Andet
Hongqi E-HS9,15,2024,M10,1236.0,Hongqi,FAW (Hongqi),Kina,El,Nul-emission,Personbil
Hyundai I10,42,2024,M10,1237.0,Hyundai,Hyundai Motor Group,Sydkorea,Benzin,Fossil,Personbil
Hyundai I20,30,2024,M10,1238.0,Hyundai,Hyundai Motor Group,Sydkorea,Benzin,Fossil,Personbil
Hyundai I30,13,2024,M10,1239.0,Hyundai,Hyundai Motor Group,Sydkorea,Benzin,Fossil,Personbil
Hyundai Santa Fe,5,2024,M10,1240.0,Hyundai,Hyundai Motor Group,Sydkorea,Benzin,Fossil,SUV/Crossover
Hyundai Tucson,28,2024,M10,1241.0,Hyundai,Hyundai Motor Group,Sydkorea,Benzin,Fossil,SUV/Crossover
Kia Ceed,70,2024,M10,1243.0,Kia,Hyundai Motor Group,Sydkorea,Benzin,Fossil,Personbil
Kia Picanto,17,2024,M10,1245.0,Kia,Hyundai Motor Group,Sydkorea,Benzin,Fossil,Personbil
Kia Sorento,2,2024,M10,1246.0,Kia,Hyundai Motor Group,Sydkorea,Benzin,Fossil,SUV/Crossover
Kia Sportage,8,2024,M10,1247.0,Kia,Hyundai Motor Group,Sydkorea,Benzin,Fossil,SUV/Crossover
Kia Stonic,13,2024,M10,1248.0,Kia,Hyundai Motor Group,Sydkorea,Benzin,Fossil,Personbil
Kia XCeed,10,2024,M10,1249.0,Kia,Hyundai Motor Group,Sydkorea,Benzin,Fossil,Personbil
Mazda CX-5,13,2024,M10,1311.0,Mazda,Mazda Motor Corporation,Japan,Benzin,Fossil,SUV/Crossover
Mercedes-Benz AMG GT,1,2024,M10,1312.0,Mercedes-Benz,Mercedes-Benz Group,Tyskland,Benzin,Fossil,Personbil
Mercedes-Benz Citan,3,2024,M10,1313.0,Mercedes-Benz,Mercedes-Benz Group,Tyskland,Benzin,Fossil,Varebil/MPV
Mercedes-Benz EQS,1,2024,M10,1169.0,Mercedes-Benz,Mercedes-Benz Group,Tyskland,El,Nul-emission,Personbil
MG EHS,8,2024,M10,1316.0,MG,SAIC Motor (MG),Kina,Benzin,Fossil,Personbil
MG Marvel R,6,2024,M10,1347.0,MG,SAIC Motor (MG),Kina,Benzin,Fossil,Personbil
Mini 5-dørs,3,2024,M10,1317.0,Mini,BMW Group,Tyskland,Benzin,Fossil,Personbil
Mitsubishi Eclipse Cross,3,2024,M10,1361.0,Mitsubishi,Mitsubishi Motors,Japan,Benzin,Fossil,SUV/Crossover
Nilsson Hearse,1,2024,M10,1202.0,Nilsson Hearse,Nilsson Hearse,Sverige,Benzin,Fossil,Varebil/MPV
Nio EL6,1,2024,M10,1362.0,Nio,NIO,Kina,El,Nul-emission,Personbil
Nissan Leaf,3,2024,M10,1318.0,Nissan,Nissan Motor Co.,Japan,Benzin,Fossil,Personbil
Nissan X-Trail,23,2024,M10,1204.0,Nissan,Nissan Motor Co.,Japan,Hybrid,Lav-emission,Personbil
Opel Crossland,6,2024,M10,1260.0,Opel,Stellantis,Europæisk (Multinational),Benzin,Fossil,SUV/Crossover
Peugeot Expert,4,2024,M10,1363.0,Peugeot,Stellantis,Europæisk (Multinational),Benzin,Fossil,Varebil/MPV
Peugeot Rifter,1,2024,M10,1262.0,Peugeot,Stellantis,Europæisk (Multinational),Benzin,Fossil,Personbil
Peugeot Traveller,1,2024,M10,1321.0,Peugeot,Stellantis,Europæisk (Multinational),Benzin,Fossil,Varebil/MPV
Porsche Boxster,1,2024,M10,1349.0,Porsche,Volkswagen Group,Tyskland,Benzin,Fossil,Personbil
Suzuki Ignis,47,2024,M10,1268.0,Suzuki,Suzuki Motor Corporation,Japan,Benzin,Fossil,Personbil
Suzuki S-Cross,4,2024,M10,1269.0,Suzuki,Suzuki Motor Corporation,Japan,Benzin,Fossil,SUV/Crossover
Suzuki Swace,2,2024,M10,1270.0,Suzuki,Suzuki Motor Corporation,Japan,Benzin,Fossil,Personbil
Tesla Model X,1,2024,M10,1214.0,Tesla,"Tesla, Inc.",USA,El,Nul-emission,Personbil
Toyota C-HR,97,2024,M10,1271.0,Toyota,Toyota Motor Corporation,Japan,Hybrid,Lav-emission,Personbil
Toyota Land Cruiser,4,2024,M10,1272.0,Toyota,Toyota Motor Corporation,Japan,Benzin,Fossil,SUV/Crossover
Toyota Prius,3,2024,M10,1326.0,Toyota,Toyota Motor Corporation,Japan,Hybrid,Lav-emission,Personbil
Toyota Proace City Verso,3,2024,M10,1327.0,Toyota,Toyota Motor Corporation,Japan,Benzin,Fossil,Varebil/MPV
Toyota Proace Verso,11,2024,M10,1135.0,Toyota,Toyota Motor Corporation,Japan,Benzin,Fossil,Varebil/MPV
Toyota Sienna,1,2024,M10,1364.0,Toyota,Toyota Motor Corporation,Japan,Benzin,Fossil,Varebil/MPV
Volvo C40,12,2024,M10,1329.0,Volvo,Geely (Lynk & Co),Kina,Benzin,Fossil,Personbil
Volvo S60,1,2024,M10,1365.0,Volvo,Geely (Lynk & Co),Kina,Benzin,Fossil,Personbil
Volvo V60,22,2024,M10,1330.0,Volvo,Geely (Lynk & Co),Kina,Benzin,Fossil,Personbil
Volvo V90,6,2024,M10,1220.0,Volvo,Geely (Lynk & Co),Kina,Benzin,Fossil,Personbil
Volvo XC60,37,2024,M10,1275.0,Volvo,Geely (Lynk & Co),Kina,Benzin,Fossil,Personbil
Volvo XC90,1,2024,M10,1276.0,Volvo,Geely (Lynk & Co),Kina,Benzin,Fossil,Personbil
Voyah Free,2,2024,M10,1332.0,Voyah,Dongfeng (Voyah),Kina,El,Nul-emission,Personbil
Xingyun UTV,1,2024,M10,1333.0,Xingyun,Shandong Xingyun,Kina,El,Nul-emission,ATV/UTV/Andet
Tesla Model Y,1955,2025,M09,1002.0,Tesla,"Tesla, Inc.",USA,El,Nul-emission,Personbil
Skoda Elroq,1113,2025,M09,1001.0,Skoda,Volkswagen Group,Tyskland,El,Nul-emission,Personbil
Skoda Enyaq iV,822,2025,M09,1006.0,Skoda,Volkswagen Group,Tyskland,El,Nul-emission,Personbil
Volkswagen ID.4,749,2025,M09,1005.0,Volkswagen,Volkswagen Group,Tyskland,El,Nul-emission,Personbil
Renault R5,534,2025,M09,1008.0,Renault,Renault Group,Frankrig,Benzin,Fossil,Personbil
BMW iX1,438,2025,M09,1009.0,BMW,BMW Group,Tyskland,El,Nul-emission,SUV/Crossover
Volkswagen ID. Buzz,429,2025,M09,1010.0,Volkswagen,Volkswagen Group,Tyskland,El,Nul-emission,Personbil
Volkswagen ID.3,395,2025,M09,1011.0,Volkswagen,Volkswagen Group,Tyskland,El,Nul-emission,Personbil
Renault Scenic,347,2025,M09,1021.0,Renault,Renault Group,Frankrig,Benzin,Fossil,Personbil
Audi A5,314,2025,M09,1115.0,Audi,Volkswagen Group,Tyskland,Benzin,Fossil,Personbil
Mercedes-Benz EQA,307,2025,M09,1026.0,Mercedes-Benz,Mercedes-Benz Group,Tyskland,El,Nul-emission,Personbil
Tesla Model 3,277,2025,M09,1179.0,Tesla,"Tesla, Inc.",USA,El,Nul-emission,Personbil
Cupra Tavascan,255,2025,M09,1065.0,Cupra,Volkswagen Group,Tyskland,Benzin,Fossil,Personbil
Audi Q4 e-tron,249,2025,M09,1003.0,Audi,Volkswagen Group,Tyskland,El,Nul-emission,SUV/Crossover
Toyota Aygo X,243,2025,M09,1042.0,Toyota,Toyota Motor Corporation,Japan,Benzin,Fossil,Personbil
Mercedes-Benz CLA,225,2025,M09,1022.0,Mercedes-Benz,Mercedes-Benz Group,Tyskland,Benzin,Fossil,Personbil
Volkswagen ID.7,225,2025,M09,1017.0,Volkswagen,Volkswagen Group,Tyskland,El,Nul-emission,Personbil
Cupra Born,222,2025,M09,1007.0,Cupra,Volkswagen Group,Tyskland,El,Nul-emission,Personbil
Cupra Leon,212,2025,M09,1100.0,Cupra,Volkswagen Group,Tyskland,Benzin,Fossil,Personbil
Volkswagen T-Roc,193,2025,M09,1080.0,Volkswagen,Volkswagen Group,Tyskland,Benzin,Fossil,SUV/Crossover
Suzuki Swift,181,2025,M09,1034.0,Suzuki,Suzuki Motor Corporation,Japan,Benzin,Fossil,Personbil
Toyota Yaris,181,2025,M09,1057.0,Toyota,Toyota Motor Corporation,Japan,Hybrid,Lav-emission,Personbil
Volkswagen Passat,167,2025,M09,1125.0,Volkswagen,Volkswagen Group,Tyskland,Benzin,Fossil,Personbil
Cupra Terramar,166,2025,M09,1044.0,Cupra,Volkswagen Group,Tyskland,Benzin,Fossil,Personbil
Kia EV3,166,2025,M09,1033.0,Kia,Hyundai Motor Group,Sydkorea,Benzin,Fossil,Personbil
Nissan Qashqai,166,2025,M09,1035.0,Nissan,Nissan Motor Co.,Japan,Benzin,Fossil,SUV/Crossover
Renault Megane E-Tech,165,2025,M09,1041.0,Renault,Renault Group,Frankrig,El,Nul-emission,Personbil
Nissan Ariya,161,2025,M09,1070.0,Nissan,Nissan Motor Co.,Japan,Benzin,Fossil,Personbil
Peugeot 2008,153,2025,M09,1030.0,Peugeot,Stellantis,Europæisk (Multinational),Benzin,Fossil,Personbil
Audi Q5,152,2025,M09,1137.0,Audi,Volkswagen Group,Tyskland,Benzin,Fossil,SUV/Crossover
Mercedes-Benz EQB,152,2025,M09,1027.0,Mercedes-Benz,Mercedes-Benz Group,Tyskland,El,Nul-emission,Personbil
BMW i5,149,2025,M09,1049.0,BMW,BMW Group,Tyskland,El,Nul-emission,Personbil
Xpeng G6,148,2025,M09,1015.0,Xpeng,XPeng,Kina,El,Nul-emission,Personbil
Volvo EX40,143,2025,M09,1018.0,Volvo,Geely (Lynk & Co),Kina,Benzin,Fossil,SUV/Crossover
BMW 3'er,138,2025,M09,1051.0,BMW,BMW Group,Tyskland,Benzin,Fossil,Personbil
BMW X1,136,2025,M09,1013.0,BMW,BMW Group,Tyskland,Benzin,Fossil,SUV/Crossover
BMW i4,132,2025,M09,1045.0,BMW,BMW Group,Tyskland,El,Nul-emission,Personbil
Mercedes-Benz GLA,129,2025,M09,1090.0,Mercedes-Benz,Mercedes-Benz Group,Tyskland,Benzin,Fossil,Personbil
Ford Explorer,123,2025,M09,1023.0,Ford,Ford Motor Company,USA,Benzin,Fossil,Personbil
Toyota Yaris Cross,118,2025,M09,1020.0,Toyota,Toyota Motor Corporation,Japan,Benzin,Fossil,SUV/Crossover
Audi Q6 e-tron,115,2025,M09,1160.0,Audi,Volkswagen Group,Tyskland,El,Nul-emission,SUV/Crossover
Peugeot 5008,115,2025,M09,1039.0,Peugeot,Stellantis,Europæisk (Multinational),Benzin,Fossil,Personbil
Peugeot 3008,114,2025,M09,1036.0,Peugeot,Stellantis,Europæisk (Multinational),Benzin,Fossil,Personbil
Hyundai Ioniq 5,113,2025,M09,1050.0,Hyundai,Hyundai Motor Group,Sydkorea,El,Nul-emission,Personbil
Citroen C3,109,2025,M09,1012.0,Citroen,Stellantis,Europæisk (Multinational),Benzin,Fossil,Personbil
Mercedes-Benz GLC,109,2025,M09,1076.0,Mercedes-Benz,Mercedes-Benz Group,Tyskland,Benzin,Fossil,Personbil
Hyundai Ioniq 6,107,2025,M09,1133.0,Hyundai,Hyundai Motor Group,Sydkorea,El,Nul-emission,Personbil
Peugeot 208,105,2025,M09,1024.0,Peugeot,Stellantis,Europæisk (Multinational),Benzin,Fossil,Personbil
Volkswagen ID.5,105,2025,M09,1053.0,Volkswagen,Volkswagen Group,Tyskland,El,Nul-emission,Personbil
Zeekr 7X,103,2025,M09,1028.0,Zeekr,Geely (Lynk & Co),Kina,El,Nul-emission,Personbil
Toyota bZ4X,100,2025,M09,1000.0,Toyota,Toyota Motor Corporation,Japan,El,Nul-emission,Personbil
Renault R4,99,2025,M09,1016.0,Renault,Renault Group,Frankrig,Benzin,Fossil,Personbil
Citroen C3 Aircross,98,2025,M09,1014.0,Citroen,Stellantis,Europæisk (Multinational),Benzin,Fossil,SUV/Crossover
Hyundai Inster,98,2025,M09,1061.0,Hyundai,Hyundai Motor Group,Sydkorea,Benzin,Fossil,Personbil
Opel Grandland,97,2025,M09,1072.0,Opel,Stellantis,Europæisk (Multinational),Benzin,Fossil,SUV/Crossover
Audi A3,91,2025,M09,1064.0,Audi,Volkswagen Group,Tyskland,Benzin,Fossil,Personbil
MG ZS,90,2025,M09,1040.0,MG,SAIC Motor (MG),Kina,Benzin,Fossil,Personbil
Kia EV6,87,2025,M09,1069.0,Kia,Hyundai Motor Group,Sydkorea,Benzin,Fossil,Personbil
Ford Puma,85,2025,M09,1054.0,Ford,Ford Motor Company,USA,Benzin,Fossil,Personbil
Navor E5,83,2025,M09,1078.0,Navor,DFSK Motor,Kina,Benzin,Fossil,Personbil
Mercedes-Benz A-Klasse,77,2025,M09,1123.0,Mercedes-Benz,Mercedes-Benz Group,Tyskland,Benzin,Fossil,Personbil
Ford Capri,76,2025,M09,1052.0,Ford,Ford Motor Company,USA,Benzin,Fossil,Personbil
Cupra Formentor,72,2025,M09,1062.0,Cupra,Volkswagen Group,Tyskland,Benzin,Fossil,Personbil
Hyundai Kona,72,2025,M09,1043.0,Hyundai,Hyundai Motor Group,Sydkorea,Benzin,Fossil,SUV/Crossover
Skoda Scala,68,2025,M09,1130.0,Skoda,Volkswagen Group,Tyskland,Benzin,Fossil,Personbil
Mercedes-Benz C-Klasse,67,2025,M09,1098.0,Mercedes-Benz,Mercedes-Benz Group,Tyskland,Benzin,Fossil,Personbil
Skoda Kodiaq,65,2025,M09,1047.0,Skoda,Volkswagen Group,Tyskland,Benzin,Fossil,SUV/Crossover
Polestar 4,64,2025,M09,1048.0,Polestar,Geely (Lynk & Co),Kina,El,Nul-emission,Personbil
MG S5,63,2025,M09,1046.0,MG,SAIC Motor (MG),Kina,Benzin,Fossil,Personbil
Mercedes-Benz EQE,62,2025,M09,1074.0,Mercedes-Benz,Mercedes-Benz Group,Tyskland,El,Nul-emission,Personbil
MG 4,62,2025,M09,1037.0,MG,SAIC Motor (MG),Kina,Benzin,Fossil,Personbil
BYD Sealion 7,61,2025,M09,1096.0,BYD,BYD Auto,Kina,Benzin,Fossil,Personbil
Volkswagen Polo,59,2025,M09,1140.0,Volkswagen,Volkswagen Group,Tyskland,Benzin,Fossil,Personbil
Opel Frontera,57,2025,M09,1077.0,Opel,Stellantis,Europæisk (Multinational),Benzin,Fossil,SUV/Crossover
Polestar 2,56,2025,M09,1097.0,Polestar,Geely (Lynk & Co),Kina,El,Nul-emission,Personbil
Mazda 6e,55,2025,M09,1019.0,Mazda,Mazda Motor Corporation,Japan,Benzin,Fossil,Personbil
Volkswagen Touran,54,2025,M09,1182.0,Volkswagen,Volkswagen Group,Tyskland,Benzin,Fossil,Personbil
Audi A6 e-tron,52,2025,M09,1038.0,Audi,Volkswagen Group,Tyskland,El,Nul-emission,Personbil
Dacia Sandero,52,2025,M09,1231.0,Dacia,Renault Group,Frankrig,Benzin,Fossil,Personbil
Lexus LBX,51,2025,M09,1165.0,Lexus,Toyota Motor Corporation,Japan,Benzin,Fossil,Personbil
Volkswagen Caravelle,51,2025,M09,1217.0,Volkswagen,Volkswagen Group,Tyskland,Benzin,Fossil,Varebil/MPV
BMW 1'er,50,2025,M09,1067.0,BMW,BMW Group,Tyskland,Benzin,Fossil,Personbil
Volkswagen Tiguan,49,2025,M09,1145.0,Volkswagen,Volkswagen Group,Tyskland,Benzin,Fossil,SUV/Crossover
Renault Captur,48,2025,M09,1266.0,Renault,Renault Group,Frankrig,Benzin,Fossil,Personbil
Volvo EX90,48,2025,M09,1081.0,Volvo,Geely (Lynk & Co),Kina,Benzin,Fossil,Personbil
BYD Dolphin Surf,47,2025,M09,1095.0,BYD,BYD Auto,Kina,Benzin,Fossil,Personbil
Mercedes-Benz EQE SUV,47,2025,M09,1110.0,Mercedes-Benz,Mercedes-Benz Group,Tyskland,El,Nul-emission,SUV/Crossover
BMW iX2,46,2025,M09,1087.0,BMW,BMW Group,Tyskland,El,Nul-emission,SUV/Crossover
Skoda Kamiq,46,2025,M09,1112.0,Skoda,Volkswagen Group,Tyskland,Benzin,Fossil,SUV/Crossover
Skoda Octavia,43,2025,M09,1157.0,Skoda,Volkswagen Group,Tyskland,Benzin,Fossil,Personbil
BMW 5'er,42,2025,M09,1063.0,BMW,BMW Group,Tyskland,Benzin,Fossil,Personbil
Mercedes-Benz GLB,42,2025,M09,1088.0,Mercedes-Benz,Mercedes-Benz Group,Tyskland,Benzin,Fossil,Personbil
BMW iX,41,2025,M09,1089.0,BMW,BMW Group,Tyskland,El,Nul-emission,Personbil
BYD Seal U,41,2025,M09,1104.0,BYD,BYD Auto,Kina,Benzin,Fossil,Personbil
Skoda Karoq,39,2025,M09,1094.0,Skoda,Volkswagen Group,Tyskland,Benzin,Fossil,SUV/Crossover
Ford Kuga,35,2025,M09,1060.0,Ford,Ford Motor Company,USA,Hybrid,Lav-emission,Personbil
Hongqi EHS7,35,2025,M09,1138.0,Hongqi,FAW (Hongqi),Kina,El,Nul-emission,Personbil
BMW i7,33,2025,M09,1146.0,BMW,BMW Group,Tyskland,El,Nul-emission,Personbil
BMW i7,33,2025,M09,,BMW,BMW Group,Tyskland,El,Nul-emission,Personbil
Lexus NX,33,2025,M09,1252.0,Lexus,Toyota Motor Corporation,Japan,Hybrid,Lav-emission,Personbil
Volvo EC40,32,2025,M09,1093.0,Volvo,Geely (Lynk & Co),Kina,Benzin,Fossil,Personbil
Porsche Macan,31,2025,M09,1119.0,Porsche,Volkswagen Group,Tyskland,Benzin,Fossil,SUV/Crossover
Hyundai Ioniq 9,30,2025,M09,1118.0,Hyundai,Hyundai Motor Group,Sydkorea,El,Nul-emission,Personbil
Dacia Duster,28,2025,M09,1229.0,Dacia,Renault Group,Frankrig,Benzin,Fossil,Personbil
MG 3,27,2025,M09,1172.0,MG,SAIC Motor (MG),Kina,Benzin,Fossil,Personbil
MAN TGE,25,2025,M09,1197.0,MAN,TRATON (Volkswagen Group),Tyskland,Benzin,Fossil,Varebil/MPV
Mini 3-dørs,25,2025,M09,1083.0,Mini,BMW Group,Tyskland,Benzin,Fossil,Personbil
Omoda 5,25,2025,M09,1129.0,Omoda,Chery Group,Kina,Benzin,Fossil,Personbil
Seat Ibiza,25,2025,M09,1073.0,Seat,Volkswagen Group,Tyskland,Benzin,Fossil,Personbil
Xpeng G9,24,2025,M09,1068.0,Xpeng,XPeng,Kina,El,Nul-emission,Personbil
Audi A6,23,2025,M09,1159.0,Audi,Volkswagen Group,Tyskland,Benzin,Fossil,Personbil
Honda ZR-V,22,2025,M09,1193.0,Honda,Honda Motor Co.,Japan,Benzin,Fossil,Personbil
BYD Atto 2,21,2025,M09,1106.0,BYD,BYD Auto,Kina,Benzin,Fossil,Personbil
Hyundai Tucson,20,2025,M09,1241.0,Hyundai,Hyundai Motor Group,Sydkorea,Benzin,Fossil,SUV/Crossover
Mercedes-Benz Sprinter,20,2025,M09,1134.0,Mercedes-Benz,Mercedes-Benz Group,Tyskland,Benzin,Fossil,Varebil/MPV
Honda e:Ny1,19,2025,M09,1086.0,Honda,Honda Motor Co.,Japan,El,Nul-emission,Personbil
Lexus RZ,19,2025,M09,1075.0,Lexus,Toyota Motor Corporation,Japan,Benzin,Fossil,Personbil
Suzuki Vitara,19,2025,M09,1029.0,Suzuki,Suzuki Motor Corporation,Japan,Benzin,Fossil,SUV/Crossover
Volvo EX30,19,2025,M09,1056.0,Volvo,Geely (Lynk & Co),Kina,Benzin,Fossil,SUV/Crossover
Kia Niro,18,2025,M09,1244.0,Kia,Hyundai Motor Group,Sydkorea,Benzin,Fossil,Personbil
Hyundai Bayon,17,2025,M09,1151.0,Hyundai,Hyundai Motor Group,Sydkorea,Benzin,Fossil,Personbil
Mercedes-Benz E-Klasse,17,2025,M09,1128.0,Mercedes-Benz,Mercedes-Benz Group,Tyskland,Benzin,Fossil,Personbil
Opel Mokka,17,2025,M09,1261.0,Opel,Stellantis,Europæisk (Multinational),Benzin,Fossil,Personbil
Renault Clio,17,2025,M09,1111.0,Renault,Renault Group,Frankrig,Benzin,Fossil,Personbil
BYD Dolphin,16,2025,M09,1187.0,BYD,BYD Auto,Kina,Benzin,Fossil,Personbil
Ford Tourneo Custom,16,2025,M09,1082.0,Ford,Ford Motor Company,USA,Benzin,Fossil,Varebil/MPV
Suzuki SX4,16,2025,M09,1131.0,Suzuki,Suzuki Motor Corporation,Japan,Benzin,Fossil,SUV/Crossover
BYD Atto 3,15,2025,M09,1161.0,BYD,BYD Auto,Kina,Benzin,Fossil,Personbil
Mini Aceman,15,2025,M09,1079.0,Mini,BMW Group,Tyskland,El,Nul-emission,Personbil
Volvo XC90,15,2025,M09,1276.0,Volvo,Geely (Lynk & Co),Kina,Benzin,Fossil,Personbil
Honda CR-V,14,2025,M09,1127.0,Honda,Honda Motor Co.,Japan,Hybrid,Lav-emission,Personbil
Mazda MX-30,14,2025,M09,1199.0,Mazda,Mazda Motor Corporation,Japan,Benzin,Fossil,Personbil
BYD Tang,13,2025,M09,1126.0,BYD,BYD Auto,Kina,Benzin,Fossil,Personbil
Mazda CX-30,13,2025,M09,1084.0,Mazda,Mazda Motor Corporation,Japan,Benzin,Fossil,SUV/Crossover
BMW 4'er,12,2025,M09,1185.0,BMW,BMW Group,Tyskland,Benzin,Fossil,Personbil
Ford Mustang Mach-E,12,2025,M09,1147.0,Ford,Ford Motor Company,USA,Benzin,Fossil,Personbil
MG HS,12,2025,M09,1109.0,MG,SAIC Motor (MG),Kina,Benzin,Fossil,Personbil
Citroen Berlingo,11,2025,M09,1117.0,Citroen,Stellantis,Europæisk (Multinational),Benzin,Fossil,Varebil/MPV
Ford Transit,11,2025,M09,1091.0,Ford,Ford Motor Company,USA,Benzin,Fossil,Varebil/MPV
KGM Torres EVX,11,2025,M09,1108.0,KGM,KG Mobility (tidl. SsangYong),Sydkorea,El,Nul-emission,SUV/Crossover
Toyota Proace Verso,11,2025,M09,1135.0,Toyota,Toyota Motor Corporation,Japan,Benzin,Fossil,Varebil/MPV
Volkswagen T-Cross,11,2025,M09,1181.0,Volkswagen,Volkswagen Group,Tyskland,Benzin,Fossil,SUV/Crossover
BYD Seal,9,2025,M09,1107.0,BYD,BYD Auto,Kina,Benzin,Fossil,Personbil
Skoda Fabia,9,2025,M09,1211.0,Skoda,Volkswagen Group,Tyskland,Benzin,Fossil,Personbil
Mercedes-Benz GLE,8,2025,M09,1144.0,Mercedes-Benz,Mercedes-Benz Group,Tyskland,Benzin,Fossil,Personbil
Seat Arona,8,2025,M09,1177.0,Seat,Volkswagen Group,Tyskland,Benzin,Fossil,Personbil
Audi Q2,7,2025,M09,1071.0,Audi,Volkswagen Group,Tyskland,Benzin,Fossil,SUV/Crossover
Kia EV9,7,2025,M09,1058.0,Kia,Hyundai Motor Group,Sydkorea,Benzin,Fossil,Personbil
Mercedes-Benz V-Klasse,7,2025,M09,1171.0,Mercedes-Benz,Mercedes-Benz Group,Tyskland,Benzin,Fossil,Personbil
Mercedes-Benz Vito Tourer,7,2025,M09,1092.0,Mercedes-Benz,Mercedes-Benz Group,Tyskland,Benzin,Fossil,Varebil/MPV
Renault Trafic,7,2025,M09,1176.0,Renault,Renault Group,Frankrig,Benzin,Fossil,Varebil/MPV
Skoda Superb,7,2025,M09,1139.0,Skoda,Volkswagen Group,Tyskland,Benzin,Fossil,Personbil
Toyota Corolla Cross,7,2025,M09,1124.0,Toyota,Toyota Motor Corporation,Japan,Benzin,Fossil,SUV/Crossover
Ford Focus,6,2025,M09,1162.0,Ford,Ford Motor Company,USA,Benzin,Fossil,Personbil
Ford Transit Custom,6,2025,M09,1192.0,Ford,Ford Motor Company,USA,Benzin,Fossil,Varebil/MPV
Land Rover Range Rover Sport,6,2025,M09,1196.0,Land Rover,Jaguar Land Rover (Tata Motors),Indien,Benzin,Fossil,SUV/Crossover
Mazda 2,6,2025,M09,1153.0,Mazda,Mazda Motor Corporation,Japan,Benzin,Fossil,Personbil
Opel Zafira,6,2025,M09,1205.0,Opel,Stellantis,Europæisk (Multinational),Benzin,Fossil,Varebil/MPV
Polestar 3,6,2025,M09,1263.0,Polestar,Geely (Lynk & Co),Kina,El,Nul-emission,Personbil
Toyota Proace City Verso,6,2025,M09,1327.0,Toyota,Toyota Motor Corporation,Japan,Benzin,Fossil,Varebil/MPV
Toyota RAV4,6,2025,M09,1273.0,Toyota,Toyota Motor Corporation,Japan,Hybrid,Lav-emission,SUV/Crossover
Zeekr 001,6,2025,M09,1136.0,Zeekr,Geely (Lynk & Co),Kina,El,Nul-emission,Personbil
Honda Jazz,5,2025,M09,1150.0,Honda,Honda Motor Co.,Japan,Benzin,Fossil,Personbil
Land Rover Range Rover,5,2025,M09,1283.0,Land Rover,Jaguar Land Rover (Tata Motors),Indien,Benzin,Fossil,SUV/Crossover
Mini Countryman,5,2025,M09,1102.0,Mini,BMW Group,Tyskland,Benzin,Fossil,Personbil
Subaru Solterra,5,2025,M09,1113.0,Subaru,Subaru Corporation,Japan,Benzin,Fossil,Personbil
Volkswagen Crafter,5,2025,M09,1218.0,Volkswagen,Volkswagen Group,Tyskland,Benzin,Fossil,Varebil/MPV
Volkswagen Golf,5,2025,M09,1219.0,Volkswagen,Volkswagen Group,Tyskland,Benzin,Fossil,Personbil
JAC E30X,4,2025,M09,1195.0,JAC,JAC Motors,Kina,Benzin,Fossil,Personbil
Mazda 3,4,2025,M09,1154.0,Mazda,Mazda Motor Corporation,Japan,Benzin,Fossil,Personbil
Mazda CX-60,4,2025,M09,1255.0,Mazda,Mazda Motor Corporation,Japan,Benzin,Fossil,SUV/Crossover
Mazda CX-80,4,2025,M09,1168.0,Mazda,Mazda Motor Corporation,Japan,Benzin,Fossil,SUV/Crossover
Mercedes-Benz EQV,4,2025,M09,1155.0,Mercedes-Benz,Mercedes-Benz Group,Tyskland,El,Nul-emission,Personbil
MG Cyberster,4,2025,M09,1173.0,MG,SAIC Motor (MG),Kina,Benzin,Fossil,Personbil
Nissan Juke,4,2025,M09,1103.0,Nissan,Nissan Motor Co.,Japan,Benzin,Fossil,SUV/Crossover
Peugeot Traveller,4,2025,M09,1321.0,Peugeot,Stellantis,Europæisk (Multinational),Benzin,Fossil,Varebil/MPV
Porsche 911,4,2025,M09,1264.0,Porsche,Volkswagen Group,Tyskland,Benzin,Fossil,Personbil
Toyota Corolla,4,2025,M09,1180.0,Toyota,Toyota Motor Corporation,Japan,Hybrid,Lav-emission,Personbil
Volkswagen Caddy,4,2025,M09,1216.0,Volkswagen,Volkswagen Group,Tyskland,Benzin,Fossil,Varebil/MPV
Yunlong JJ2000DBP,4,2025,M09,1277.0,Yunlong,MG,Kina,Benzin,Fossil,Personbil
Alfa Romeo Junior,3,2025,M09,1221.0,Alfa Romeo,Stellantis,Europæisk (Multinational),Benzin,Fossil,SUV/Crossover
BMW X3,3,2025,M09,1141.0,BMW,BMW Group,Tyskland,Benzin,Fossil,SUV/Crossover
BMW X5,3,2025,M09,1186.0,BMW,BMW Group,Tyskland,Benzin,Fossil,SUV/Crossover
Citroen e-SpaceTourer,3,2025,M09,1228.0,Citroen,Stellantis,Europæisk (Multinational),Benzin,Fossil,Personbil
Fisker Ocean,3,2025,M09,1233.0,Fisker,Fisker Inc.,USA,El,Nul-emission,Personbil
Honda Civic,3,2025,M09,1163.0,Honda,Honda Motor Co.,Japan,Hybrid,Lav-emission,Personbil
Mercedes-Benz G-Klasse,3,2025,M09,1170.0,Mercedes-Benz,Mercedes-Benz Group,Tyskland,Benzin,Fossil,Personbil
Peugeot 308,3,2025,M09,1206.0,Peugeot,Stellantis,Europæisk (Multinational),Benzin,Fossil,Personbil
Zeekr X,3,2025,M09,1114.0,Zeekr,Geely (Lynk & Co),Kina,El,Nul-emission,Personbil
BMW iX3,2,2025,M09,1224.0,BMW,BMW Group,Tyskland,El,Nul-emission,SUV/Crossover
Fiat Grande Panda,2,2025,M09,1122.0,Fiat,Stellantis,Europæisk (Multinational),Benzin,Fossil,Personbil
Ford Tourneo Connect,2,2025,M09,1234.0,Ford,Ford Motor Company,USA,Benzin,Fossil,Varebil/MPV
Hyundai I10,2,2025,M09,1237.0,Hyundai,Hyundai Motor Group,Sydkorea,Benzin,Fossil,Personbil
Jeep Avenger,2,2025,M09,1242.0,Jeep,Stellantis,Europæisk (Multinational),Benzin,Fossil,SUV/Crossover
Lynk & Co 02,2,2025,M09,1143.0,Lynk & Co,Geely (Lynk & Co),Kina,Benzin,Fossil,Personbil
Mazda MX-5,2,2025,M09,1346.0,Mazda,Mazda Motor Corporation,Japan,Benzin,Fossil,Personbil
Mercedes-Benz GLS,2,2025,M09,1314.0,Mercedes-Benz,Mercedes-Benz Group,Tyskland,Benzin,Fossil,Personbil
Mercedes-Benz S-Klasse,2,2025,M09,1201.0,Mercedes-Benz,Mercedes-Benz Group,Tyskland,Benzin,Fossil,Personbil
Nilsson Hearse,2,2025,M09,1202.0,Nilsson Hearse,Nilsson Hearse,Sverige,Benzin,Fossil,Varebil/MPV
Polaris Ranger,2,2025,M09,1404.0,Polaris,Polaris,USA,Benzin,Fossil,ATV/UTV/Andet
Porsche Cayenne,2,2025,M09,1208.0,Porsche,Volkswagen Group,Tyskland,Benzin,Fossil,SUV/Crossover
Porsche Taycan,2,2025,M09,1175.0,Porsche,Volkswagen Group,Tyskland,El,Nul-emission,Personbil
Skoda Kodiaq iV,2,2025,M09,1267.0,Skoda,Volkswagen Group,Tyskland,Hybrid,Lav-emission,SUV/Crossover
Subaru Forester,2,2025,M09,1212.0,Subaru,Subaru Corporation,Japan,Benzin,Fossil,SUV/Crossover
Volkswagen Multivan,2,2025,M09,1274.0,Volkswagen,Volkswagen Group,Tyskland,Benzin,Fossil,Varebil/MPV
Volkswagen Touareg,2,2025,M09,1382.0,Volkswagen,Volkswagen Group,Tyskland,Benzin,Fossil,Personbil
Volvo C40,2,2025,M09,1329.0,Volvo,Geely (Lynk & Co),Kina,Benzin,Fossil,Personbil
Access SM 480 Road,1,2025,M09,,Access,Access Motor,Taiwan,Benzin,Fossil,ATV/UTV/Andet
Bach YM2000DP,1,2025,M09,1294.0,Bach,Bach,Danmark,El,Nul-emission,Kabinescooter
BAW Pony,1,2025,M09,1358.0,BAW,BAW,Ukendt,Benzin,Fossil,Personbil
Bentley Continental,1,2025,M09,1352.0,Bentley,Volkswagen Group,Tyskland,Benzin,Fossil,Personbil
BMW 7'er,1,2025,M09,1295.0,BMW,BMW Group,Tyskland,Benzin,Fossil,Personbil
Chevrolet Tahoe,1,2025,M09,,Chevrolet,Chevrolet,Ukendt,Benzin,Fossil,Personbil
Citroen ë-C4,1,2025,M09,1343.0,Citroen,Stellantis,Europæisk (Multinational),Benzin,Fossil,Personbil
Eagle Golf Car,1,2025,M09,1188.0,Eagle,"Eagle Golf Cars, LLC",USA,EL,Nul-emission,ATV/UTV/Andet
Evolution I40,1,2025,M09,,Evolution,Evolution Electric Vehicles,USA,El,Nul-emission,ATV/UTV/Andet
Fiat Niesmann+Bischoff,1,2025,M09,,Fiat,Stellantis,Europæisk (Multinational),Benzin,Fossil,Personbil
HDK NRG Car,1,2025,M09,1360.0,HDK,HDK Automotive,Kina,El,Nul-emission,ATV/UTV/Andet
Honda HR-V,1,2025,M09,1149.0,Honda,Honda Motor Co.,Japan,Benzin,Fossil,Personbil
Hongqi EH7,1,2025,M09,1194.0,Hongqi,FAW (Hongqi),Kina,El,Nul-emission,Personbil
Hyundai I20,1,2025,M09,1238.0,Hyundai,Hyundai Motor Group,Sydkorea,Benzin,Fossil,Personbil
Hyundai Santa Fe,1,2025,M09,1240.0,Hyundai,Hyundai Motor Group,Sydkorea,Benzin,Fossil,SUV/Crossover
Lamborghini Urus,1,2025,M09,1394.0,Lamborghini,Volkswagen Group,Tyskland,Benzin,Fossil,SUV/Crossover
Maserati Grecale,1,2025,M09,1152.0,Maserati,Stellantis,Europæisk (Multinational),Benzin,Fossil,Personbil
Maxus Euniq5,1,2025,M09,1198.0,Maxus,SAIC Motor (Maxus),Kina,Benzin,Fossil,SUV/Crossover
Maxus Euniq6,1,2025,M09,1167.0,Maxus,SAIC Motor (Maxus),Kina,Benzin,Fossil,SUV/Crossover
Mercedes-Benz B-Klasse,1,2025,M09,1256.0,Mercedes-Benz,Mercedes-Benz Group,Tyskland,Benzin,Fossil,Personbil
Mercedes-Benz CLE,1,2025,M09,1257.0,Mercedes-Benz,Mercedes-Benz Group,Tyskland,Benzin,Fossil,Personbil
Mercedes-Benz EQS,1,2025,M09,1169.0,Mercedes-Benz,Mercedes-Benz Group,Tyskland,El,Nul-emission,Personbil
Mercedes-Benz EQS SUV,1,2025,M09,1200.0,Mercedes-Benz,Mercedes-Benz Group,Tyskland,El,Nul-emission,SUV/Crossover
Mercedes-Benz Vito,1,2025,M09,1156.0,Mercedes-Benz,Mercedes-Benz Group,Tyskland,Benzin,Fossil,Varebil/MPV
Mini Cabriolet,1,2025,M09,1370.0,Mini,BMW Group,Tyskland,Benzin,Fossil,Personbil
Opel Corsa,1,2025,M09,1259.0,Opel,Stellantis,Europæisk (Multinational),Benzin,Fossil,Personbil
Porsche 718 Spyder RS,1,2025,M09,1322.0,Porsche,Volkswagen Group,Tyskland,Benzin,Fossil,ATV/UTV/Andet
Porsche Cayman,1,2025,M09,1323.0,Porsche,Volkswagen Group,Tyskland,Benzin,Fossil,Personbil
Renault Master,1,2025,M09,1120.0,Renault,Renault Group,Frankrig,Benzin,Fossil,Varebil/MPV
Volvo XC60,1,2025,M09,1275.0,Volvo,Geely (Lynk & Co),Kina,Benzin,Fossil,Personbil
Xingyun UTV,1,2025,M09,1333.0,Xingyun,Shandong Xingyun,Kina,El,Nul-emission,ATV/UTV/Andet
Yunlong JJ5000BP,1,2025,M09,,Yunlong,MG,Kina,Benzin,Fossil,Personbil
Tesla Model Y,1211,2024,M09,1002.0,Tesla,"Tesla, Inc.",USA,El,Nul-emission,Personbil
Skoda Enyaq iV,1004,2024,M09,1006.0,Skoda,Volkswagen Group,Tyskland,El,Nul-emission,Personbil
Volkswagen ID.4,563,2024,M09,1005.0,Volkswagen,Volkswagen Group,Tyskland,El,Nul-emission,Personbil
BMW iX1,131,2024,M09,1009.0,BMW,BMW Group,Tyskland,El,Nul-emission,SUV/Crossover
Volkswagen ID. Buzz,4,2024,M09,1010.0,Volkswagen,Volkswagen Group,Tyskland,El,Nul-emission,Personbil
Volkswagen ID.3,396,2024,M09,1011.0,Volkswagen,Volkswagen Group,Tyskland,El,Nul-emission,Personbil
Renault Scenic,128,2024,M09,1021.0,Renault,Renault Group,Frankrig,Benzin,Fossil,Personbil
Audi A5,6,2024,M09,1115.0,Audi,Volkswagen Group,Tyskland,Benzin,Fossil,Personbil
Mercedes-Benz EQA,340,2024,M09,1026.0,Mercedes-Benz,Mercedes-Benz Group,Tyskland,El,Nul-emission,Personbil
Tesla Model 3,639,2024,M09,1179.0,Tesla,"Tesla, Inc.",USA,El,Nul-emission,Personbil
Cupra Tavascan,10,2024,M09,1065.0,Cupra,Volkswagen Group,Tyskland,Benzin,Fossil,Personbil
Audi Q4 e-tron,374,2024,M09,1003.0,Audi,Volkswagen Group,Tyskland,El,Nul-emission,SUV/Crossover
Toyota Aygo X,143,2024,M09,1042.0,Toyota,Toyota Motor Corporation,Japan,Benzin,Fossil,Personbil
Mercedes-Benz CLA,46,2024,M09,1022.0,Mercedes-Benz,Mercedes-Benz Group,Tyskland,Benzin,Fossil,Personbil
Volkswagen ID.7,288,2024,M09,1017.0,Volkswagen,Volkswagen Group,Tyskland,El,Nul-emission,Personbil
Cupra Born,134,2024,M09,1007.0,Cupra,Volkswagen Group,Tyskland,El,Nul-emission,Personbil
Cupra Leon,13,2024,M09,1100.0,Cupra,Volkswagen Group,Tyskland,Benzin,Fossil,Personbil
Volkswagen T-Roc,254,2024,M09,1080.0,Volkswagen,Volkswagen Group,Tyskland,Benzin,Fossil,SUV/Crossover
Suzuki Swift,134,2024,M09,1034.0,Suzuki,Suzuki Motor Corporation,Japan,Benzin,Fossil,Personbil
Toyota Yaris,289,2024,M09,1057.0,Toyota,Toyota Motor Corporation,Japan,Hybrid,Lav-emission,Personbil
Volkswagen Passat,129,2024,M09,1125.0,Volkswagen,Volkswagen Group,Tyskland,Benzin,Fossil,Personbil
Nissan Qashqai,482,2024,M09,1035.0,Nissan,Nissan Motor Co.,Japan,Benzin,Fossil,SUV/Crossover
Renault Megane E-Tech,59,2024,M09,1041.0,Renault,Renault Group,Frankrig,El,Nul-emission,Personbil
Nissan Ariya,169,2024,M09,1070.0,Nissan,Nissan Motor Co.,Japan,Benzin,Fossil,Personbil
Peugeot 2008,125,2024,M09,1030.0,Peugeot,Stellantis,Europæisk (Multinational),Benzin,Fossil,Personbil
Audi Q5,63,2024,M09,1137.0,Audi,Volkswagen Group,Tyskland,Benzin,Fossil,SUV/Crossover
Mercedes-Benz EQB,201,2024,M09,1027.0,Mercedes-Benz,Mercedes-Benz Group,Tyskland,El,Nul-emission,Personbil
BMW i5,125,2024,M09,1049.0,BMW,BMW Group,Tyskland,El,Nul-emission,Personbil
Xpeng G6,221,2024,M09,1015.0,Xpeng,XPeng,Kina,El,Nul-emission,Personbil
Volvo EX40,140,2024,M09,1018.0,Volvo,Geely (Lynk & Co),Kina,Benzin,Fossil,SUV/Crossover
BMW 3'er,246,2024,M09,1051.0,BMW,BMW Group,Tyskland,Benzin,Fossil,Personbil
BMW X1,51,2024,M09,1013.0,BMW,BMW Group,Tyskland,Benzin,Fossil,SUV/Crossover
BMW i4,52,2024,M09,1045.0,BMW,BMW Group,Tyskland,El,Nul-emission,Personbil
Mercedes-Benz GLA,50,2024,M09,1090.0,Mercedes-Benz,Mercedes-Benz Group,Tyskland,Benzin,Fossil,Personbil
Ford Explorer,424,2024,M09,1023.0,Ford,Ford Motor Company,USA,Benzin,Fossil,Personbil
Toyota Yaris Cross,171,2024,M09,1020.0,Toyota,Toyota Motor Corporation,Japan,Benzin,Fossil,SUV/Crossover
Audi Q6 e-tron,87,2024,M09,1160.0,Audi,Volkswagen Group,Tyskland,El,Nul-emission,SUV/Crossover
Peugeot 5008,107,2024,M09,1039.0,Peugeot,Stellantis,Europæisk (Multinational),Benzin,Fossil,Personbil
Peugeot 3008,104,2024,M09,1036.0,Peugeot,Stellantis,Europæisk (Multinational),Benzin,Fossil,Personbil
Hyundai Ioniq 5,88,2024,M09,1050.0,Hyundai,Hyundai Motor Group,Sydkorea,El,Nul-emission,Personbil
Citroen C3,80,2024,M09,1012.0,Citroen,Stellantis,Europæisk (Multinational),Benzin,Fossil,Personbil
Mercedes-Benz GLC,32,2024,M09,1076.0,Mercedes-Benz,Mercedes-Benz Group,Tyskland,Benzin,Fossil,Personbil
Hyundai Ioniq 6,96,2024,M09,1133.0,Hyundai,Hyundai Motor Group,Sydkorea,El,Nul-emission,Personbil
Peugeot 208,114,2024,M09,1024.0,Peugeot,Stellantis,Europæisk (Multinational),Benzin,Fossil,Personbil
Volkswagen ID.5,150,2024,M09,1053.0,Volkswagen,Volkswagen Group,Tyskland,El,Nul-emission,Personbil
Toyota bZ4X,105,2024,M09,1000.0,Toyota,Toyota Motor Corporation,Japan,El,Nul-emission,Personbil
Citroen C3 Aircross,21,2024,M09,1014.0,Citroen,Stellantis,Europæisk (Multinational),Benzin,Fossil,SUV/Crossover
Opel Grandland,1,2024,M09,1072.0,Opel,Stellantis,Europæisk (Multinational),Benzin,Fossil,SUV/Crossover
Audi A3,215,2024,M09,1064.0,Audi,Volkswagen Group,Tyskland,Benzin,Fossil,Personbil
MG ZS,18,2024,M09,1040.0,MG,SAIC Motor (MG),Kina,Benzin,Fossil,Personbil
Kia EV6,113,2024,M09,1069.0,Kia,Hyundai Motor Group,Sydkorea,Benzin,Fossil,Personbil
Ford Puma,11,2024,M09,1054.0,Ford,Ford Motor Company,USA,Benzin,Fossil,Personbil
Mercedes-Benz A-Klasse,142,2024,M09,1123.0,Mercedes-Benz,Mercedes-Benz Group,Tyskland,Benzin,Fossil,Personbil
Cupra Formentor,95,2024,M09,1062.0,Cupra,Volkswagen Group,Tyskland,Benzin,Fossil,Personbil
Hyundai Kona,71,2024,M09,1043.0,Hyundai,Hyundai Motor Group,Sydkorea,Benzin,Fossil,SUV/Crossover
Skoda Scala,37,2024,M09,1130.0,Skoda,Volkswagen Group,Tyskland,Benzin,Fossil,Personbil
Mercedes-Benz C-Klasse,178,2024,M09,1098.0,Mercedes-Benz,Mercedes-Benz Group,Tyskland,Benzin,Fossil,Personbil
Skoda Kodiaq,17,2024,M09,1047.0,Skoda,Volkswagen Group,Tyskland,Benzin,Fossil,SUV/Crossover
Polestar 4,103,2024,M09,1048.0,Polestar,Geely (Lynk & Co),Kina,El,Nul-emission,Personbil
Mercedes-Benz EQE,65,2024,M09,1074.0,Mercedes-Benz,Mercedes-Benz Group,Tyskland,El,Nul-emission,Personbil
MG 4,19,2024,M09,1037.0,MG,SAIC Motor (MG),Kina,Benzin,Fossil,Personbil
Volkswagen Polo,331,2024,M09,1140.0,Volkswagen,Volkswagen Group,Tyskland,Benzin,Fossil,Personbil
Polestar 2,63,2024,M09,1097.0,Polestar,Geely (Lynk & Co),Kina,El,Nul-emission,Personbil
Volkswagen Touran,41,2024,M09,1182.0,Volkswagen,Volkswagen Group,Tyskland,Benzin,Fossil,Personbil
Dacia Sandero,92,2024,M09,1231.0,Dacia,Renault Group,Frankrig,Benzin,Fossil,Personbil
Lexus LBX,22,2024,M09,1165.0,Lexus,Toyota Motor Corporation,Japan,Benzin,Fossil,Personbil
Volkswagen Caravelle,1,2024,M09,1217.0,Volkswagen,Volkswagen Group,Tyskland,Benzin,Fossil,Varebil/MPV
BMW 1'er,62,2024,M09,1067.0,BMW,BMW Group,Tyskland,Benzin,Fossil,Personbil
Volkswagen Tiguan,56,2024,M09,1145.0,Volkswagen,Volkswagen Group,Tyskland,Benzin,Fossil,SUV/Crossover
Renault Captur,17,2024,M09,1266.0,Renault,Renault Group,Frankrig,Benzin,Fossil,Personbil
Mercedes-Benz EQE SUV,52,2024,M09,1110.0,Mercedes-Benz,Mercedes-Benz Group,Tyskland,El,Nul-emission,SUV/Crossover
BMW iX2,50,2024,M09,1087.0,BMW,BMW Group,Tyskland,El,Nul-emission,SUV/Crossover
Skoda Kamiq,118,2024,M09,1112.0,Skoda,Volkswagen Group,Tyskland,Benzin,Fossil,SUV/Crossover
Skoda Octavia,31,2024,M09,1157.0,Skoda,Volkswagen Group,Tyskland,Benzin,Fossil,Personbil
BMW 5'er,45,2024,M09,1063.0,BMW,BMW Group,Tyskland,Benzin,Fossil,Personbil
Mercedes-Benz GLB,112,2024,M09,1088.0,Mercedes-Benz,Mercedes-Benz Group,Tyskland,Benzin,Fossil,Personbil
BMW iX,27,2024,M09,1089.0,BMW,BMW Group,Tyskland,El,Nul-emission,Personbil
BYD Seal U,52,2024,M09,1104.0,BYD,BYD Auto,Kina,Benzin,Fossil,Personbil
Skoda Karoq,67,2024,M09,1094.0,Skoda,Volkswagen Group,Tyskland,Benzin,Fossil,SUV/Crossover
Ford Kuga,105,2024,M09,1060.0,Ford,Ford Motor Company,USA,Hybrid,Lav-emission,Personbil
BMW i7,2,2024,M09,1146.0,BMW,BMW Group,Tyskland,El,Nul-emission,Personbil
BMW i7,2,2024,M09,,BMW,BMW Group,Tyskland,El,Nul-emission,Personbil
Lexus NX,1,2024,M09,1252.0,Lexus,Toyota Motor Corporation,Japan,Hybrid,Lav-emission,Personbil
Volvo EC40,10,2024,M09,1093.0,Volvo,Geely (Lynk & Co),Kina,Benzin,Fossil,Personbil
Porsche Macan,34,2024,M09,1119.0,Porsche,Volkswagen Group,Tyskland,Benzin,Fossil,SUV/Crossover
Dacia Duster,2,2024,M09,1229.0,Dacia,Renault Group,Frankrig,Benzin,Fossil,Personbil
MG 3,14,2024,M09,1172.0,MG,SAIC Motor (MG),Kina,Benzin,Fossil,Personbil
MAN TGE,1,2024,M09,1197.0,MAN,TRATON (Volkswagen Group),Tyskland,Benzin,Fossil,Varebil/MPV
Mini 3-dørs,41,2024,M09,1083.0,Mini,BMW Group,Tyskland,Benzin,Fossil,Personbil
Seat Ibiza,105,2024,M09,1073.0,Seat,Volkswagen Group,Tyskland,Benzin,Fossil,Personbil
Xpeng G9,74,2024,M09,1068.0,Xpeng,XPeng,Kina,El,Nul-emission,Personbil
Audi A6,13,2024,M09,1159.0,Audi,Volkswagen Group,Tyskland,Benzin,Fossil,Personbil
Hyundai Tucson,39,2024,M09,1241.0,Hyundai,Hyundai Motor Group,Sydkorea,Benzin,Fossil,SUV/Crossover
Mercedes-Benz Sprinter,16,2024,M09,1134.0,Mercedes-Benz,Mercedes-Benz Group,Tyskland,Benzin,Fossil,Varebil/MPV
Honda e:Ny1,34,2024,M09,1086.0,Honda,Honda Motor Co.,Japan,El,Nul-emission,Personbil
Lexus RZ,6,2024,M09,1075.0,Lexus,Toyota Motor Corporation,Japan,Benzin,Fossil,Personbil
Suzuki Vitara,24,2024,M09,1029.0,Suzuki,Suzuki Motor Corporation,Japan,Benzin,Fossil,SUV/Crossover
Volvo EX30,119,2024,M09,1056.0,Volvo,Geely (Lynk & Co),Kina,Benzin,Fossil,SUV/Crossover
Kia Niro,29,2024,M09,1244.0,Kia,Hyundai Motor Group,Sydkorea,Benzin,Fossil,Personbil
Hyundai Bayon,1,2024,M09,1151.0,Hyundai,Hyundai Motor Group,Sydkorea,Benzin,Fossil,Personbil
Mercedes-Benz E-Klasse,41,2024,M09,1128.0,Mercedes-Benz,Mercedes-Benz Group,Tyskland,Benzin,Fossil,Personbil
Opel Mokka,48,2024,M09,1261.0,Opel,Stellantis,Europæisk (Multinational),Benzin,Fossil,Personbil
Renault Clio,179,2024,M09,1111.0,Renault,Renault Group,Frankrig,Benzin,Fossil,Personbil
BYD Dolphin,159,2024,M09,1187.0,BYD,BYD Auto,Kina,Benzin,Fossil,Personbil
Ford Tourneo Custom,83,2024,M09,1082.0,Ford,Ford Motor Company,USA,Benzin,Fossil,Varebil/MPV
Suzuki SX4,24,2024,M09,1131.0,Suzuki,Suzuki Motor Corporation,Japan,Benzin,Fossil,SUV/Crossover
BYD Atto 3,24,2024,M09,1161.0,BYD,BYD Auto,Kina,Benzin,Fossil,Personbil
Volvo XC90,4,2024,M09,1276.0,Volvo,Geely (Lynk & Co),Kina,Benzin,Fossil,Personbil
Honda CR-V,11,2024,M09,1127.0,Honda,Honda Motor Co.,Japan,Hybrid,Lav-emission,Personbil
Mazda MX-30,52,2024,M09,1199.0,Mazda,Mazda Motor Corporation,Japan,Benzin,Fossil,Personbil
BYD Tang,4,2024,M09,1126.0,BYD,BYD Auto,Kina,Benzin,Fossil,Personbil
Mazda CX-30,21,2024,M09,1084.0,Mazda,Mazda Motor Corporation,Japan,Benzin,Fossil,SUV/Crossover
BMW 4'er,46,2024,M09,1185.0,BMW,BMW Group,Tyskland,Benzin,Fossil,Personbil
Ford Mustang Mach-E,55,2024,M09,1147.0,Ford,Ford Motor Company,USA,Benzin,Fossil,Personbil
Ford Transit,8,2024,M09,1091.0,Ford,Ford Motor Company,USA,Benzin,Fossil,Varebil/MPV
KGM Torres EVX,16,2024,M09,1108.0,KGM,KG Mobility (tidl. SsangYong),Sydkorea,El,Nul-emission,SUV/Crossover
Toyota Proace Verso,6,2024,M09,1135.0,Toyota,Toyota Motor Corporation,Japan,Benzin,Fossil,Varebil/MPV
Volkswagen T-Cross,23,2024,M09,1181.0,Volkswagen,Volkswagen Group,Tyskland,Benzin,Fossil,SUV/Crossover
BYD Seal,36,2024,M09,1107.0,BYD,BYD Auto,Kina,Benzin,Fossil,Personbil
Skoda Fabia,91,2024,M09,1211.0,Skoda,Volkswagen Group,Tyskland,Benzin,Fossil,Personbil
Mercedes-Benz GLE,18,2024,M09,1144.0,Mercedes-Benz,Mercedes-Benz Group,Tyskland,Benzin,Fossil,Personbil
Seat Arona,23,2024,M09,1177.0,Seat,Volkswagen Group,Tyskland,Benzin,Fossil,Personbil
Audi Q2,154,2024,M09,1071.0,Audi,Volkswagen Group,Tyskland,Benzin,Fossil,SUV/Crossover
Kia EV9,15,2024,M09,1058.0,Kia,Hyundai Motor Group,Sydkorea,Benzin,Fossil,Personbil
Mercedes-Benz V-Klasse,2,2024,M09,1171.0,Mercedes-Benz,Mercedes-Benz Group,Tyskland,Benzin,Fossil,Personbil
Mercedes-Benz Vito Tourer,15,2024,M09,1092.0,Mercedes-Benz,Mercedes-Benz Group,Tyskland,Benzin,Fossil,Varebil/MPV
Renault Trafic,1,2024,M09,1176.0,Renault,Renault Group,Frankrig,Benzin,Fossil,Varebil/MPV
Skoda Superb,11,2024,M09,1139.0,Skoda,Volkswagen Group,Tyskland,Benzin,Fossil,Personbil
Toyota Corolla Cross,151,2024,M09,1124.0,Toyota,Toyota Motor Corporation,Japan,Benzin,Fossil,SUV/Crossover
Ford Focus,9,2024,M09,1162.0,Ford,Ford Motor Company,USA,Benzin,Fossil,Personbil
Ford Transit Custom,19,2024,M09,1192.0,Ford,Ford Motor Company,USA,Benzin,Fossil,Varebil/MPV
Land Rover Range Rover Sport,3,2024,M09,1196.0,Land Rover,Jaguar Land Rover (Tata Motors),Indien,Benzin,Fossil,SUV/Crossover
Mazda 2,83,2024,M09,1153.0,Mazda,Mazda Motor Corporation,Japan,Benzin,Fossil,Personbil
Opel Zafira,2,2024,M09,1205.0,Opel,Stellantis,Europæisk (Multinational),Benzin,Fossil,Varebil/MPV
Polestar 3,20,2024,M09,1263.0,Polestar,Geely (Lynk & Co),Kina,El,Nul-emission,Personbil
Toyota Proace City Verso,6,2024,M09,1327.0,Toyota,Toyota Motor Corporation,Japan,Benzin,Fossil,Varebil/MPV
Toyota RAV4,16,2024,M09,1273.0,Toyota,Toyota Motor Corporation,Japan,Hybrid,Lav-emission,SUV/Crossover
Honda Jazz,2,2024,M09,1150.0,Honda,Honda Motor Co.,Japan,Benzin,Fossil,Personbil
Land Rover Range Rover,2,2024,M09,1283.0,Land Rover,Jaguar Land Rover (Tata Motors),Indien,Benzin,Fossil,SUV/Crossover
Mini Countryman,71,2024,M09,1102.0,Mini,BMW Group,Tyskland,Benzin,Fossil,Personbil
Subaru Solterra,8,2024,M09,1113.0,Subaru,Subaru Corporation,Japan,Benzin,Fossil,Personbil
Volkswagen Golf,15,2024,M09,1219.0,Volkswagen,Volkswagen Group,Tyskland,Benzin,Fossil,Personbil
Mazda 3,9,2024,M09,1154.0,Mazda,Mazda Motor Corporation,Japan,Benzin,Fossil,Personbil
Mazda CX-60,12,2024,M09,1255.0,Mazda,Mazda Motor Corporation,Japan,Benzin,Fossil,SUV/Crossover
Mazda CX-80,4,2024,M09,1168.0,Mazda,Mazda Motor Corporation,Japan,Benzin,Fossil,SUV/Crossover
MG Cyberster,2,2024,M09,1173.0,MG,SAIC Motor (MG),Kina,Benzin,Fossil,Personbil
Nissan Juke,18,2024,M09,1103.0,Nissan,Nissan Motor Co.,Japan,Benzin,Fossil,SUV/Crossover
Porsche 911,3,2024,M09,1264.0,Porsche,Volkswagen Group,Tyskland,Benzin,Fossil,Personbil
Toyota Corolla,12,2024,M09,1180.0,Toyota,Toyota Motor Corporation,Japan,Hybrid,Lav-emission,Personbil
Volkswagen Caddy,2,2024,M09,1216.0,Volkswagen,Volkswagen Group,Tyskland,Benzin,Fossil,Varebil/MPV
Yunlong JJ2000DBP,3,2024,M09,1277.0,Yunlong,MG,Kina,Benzin,Fossil,Personbil
BMW X3,12,2024,M09,1141.0,BMW,BMW Group,Tyskland,Benzin,Fossil,SUV/Crossover
BMW X5,7,2024,M09,1186.0,BMW,BMW Group,Tyskland,Benzin,Fossil,SUV/Crossover
Fisker Ocean,10,2024,M09,1233.0,Fisker,Fisker Inc.,USA,El,Nul-emission,Personbil
Honda Civic,5,2024,M09,1163.0,Honda,Honda Motor Co.,Japan,Hybrid,Lav-emission,Personbil
Mercedes-Benz G-Klasse,1,2024,M09,1170.0,Mercedes-Benz,Mercedes-Benz Group,Tyskland,Benzin,Fossil,Personbil
Peugeot 308,14,2024,M09,1206.0,Peugeot,Stellantis,Europæisk (Multinational),Benzin,Fossil,Personbil
BMW iX3,51,2024,M09,1224.0,BMW,BMW Group,Tyskland,El,Nul-emission,SUV/Crossover
Hyundai I10,85,2024,M09,1237.0,Hyundai,Hyundai Motor Group,Sydkorea,Benzin,Fossil,Personbil
Jeep Avenger,4,2024,M09,1242.0,Jeep,Stellantis,Europæisk (Multinational),Benzin,Fossil,SUV/Crossover
Mazda MX-5,4,2024,M09,1346.0,Mazda,Mazda Motor Corporation,Japan,Benzin,Fossil,Personbil
Mercedes-Benz S-Klasse,1,2024,M09,1201.0,Mercedes-Benz,Mercedes-Benz Group,Tyskland,Benzin,Fossil,Personbil
Porsche Cayenne,6,2024,M09,1208.0,Porsche,Volkswagen Group,Tyskland,Benzin,Fossil,SUV/Crossover
Porsche Taycan,1,2024,M09,1175.0,Porsche,Volkswagen Group,Tyskland,El,Nul-emission,Personbil
Skoda Kodiaq iV,13,2024,M09,1267.0,Skoda,Volkswagen Group,Tyskland,Hybrid,Lav-emission,SUV/Crossover
Volkswagen Multivan,60,2024,M09,1274.0,Volkswagen,Volkswagen Group,Tyskland,Benzin,Fossil,Varebil/MPV
Volkswagen Touareg,1,2024,M09,1382.0,Volkswagen,Volkswagen Group,Tyskland,Benzin,Fossil,Personbil
Volvo C40,10,2024,M09,1329.0,Volvo,Geely (Lynk & Co),Kina,Benzin,Fossil,Personbil
Eagle Golf Car,1,2024,M09,1188.0,Eagle,"Eagle Golf Cars, LLC",USA,EL,Nul-emission,ATV/UTV/Andet
HDK NRG Car,2,2024,M09,1360.0,HDK,HDK Automotive,Kina,El,Nul-emission,ATV/UTV/Andet
Honda HR-V,6,2024,M09,1149.0,Honda,Honda Motor Co.,Japan,Benzin,Fossil,Personbil
Hyundai I20,43,2024,M09,1238.0,Hyundai,Hyundai Motor Group,Sydkorea,Benzin,Fossil,Personbil
Hyundai Santa Fe,5,2024,M09,1240.0,Hyundai,Hyundai Motor Group,Sydkorea,Benzin,Fossil,SUV/Crossover
Maxus Euniq5,1,2024,M09,1198.0,Maxus,SAIC Motor (Maxus),Kina,Benzin,Fossil,SUV/Crossover
Mercedes-Benz CLE,1,2024,M09,1257.0,Mercedes-Benz,Mercedes-Benz Group,Tyskland,Benzin,Fossil,Personbil
Mercedes-Benz Vito,3,2024,M09,1156.0,Mercedes-Benz,Mercedes-Benz Group,Tyskland,Benzin,Fossil,Varebil/MPV
Mini Cabriolet,1,2024,M09,1370.0,Mini,BMW Group,Tyskland,Benzin,Fossil,Personbil
Opel Corsa,69,2024,M09,1259.0,Opel,Stellantis,Europæisk (Multinational),Benzin,Fossil,Personbil
Porsche Cayman,1,2024,M09,1323.0,Porsche,Volkswagen Group,Tyskland,Benzin,Fossil,Personbil
Volvo XC60,28,2024,M09,1275.0,Volvo,Geely (Lynk & Co),Kina,Benzin,Fossil,Personbil
Aiways U5,2,2024,M09,1291.0,Aiways,Aiways,Kina,El,Nul-emission,Personbil
Audi A1,14,2024,M09,1292.0,Audi,Volkswagen Group,Tyskland,Benzin,Fossil,Personbil
Audi A4,8,2024,M09,1356.0,Audi,Volkswagen Group,Tyskland,Benzin,Fossil,Personbil
Audi e-tron,1,2024,M09,1335.0,Audi,Volkswagen Group,Tyskland,El,Nul-emission,Personbil
Audi Q3,47,2024,M09,1099.0,Audi,Volkswagen Group,Tyskland,Benzin,Fossil,SUV/Crossover
Audi Q8 e-tron,7,2024,M09,1357.0,Audi,Volkswagen Group,Tyskland,El,Nul-emission,SUV/Crossover
BMW 2'er,5,2024,M09,1223.0,BMW,BMW Group,Tyskland,Benzin,Fossil,Personbil
BMW X4,2,2024,M09,1296.0,BMW,BMW Group,Tyskland,Benzin,Fossil,SUV/Crossover
BMW XM,2,2024,M09,1396.0,BMW,BMW Group,Tyskland,Benzin,Fossil,Personbil
Citroen C4,5,2024,M09,1227.0,Citroen,Stellantis,Europæisk (Multinational),Benzin,Fossil,Personbil
Citroen C5 Aircross,2,2024,M09,1032.0,Citroen,Stellantis,Europæisk (Multinational),Benzin,Fossil,SUV/Crossover
Dacia Jogger,35,2024,M09,1230.0,Dacia,Renault Group,Frankrig,Benzin,Fossil,Personbil
DS 4,3,2024,M09,1299.0,DS,Stellantis,Europæisk (Multinational),Benzin,Fossil,Personbil
DS 7 Crossback,34,2024,M09,1300.0,DS,Stellantis,Europæisk (Multinational),Benzin,Fossil,SUV/Crossover
Ferrari Purosangue,1,2024,M09,1190.0,Ferrari,Ferrari,Italien,Benzin,Fossil,Personbil
Fiat 500,44,2024,M09,1232.0,Fiat,Stellantis,Europæisk (Multinational),Benzin,Fossil,Personbil
Ford Tourneo,1,2024,M09,1428.0,Ford,Ford Motor Company,USA,Benzin,Fossil,Varebil/MPV
Hisun HS,1,2024,M09,1235.0,Hisun,"Chongqing Huansong Industrial (Group) Co., Ltd.",Kina,Benzin,Fossil,ATV/UTV/Andet
Hongqi E-HS9,14,2024,M09,1236.0,Hongqi,FAW (Hongqi),Kina,El,Nul-emission,Personbil
Hyundai I30,20,2024,M09,1239.0,Hyundai,Hyundai Motor Group,Sydkorea,Benzin,Fossil,Personbil
Kia Ceed,30,2024,M09,1243.0,Kia,Hyundai Motor Group,Sydkorea,Benzin,Fossil,Personbil
Kia Picanto,12,2024,M09,1245.0,Kia,Hyundai Motor Group,Sydkorea,Benzin,Fossil,Personbil
Kia Sorento,8,2024,M09,1246.0,Kia,Hyundai Motor Group,Sydkorea,Benzin,Fossil,SUV/Crossover
Kia Sportage,8,2024,M09,1247.0,Kia,Hyundai Motor Group,Sydkorea,Benzin,Fossil,SUV/Crossover
Kia Stonic,17,2024,M09,1248.0,Kia,Hyundai Motor Group,Sydkorea,Benzin,Fossil,Personbil
Kia XCeed,5,2024,M09,1249.0,Kia,Hyundai Motor Group,Sydkorea,Benzin,Fossil,Personbil
KTM X-Bow GT-XR,1,2024,M09,1429.0,KTM,KTM,Ukendt,Benzin,Fossil,Personbil
Lamborghini Huracán,1,2024,M09,1430.0,Lamborghini,Volkswagen Group,Tyskland,Benzin,Fossil,Personbil
Land Rover Discovery,1,2024,M09,1306.0,Land Rover,Jaguar Land Rover (Tata Motors),Indien,Benzin,Fossil,SUV/Crossover
Land Rover Discovery Sport,5,2024,M09,1251.0,Land Rover,Jaguar Land Rover (Tata Motors),Indien,Benzin,Fossil,SUV/Crossover
Land Rover Range Rover Evoque,2,2024,M09,1287.0,Land Rover,Jaguar Land Rover (Tata Motors),Indien,El,Fossil,SUV/Crossover
Land Rover Range Rover Velar,1,2024,M09,1307.0,Land Rover,Jaguar Land Rover (Tata Motors),Indien,Benzin,Fossil,SUV/Crossover
Lexus ES,8,2024,M09,1375.0,Lexus,Toyota Motor Corporation,Japan,Benzin,Fossil,Personbil
Lexus RX,1,2024,M09,1308.0,Lexus,Toyota Motor Corporation,Japan,Benzin,Fossil,Personbil
Lexus UX,2,2024,M09,1253.0,Lexus,Toyota Motor Corporation,Japan,Hybrid,Lav-emission,Personbil
Lotus Eletre,3,2024,M09,1254.0,Lotus,Geely (Lynk & Co),Kina,Benzin,Fossil,Personbil
Lotus Emeya,1,2024,M09,1339.0,Lotus,Geely (Lynk & Co),Kina,Benzin,Fossil,Personbil
Maserati GranCabrio,1,2024,M09,1431.0,Maserati,Stellantis,Europæisk (Multinational),Benzin,Fossil,Personbil
Mazda CX-5,21,2024,M09,1311.0,Mazda,Mazda Motor Corporation,Japan,Benzin,Fossil,SUV/Crossover
Mercedes-Benz AMG GT,1,2024,M09,1312.0,Mercedes-Benz,Mercedes-Benz Group,Tyskland,Benzin,Fossil,Personbil
MG EHS,1,2024,M09,1316.0,MG,SAIC Motor (MG),Kina,Benzin,Fossil,Personbil
MG Marvel R,9,2024,M09,1347.0,MG,SAIC Motor (MG),Kina,Benzin,Fossil,Personbil
Mini 5-dørs,5,2024,M09,1317.0,Mini,BMW Group,Tyskland,Benzin,Fossil,Personbil
Mitsubishi Eclipse Cross,13,2024,M09,1361.0,Mitsubishi,Mitsubishi Motors,Japan,Benzin,Fossil,SUV/Crossover
Nissan X-Trail,37,2024,M09,1204.0,Nissan,Nissan Motor Co.,Japan,Hybrid,Lav-emission,Personbil
Opel Astra,10,2024,M09,1258.0,Opel,Stellantis,Europæisk (Multinational),Benzin,Fossil,Personbil
Opel Crossland,8,2024,M09,1260.0,Opel,Stellantis,Europæisk (Multinational),Benzin,Fossil,SUV/Crossover
Peugeot 508,1,2024,M09,1320.0,Peugeot,Stellantis,Europæisk (Multinational),Benzin,Fossil,Personbil
Porsche Panamera,3,2024,M09,1265.0,Porsche,Volkswagen Group,Tyskland,Benzin,Fossil,Personbil
Renault Austral,7,2024,M09,1025.0,Renault,Renault Group,Frankrig,Benzin,Fossil,Personbil
Rolektro E-Quad 25,1,2024,M09,1432.0,Rolektro,Rolektro,Ukendt,Benzin,Fossil,ATV/UTV/Andet
Seat Leon,5,2024,M09,1210.0,Seat,Volkswagen Group,Tyskland,Benzin,Fossil,Personbil
Segway Snarler,1,2024,M09,1418.0,Segway,Segway,Ukendt,Benzin,Fossil,ATV/UTV/Andet
Skoda Superb iV,6,2024,M09,1289.0,Skoda,Volkswagen Group,Tyskland,Hybrid,Lav-emission,Personbil
Suzuki Ignis,57,2024,M09,1268.0,Suzuki,Suzuki Motor Corporation,Japan,Benzin,Fossil,Personbil
Suzuki S-Cross,2,2024,M09,1269.0,Suzuki,Suzuki Motor Corporation,Japan,Benzin,Fossil,SUV/Crossover
Tesla Model S,3,2024,M09,1213.0,Tesla,"Tesla, Inc.",USA,El,Nul-emission,Personbil
Toyota C-HR,70,2024,M09,1271.0,Toyota,Toyota Motor Corporation,Japan,Hybrid,Lav-emission,Personbil
Toyota Prius,2,2024,M09,1326.0,Toyota,Toyota Motor Corporation,Japan,Hybrid,Lav-emission,Personbil
Volvo S60,2,2024,M09,1365.0,Volvo,Geely (Lynk & Co),Kina,Benzin,Fossil,Personbil
Volvo S90,6,2024,M09,1380.0,Volvo,Geely (Lynk & Co),Kina,Benzin,Fossil,Personbil
Volvo V60,22,2024,M09,1330.0,Volvo,Geely (Lynk & Co),Kina,Benzin,Fossil,Personbil
Volvo V90,5,2024,M09,1220.0,Volvo,Geely (Lynk & Co),Kina,Benzin,Fossil,Personbil
Volvo XC40,9,2024,M09,1331.0,Volvo,Geely (Lynk & Co),Kina,Benzin,Fossil,Personbil
Voyah Free,6,2024,M09,1332.0,Voyah,Dongfeng (Voyah),Kina,El,Nul-emission,Personbil
Xpeng P7,8,2024,M09,1279.0,Xpeng,XPeng,Kina,El,Nul-emission,Personbil
Skoda Elroq,672.0,2025,M08,1001.0,Skoda,Volkswagen Group,Tyskland,El,Nul-emission,Personbil
Volkswagen ID.4,566.0,2025,M08,1005.0,Volkswagen,Volkswagen Group,Tyskland,El,Nul-emission,Personbil
Skoda Enyaq iV,561.0,2025,M08,1006.0,Skoda,Volkswagen Group,Tyskland,El,Nul-emission,Personbil
Cupra Formentor,412.0,2025,M08,1062.0,Cupra,Volkswagen Group,Tyskland,Benzin,Fossil,Personbil
Cupra Tavascan,372.0,2025,M08,1065.0,Cupra,Volkswagen Group,Tyskland,Benzin,Fossil,Personbil
Tesla Model Y,306.0,2025,M08,1002.0,Tesla,"Tesla, Inc.",USA,El,Nul-emission,Personbil
BMW iX1,295.0,2025,M08,1009.0,BMW,BMW Group,Tyskland,El,Nul-emission,SUV/Crossover
Volkswagen ID.3,295.0,2025,M08,1011.0,Volkswagen,Volkswagen Group,Tyskland,El,Nul-emission,Personbil
Mercedes-Benz EQA,273.0,2025,M08,1026.0,Mercedes-Benz,Mercedes-Benz Group,Tyskland,El,Nul-emission,Personbil
Kia EV3,267.0,2025,M08,1033.0,Kia,Hyundai Motor Group,Sydkorea,Benzin,Fossil,Personbil
Renault R5,265.0,2025,M08,1008.0,Renault,Renault Group,Frankrig,Benzin,Fossil,Personbil
Volkswagen ID. Buzz,264.0,2025,M08,1010.0,Volkswagen,Volkswagen Group,Tyskland,El,Nul-emission,Personbil
Volkswagen T-Roc,225.0,2025,M08,1080.0,Volkswagen,Volkswagen Group,Tyskland,Benzin,Fossil,SUV/Crossover
Mercedes-Benz EQB,221.0,2025,M08,1027.0,Mercedes-Benz,Mercedes-Benz Group,Tyskland,El,Nul-emission,Personbil
Toyota Aygo X,220.0,2025,M08,1042.0,Toyota,Toyota Motor Corporation,Japan,Benzin,Fossil,Personbil
Navor E5,210.0,2025,M08,1078.0,Navor,DFSK Motor,Kina,Benzin,Fossil,Personbil
Audi Q4 e-tron,200.0,2025,M08,1003.0,Audi,Volkswagen Group,Tyskland,El,Nul-emission,SUV/Crossover
Cupra Born,196.0,2025,M08,1007.0,Cupra,Volkswagen Group,Tyskland,El,Nul-emission,Personbil
Audi A3,188.0,2025,M08,1064.0,Audi,Volkswagen Group,Tyskland,Benzin,Fossil,Personbil
Audi A5,178.0,2025,M08,1115.0,Audi,Volkswagen Group,Tyskland,Benzin,Fossil,Personbil
Peugeot 3008,173.0,2025,M08,1036.0,Peugeot,Stellantis,Europæisk (Multinational),Benzin,Fossil,Personbil
Toyota Yaris Cross,171.0,2025,M08,1020.0,Toyota,Toyota Motor Corporation,Japan,Benzin,Fossil,SUV/Crossover
Citroen C3 Aircross,169.0,2025,M08,1014.0,Citroen,Stellantis,Europæisk (Multinational),Benzin,Fossil,SUV/Crossover
Tesla Model 3,167.0,2025,M08,1179.0,Tesla,"Tesla, Inc.",USA,El,Nul-emission,Personbil
Volkswagen ID.7,165.0,2025,M08,1017.0,Volkswagen,Volkswagen Group,Tyskland,El,Nul-emission,Personbil
Opel Grandland,157.0,2025,M08,1072.0,Opel,Stellantis,Europæisk (Multinational),Benzin,Fossil,SUV/Crossover
BMW 3'er,148.0,2025,M08,1051.0,BMW,BMW Group,Tyskland,Benzin,Fossil,Personbil
BMW i5,145.0,2025,M08,1049.0,BMW,BMW Group,Tyskland,El,Nul-emission,Personbil
Mercedes-Benz GLC,145.0,2025,M08,1076.0,Mercedes-Benz,Mercedes-Benz Group,Tyskland,Benzin,Fossil,Personbil
Volvo EX40,144.0,2025,M08,1018.0,Volvo,Geely (Lynk & Co),Kina,Benzin,Fossil,SUV/Crossover
Hyundai Inster,138.0,2025,M08,1061.0,Hyundai,Hyundai Motor Group,Sydkorea,Benzin,Fossil,Personbil
BMW X1,136.0,2025,M08,1013.0,BMW,BMW Group,Tyskland,Benzin,Fossil,SUV/Crossover
Peugeot 2008,136.0,2025,M08,1030.0,Peugeot,Stellantis,Europæisk (Multinational),Benzin,Fossil,Personbil
Audi Q6 e-tron,133.0,2025,M08,1160.0,Audi,Volkswagen Group,Tyskland,El,Nul-emission,SUV/Crossover
Suzuki Swift,132.0,2025,M08,1034.0,Suzuki,Suzuki Motor Corporation,Japan,Benzin,Fossil,Personbil
Volkswagen ID.5,131.0,2025,M08,1053.0,Volkswagen,Volkswagen Group,Tyskland,El,Nul-emission,Personbil
Toyota Yaris,123.0,2025,M08,1057.0,Toyota,Toyota Motor Corporation,Japan,Hybrid,Lav-emission,Personbil
Renault Scenic,119.0,2025,M08,1021.0,Renault,Renault Group,Frankrig,Benzin,Fossil,Personbil
Ford Explorer,118.0,2025,M08,1023.0,Ford,Ford Motor Company,USA,Benzin,Fossil,Personbil
Hyundai Ioniq 5,114.0,2025,M08,1050.0,Hyundai,Hyundai Motor Group,Sydkorea,El,Nul-emission,Personbil
Renault Megane E-Tech,107.0,2025,M08,1041.0,Renault,Renault Group,Frankrig,El,Nul-emission,Personbil
Citroen C3,102.0,2025,M08,1012.0,Citroen,Stellantis,Europæisk (Multinational),Benzin,Fossil,Personbil
Ford Puma,100.0,2025,M08,1054.0,Ford,Ford Motor Company,USA,Benzin,Fossil,Personbil
Renault Captur,99.0,2025,M08,1266.0,Renault,Renault Group,Frankrig,Benzin,Fossil,Personbil
Volkswagen Polo,96.0,2025,M08,1140.0,Volkswagen,Volkswagen Group,Tyskland,Benzin,Fossil,Personbil
Mercedes-Benz CLA,91.0,2025,M08,1022.0,Mercedes-Benz,Mercedes-Benz Group,Tyskland,Benzin,Fossil,Personbil
Audi A6 e-tron,88.0,2025,M08,1038.0,Audi,Volkswagen Group,Tyskland,El,Nul-emission,Personbil
Hyundai Kona,85.0,2025,M08,1043.0,Hyundai,Hyundai Motor Group,Sydkorea,Benzin,Fossil,SUV/Crossover
BMW i4,84.0,2025,M08,1045.0,BMW,BMW Group,Tyskland,El,Nul-emission,Personbil
Mercedes-Benz EQE,83.0,2025,M08,1074.0,Mercedes-Benz,Mercedes-Benz Group,Tyskland,El,Nul-emission,Personbil
Skoda Kamiq,83.0,2025,M08,1112.0,Skoda,Volkswagen Group,Tyskland,Benzin,Fossil,SUV/Crossover
Kia EV6,80.0,2025,M08,1069.0,Kia,Hyundai Motor Group,Sydkorea,Benzin,Fossil,Personbil
Mercedes-Benz GLA,80.0,2025,M08,1090.0,Mercedes-Benz,Mercedes-Benz Group,Tyskland,Benzin,Fossil,Personbil
Nissan Ariya,71.0,2025,M08,1070.0,Nissan,Nissan Motor Co.,Japan,Benzin,Fossil,Personbil
Peugeot 208,71.0,2025,M08,1024.0,Peugeot,Stellantis,Europæisk (Multinational),Benzin,Fossil,Personbil
Zeekr 7X,71.0,2025,M08,1028.0,Zeekr,Geely (Lynk & Co),Kina,El,Nul-emission,Personbil
Peugeot 5008,68.0,2025,M08,1039.0,Peugeot,Stellantis,Europæisk (Multinational),Benzin,Fossil,Personbil
Volvo EX30,66.0,2025,M08,1056.0,Volvo,Geely (Lynk & Co),Kina,Benzin,Fossil,SUV/Crossover
Cupra Terramar,65.0,2025,M08,1044.0,Cupra,Volkswagen Group,Tyskland,Benzin,Fossil,Personbil
Polestar 4,64.0,2025,M08,1048.0,Polestar,Geely (Lynk & Co),Kina,El,Nul-emission,Personbil
BMW iX,62.0,2025,M08,1089.0,BMW,BMW Group,Tyskland,El,Nul-emission,Personbil
Polestar 2,58.0,2025,M08,1097.0,Polestar,Geely (Lynk & Co),Kina,El,Nul-emission,Personbil
Ford Capri,57.0,2025,M08,1052.0,Ford,Ford Motor Company,USA,Benzin,Fossil,Personbil
Mercedes-Benz EQE SUV,56.0,2025,M08,1110.0,Mercedes-Benz,Mercedes-Benz Group,Tyskland,El,Nul-emission,SUV/Crossover
BMW 5'er,51.0,2025,M08,1063.0,BMW,BMW Group,Tyskland,Benzin,Fossil,Personbil
Mercedes-Benz GLB,47.0,2025,M08,1088.0,Mercedes-Benz,Mercedes-Benz Group,Tyskland,Benzin,Fossil,Personbil
Dacia Sandero,46.0,2025,M08,1231.0,Dacia,Renault Group,Frankrig,Benzin,Fossil,Personbil
BMW iX2,45.0,2025,M08,1087.0,BMW,BMW Group,Tyskland,El,Nul-emission,SUV/Crossover
BYD Sealion 7,45.0,2025,M08,1096.0,BYD,BYD Auto,Kina,Benzin,Fossil,Personbil
Skoda Scala,45.0,2025,M08,1130.0,Skoda,Volkswagen Group,Tyskland,Benzin,Fossil,Personbil
Opel Frontera,44.0,2025,M08,1077.0,Opel,Stellantis,Europæisk (Multinational),Benzin,Fossil,SUV/Crossover
Skoda Kodiaq,44.0,2025,M08,1047.0,Skoda,Volkswagen Group,Tyskland,Benzin,Fossil,SUV/Crossover
MG ZS,43.0,2025,M08,1040.0,MG,SAIC Motor (MG),Kina,Benzin,Fossil,Personbil
MG 4,39.0,2025,M08,1037.0,MG,SAIC Motor (MG),Kina,Benzin,Fossil,Personbil
BYD Seal U,37.0,2025,M08,1104.0,BYD,BYD Auto,Kina,Benzin,Fossil,Personbil
Ford Kuga,37.0,2025,M08,1060.0,Ford,Ford Motor Company,USA,Hybrid,Lav-emission,Personbil
MG S5,37.0,2025,M08,1046.0,MG,SAIC Motor (MG),Kina,Benzin,Fossil,Personbil
Nissan Qashqai,37.0,2025,M08,1035.0,Nissan,Nissan Motor Co.,Japan,Benzin,Fossil,SUV/Crossover
Hyundai Ioniq 6,36.0,2025,M08,1133.0,Hyundai,Hyundai Motor Group,Sydkorea,El,Nul-emission,Personbil
Mercedes-Benz A-Klasse,36.0,2025,M08,1123.0,Mercedes-Benz,Mercedes-Benz Group,Tyskland,Benzin,Fossil,Personbil
Toyota bZ4X,35.0,2025,M08,1000.0,Toyota,Toyota Motor Corporation,Japan,El,Nul-emission,Personbil
BMW 1'er,34.0,2025,M08,1067.0,BMW,BMW Group,Tyskland,Benzin,Fossil,Personbil
Audi Q5,33.0,2025,M08,1137.0,Audi,Volkswagen Group,Tyskland,Benzin,Fossil,SUV/Crossover
Toyota RAV4,33.0,2025,M08,1273.0,Toyota,Toyota Motor Corporation,Japan,Hybrid,Lav-emission,SUV/Crossover
BYD Dolphin Surf,31.0,2025,M08,1095.0,BYD,BYD Auto,Kina,Benzin,Fossil,Personbil
Kia EV9,31.0,2025,M08,1058.0,Kia,Hyundai Motor Group,Sydkorea,Benzin,Fossil,Personbil
Mercedes-Benz C-Klasse,30.0,2025,M08,1098.0,Mercedes-Benz,Mercedes-Benz Group,Tyskland,Benzin,Fossil,Personbil
Melex 463,29.0,2025,M08,,Melex,Melex Sp. z o.o.,Polen,El,Nul-emission,ATV/UTV/Andet
MAN TGE,28.0,2025,M08,1197.0,MAN,TRATON (Volkswagen Group),Tyskland,Benzin,Fossil,Varebil/MPV
Mini 3-dørs,28.0,2025,M08,1083.0,Mini,BMW Group,Tyskland,Benzin,Fossil,Personbil
Porsche Macan,28.0,2025,M08,1119.0,Porsche,Volkswagen Group,Tyskland,Benzin,Fossil,SUV/Crossover
Suzuki Vitara,28.0,2025,M08,1029.0,Suzuki,Suzuki Motor Corporation,Japan,Benzin,Fossil,SUV/Crossover
Volkswagen Caravelle,27.0,2025,M08,1217.0,Volkswagen,Volkswagen Group,Tyskland,Benzin,Fossil,Varebil/MPV
Xpeng G9,27.0,2025,M08,1068.0,Xpeng,XPeng,Kina,El,Nul-emission,Personbil
Audi Q2,26.0,2025,M08,1071.0,Audi,Volkswagen Group,Tyskland,Benzin,Fossil,SUV/Crossover
Skoda Fabia,26.0,2025,M08,1211.0,Skoda,Volkswagen Group,Tyskland,Benzin,Fossil,Personbil
BYD Dolphin,25.0,2025,M08,1187.0,BYD,BYD Auto,Kina,Benzin,Fossil,Personbil
BMW 4'er,24.0,2025,M08,1185.0,BMW,BMW Group,Tyskland,Benzin,Fossil,Personbil
Volkswagen Passat,23.0,2025,M08,1125.0,Volkswagen,Volkswagen Group,Tyskland,Benzin,Fossil,Personbil
Suzuki SX4,22.0,2025,M08,1131.0,Suzuki,Suzuki Motor Corporation,Japan,Benzin,Fossil,SUV/Crossover
Volvo EX90,22.0,2025,M08,1081.0,Volvo,Geely (Lynk & Co),Kina,Benzin,Fossil,Personbil
Xpeng G6,22.0,2025,M08,1015.0,Xpeng,XPeng,Kina,El,Nul-emission,Personbil
BYD Atto 2,21.0,2025,M08,1106.0,BYD,BYD Auto,Kina,Benzin,Fossil,Personbil
MG HS,21.0,2025,M08,1109.0,MG,SAIC Motor (MG),Kina,Benzin,Fossil,Personbil
Honda CR-V,19.0,2025,M08,1127.0,Honda,Honda Motor Co.,Japan,Hybrid,Lav-emission,Personbil
Mercedes-Benz E-Klasse,19.0,2025,M08,1128.0,Mercedes-Benz,Mercedes-Benz Group,Tyskland,Benzin,Fossil,Personbil
MG 3,19.0,2025,M08,1172.0,MG,SAIC Motor (MG),Kina,Benzin,Fossil,Personbil
Volvo EC40,19.0,2025,M08,1093.0,Volvo,Geely (Lynk & Co),Kina,Benzin,Fossil,Personbil
Ford Tourneo Custom,18.0,2025,M08,1082.0,Ford,Ford Motor Company,USA,Benzin,Fossil,Varebil/MPV
Renault Trafic,18.0,2025,M08,1176.0,Renault,Renault Group,Frankrig,Benzin,Fossil,Varebil/MPV
Audi A6,17.0,2025,M08,1159.0,Audi,Volkswagen Group,Tyskland,Benzin,Fossil,Personbil
Subaru Solterra,17.0,2025,M08,1113.0,Subaru,Subaru Corporation,Japan,Benzin,Fossil,Personbil
Kia Niro,16.0,2025,M08,1244.0,Kia,Hyundai Motor Group,Sydkorea,Benzin,Fossil,Personbil
Omoda 5,16.0,2025,M08,1129.0,Omoda,Chery Group,Kina,Benzin,Fossil,Personbil
Opel Corsa,16.0,2025,M08,1259.0,Opel,Stellantis,Europæisk (Multinational),Benzin,Fossil,Personbil
Renault Clio,16.0,2025,M08,1111.0,Renault,Renault Group,Frankrig,Benzin,Fossil,Personbil
Toyota Corolla Cross,16.0,2025,M08,1124.0,Toyota,Toyota Motor Corporation,Japan,Benzin,Fossil,SUV/Crossover
BYD Atto 3,15.0,2025,M08,1161.0,BYD,BYD Auto,Kina,Benzin,Fossil,Personbil
Honda ZR-V,14.0,2025,M08,1193.0,Honda,Honda Motor Co.,Japan,Benzin,Fossil,Personbil
Hyundai Bayon,14.0,2025,M08,1151.0,Hyundai,Hyundai Motor Group,Sydkorea,Benzin,Fossil,Personbil
Porsche 911,14.0,2025,M08,1264.0,Porsche,Volkswagen Group,Tyskland,Benzin,Fossil,Personbil
Skoda Octavia,14.0,2025,M08,1157.0,Skoda,Volkswagen Group,Tyskland,Benzin,Fossil,Personbil
Volkswagen Tiguan,14.0,2025,M08,1145.0,Volkswagen,Volkswagen Group,Tyskland,Benzin,Fossil,SUV/Crossover
Mazda 6e,13.0,2025,M08,1019.0,Mazda,Mazda Motor Corporation,Japan,Benzin,Fossil,Personbil
Mini Aceman,13.0,2025,M08,1079.0,Mini,BMW Group,Tyskland,El,Nul-emission,Personbil
Toyota Proace Verso,13.0,2025,M08,1135.0,Toyota,Toyota Motor Corporation,Japan,Benzin,Fossil,Varebil/MPV
Volkswagen T-Cross,13.0,2025,M08,1181.0,Volkswagen,Volkswagen Group,Tyskland,Benzin,Fossil,SUV/Crossover
Volkswagen Touran,13.0,2025,M08,1182.0,Volkswagen,Volkswagen Group,Tyskland,Benzin,Fossil,Personbil
BYD Tang,12.0,2025,M08,1126.0,BYD,BYD Auto,Kina,Benzin,Fossil,Personbil
Ford Transit,12.0,2025,M08,1091.0,Ford,Ford Motor Company,USA,Benzin,Fossil,Varebil/MPV
Hongqi EHS7,12.0,2025,M08,1138.0,Hongqi,FAW (Hongqi),Kina,El,Nul-emission,Personbil
Mazda CX-30,12.0,2025,M08,1084.0,Mazda,Mazda Motor Corporation,Japan,Benzin,Fossil,SUV/Crossover
BYD Seal,10.0,2025,M08,1107.0,BYD,BYD Auto,Kina,Benzin,Fossil,Personbil
Honda Civic,10.0,2025,M08,1163.0,Honda,Honda Motor Co.,Japan,Hybrid,Lav-emission,Personbil
Cupra Leon,9.0,2025,M08,1100.0,Cupra,Volkswagen Group,Tyskland,Benzin,Fossil,Personbil
Mini Countryman,9.0,2025,M08,1102.0,Mini,BMW Group,Tyskland,Benzin,Fossil,Personbil
Citroen Berlingo,8.0,2025,M08,1117.0,Citroen,Stellantis,Europæisk (Multinational),Benzin,Fossil,Varebil/MPV
Hyundai I30,8.0,2025,M08,1239.0,Hyundai,Hyundai Motor Group,Sydkorea,Benzin,Fossil,Personbil
KGM Torres EVX,8.0,2025,M08,1108.0,KGM,KG Mobility (tidl. SsangYong),Sydkorea,El,Nul-emission,SUV/Crossover
Lexus RZ,8.0,2025,M08,1075.0,Lexus,Toyota Motor Corporation,Japan,Benzin,Fossil,Personbil
Mercedes-Benz EQV,8.0,2025,M08,1155.0,Mercedes-Benz,Mercedes-Benz Group,Tyskland,El,Nul-emission,Personbil
Mercedes-Benz GLE,8.0,2025,M08,1144.0,Mercedes-Benz,Mercedes-Benz Group,Tyskland,Benzin,Fossil,Personbil
Porsche Taycan,8.0,2025,M08,1175.0,Porsche,Volkswagen Group,Tyskland,El,Nul-emission,Personbil
Toyota Corolla,8.0,2025,M08,1180.0,Toyota,Toyota Motor Corporation,Japan,Hybrid,Lav-emission,Personbil
Hyundai Ioniq 9,7.0,2025,M08,1118.0,Hyundai,Hyundai Motor Group,Sydkorea,El,Nul-emission,Personbil
Hyundai Tucson,7.0,2025,M08,1241.0,Hyundai,Hyundai Motor Group,Sydkorea,Benzin,Fossil,SUV/Crossover
Land Rover Range Rover Sport,7.0,2025,M08,1196.0,Land Rover,Jaguar Land Rover (Tata Motors),Indien,Benzin,Fossil,SUV/Crossover
Mercedes-Benz Sprinter,7.0,2025,M08,1134.0,Mercedes-Benz,Mercedes-Benz Group,Tyskland,Benzin,Fossil,Varebil/MPV
MG Cyberster,7.0,2025,M08,1173.0,MG,SAIC Motor (MG),Kina,Benzin,Fossil,Personbil
Polestar 3,7.0,2025,M08,1263.0,Polestar,Geely (Lynk & Co),Kina,El,Nul-emission,Personbil
Seat Ibiza,7.0,2025,M08,1073.0,Seat,Volkswagen Group,Tyskland,Benzin,Fossil,Personbil
BMW i7,6.0,2025,M08,1146.0,BMW,BMW Group,Tyskland,El,Nul-emission,Personbil
BMW i7,6.0,2025,M08,,BMW,BMW Group,Tyskland,El,Nul-emission,Personbil
Honda e:Ny1,6.0,2025,M08,1086.0,Honda,Honda Motor Co.,Japan,El,Nul-emission,Personbil
Porsche Cayenne,6.0,2025,M08,1208.0,Porsche,Volkswagen Group,Tyskland,Benzin,Fossil,SUV/Crossover
Volvo XC60,6.0,2025,M08,1275.0,Volvo,Geely (Lynk & Co),Kina,Benzin,Fossil,Personbil
Volvo XC90,6.0,2025,M08,1276.0,Volvo,Geely (Lynk & Co),Kina,Benzin,Fossil,Personbil
Yunlong JJ2000DBP,6.0,2025,M08,1277.0,Yunlong,MG,Kina,Benzin,Fossil,Personbil
BMW X3,5.0,2025,M08,1141.0,BMW,BMW Group,Tyskland,Benzin,Fossil,SUV/Crossover
BMW X5,5.0,2025,M08,1186.0,BMW,BMW Group,Tyskland,Benzin,Fossil,SUV/Crossover
Dacia Bigster,5.0,2025,M08,1278.0,Dacia,Renault Group,Frankrig,Benzin,Fossil,Personbil
Honda Jazz,5.0,2025,M08,1150.0,Honda,Honda Motor Co.,Japan,Benzin,Fossil,Personbil
Mazda 2,5.0,2025,M08,1153.0,Mazda,Mazda Motor Corporation,Japan,Benzin,Fossil,Personbil
Mazda CX-80,5.0,2025,M08,1168.0,Mazda,Mazda Motor Corporation,Japan,Benzin,Fossil,SUV/Crossover
Mercedes-Benz V-Klasse,5.0,2025,M08,1171.0,Mercedes-Benz,Mercedes-Benz Group,Tyskland,Benzin,Fossil,Personbil
Skoda Kodiaq iV,5.0,2025,M08,1267.0,Skoda,Volkswagen Group,Tyskland,Hybrid,Lav-emission,SUV/Crossover
Honda HR-V,4.0,2025,M08,1149.0,Honda,Honda Motor Co.,Japan,Benzin,Fossil,Personbil
Kia Picanto,4.0,2025,M08,1245.0,Kia,Hyundai Motor Group,Sydkorea,Benzin,Fossil,Personbil
Seat Arona,4.0,2025,M08,1177.0,Seat,Volkswagen Group,Tyskland,Benzin,Fossil,Personbil
Hyundai I20,3.0,2025,M08,1238.0,Hyundai,Hyundai Motor Group,Sydkorea,Benzin,Fossil,Personbil
Jeep Avenger,3.0,2025,M08,1242.0,Jeep,Stellantis,Europæisk (Multinational),Benzin,Fossil,SUV/Crossover
Mazda MX-5,3.0,2025,M08,1346.0,Mazda,Mazda Motor Corporation,Japan,Benzin,Fossil,Personbil
Nio Firefly,3.0,2025,M08,1203.0,Nio,NIO,Kina,El,Nul-emission,Personbil
Opel Zafira,3.0,2025,M08,1205.0,Opel,Stellantis,Europæisk (Multinational),Benzin,Fossil,Varebil/MPV
Polaris Ranger,3.0,2025,M08,1404.0,Polaris,Polaris,USA,Benzin,Fossil,ATV/UTV/Andet
Subaru Crosstrek,3.0,2025,M08,1381.0,Subaru,Subaru Corporation,Japan,Benzin,Fossil,SUV/Crossover
Subaru Forester,3.0,2025,M08,1212.0,Subaru,Subaru Corporation,Japan,Benzin,Fossil,SUV/Crossover
Toyota C-HR,3.0,2025,M08,1271.0,Toyota,Toyota Motor Corporation,Japan,Hybrid,Lav-emission,Personbil
Volvo V90,3.0,2025,M08,1220.0,Volvo,Geely (Lynk & Co),Kina,Benzin,Fossil,Personbil
Zeekr 001,3.0,2025,M08,1136.0,Zeekr,Geely (Lynk & Co),Kina,El,Nul-emission,Personbil
Zeekr X,3.0,2025,M08,1114.0,Zeekr,Geely (Lynk & Co),Kina,El,Nul-emission,Personbil
BMW 2'er,2.0,2025,M08,1223.0,BMW,BMW Group,Tyskland,Benzin,Fossil,Personbil
Ford Transit Custom,2.0,2025,M08,1192.0,Ford,Ford Motor Company,USA,Benzin,Fossil,Varebil/MPV
Lamborghini Urus,2.0,2025,M08,1394.0,Lamborghini,Volkswagen Group,Tyskland,Benzin,Fossil,SUV/Crossover
Lexus NX,2.0,2025,M08,1252.0,Lexus,Toyota Motor Corporation,Japan,Hybrid,Lav-emission,Personbil
Lynk & Co 02,2.0,2025,M08,1143.0,Lynk & Co,Geely (Lynk & Co),Kina,Benzin,Fossil,Personbil
Maserati Grecale,2.0,2025,M08,1152.0,Maserati,Stellantis,Europæisk (Multinational),Benzin,Fossil,Personbil
Maxus e-Deliver 9,2.0,2025,M08,1166.0,Maxus,SAIC Motor (Maxus),Kina,Benzin,Fossil,Varebil/MPV
Mazda MX-30,2.0,2025,M08,1199.0,Mazda,Mazda Motor Corporation,Japan,Benzin,Fossil,Personbil
Mercedes-Benz AMG GT,2.0,2025,M08,1312.0,Mercedes-Benz,Mercedes-Benz Group,Tyskland,Benzin,Fossil,Personbil
Mercedes-Benz EQS SUV,2.0,2025,M08,1200.0,Mercedes-Benz,Mercedes-Benz Group,Tyskland,El,Nul-emission,SUV/Crossover
Mercedes-Benz Vito Tourer,2.0,2025,M08,1092.0,Mercedes-Benz,Mercedes-Benz Group,Tyskland,Benzin,Fossil,Varebil/MPV
Nio ET5,2.0,2025,M08,1354.0,Nio,NIO,Kina,El,Nul-emission,Personbil
Nissan Juke,2.0,2025,M08,1103.0,Nissan,Nissan Motor Co.,Japan,Benzin,Fossil,SUV/Crossover
Nissan X-Trail,2.0,2025,M08,1204.0,Nissan,Nissan Motor Co.,Japan,Hybrid,Lav-emission,Personbil
Porsche Cayman,2.0,2025,M08,1323.0,Porsche,Volkswagen Group,Tyskland,Benzin,Fossil,Personbil
Renault R4,2.0,2025,M08,1016.0,Renault,Renault Group,Frankrig,Benzin,Fossil,Personbil
Skoda Superb,2.0,2025,M08,1139.0,Skoda,Volkswagen Group,Tyskland,Benzin,Fossil,Personbil
Subaru Outback,2.0,2025,M08,1178.0,Subaru,Subaru Corporation,Japan,Benzin,Fossil,SUV/Crossover
Volkswagen Crafter,2.0,2025,M08,1218.0,Volkswagen,Volkswagen Group,Tyskland,Benzin,Fossil,Varebil/MPV
Xpeng P7,2.0,2025,M08,1279.0,Xpeng,XPeng,Kina,El,Nul-emission,Personbil
Alfa Romeo Junior,1.0,2025,M08,1221.0,Alfa Romeo,Stellantis,Europæisk (Multinational),Benzin,Fossil,SUV/Crossover
Audi Q7,1.0,2025,M08,1293.0,Audi,Volkswagen Group,Tyskland,Benzin,Fossil,SUV/Crossover
Bach YM2000DP,1.0,2025,M08,1294.0,Bach,Bach,Danmark,El,Nul-emission,Kabinescooter
Bentley Bentayga,1.0,2025,M08,1183.0,Bentley,Volkswagen Group,Tyskland,Benzin,Fossil,Personbil
Bernards XY50E,1.0,2025,M08,,Bernards,Bernards,Ukendt,Benzin,Fossil,Personbil
BMW i3,1.0,2025,M08,1342.0,BMW,BMW Group,Tyskland,El,Nul-emission,Personbil
BMW i3,1.0,2025,M08,,BMW,BMW Group,Tyskland,El,Nul-emission,Personbil
Can-Am Spyder,1.0,2025,M08,,Can-Am,Bombardier Recreational Products,Canada,Benzin,Fossil,ATV/UTV/Andet
CFMOTO CForce 520L,1.0,2025,M08,,CFMOTO,CFMOTO,Kina,Benzin,Fossil,ATV/UTV/Andet
Ferrari 12Cilindri,1.0,2025,M08,,Ferrari,Ferrari,Italien,Benzin,Fossil,Personbil
Ferrari Purosangue,1.0,2025,M08,1190.0,Ferrari,Ferrari,Italien,Benzin,Fossil,Personbil
Ford Mustang Mach-E,1.0,2025,M08,1147.0,Ford,Ford Motor Company,USA,Benzin,Fossil,Personbil
Harley Davidson FLHTCUTG,1.0,2025,M08,,Harley Davidson,Harley Davidson,USA,Benzin,Fossil,ATV/UTV/Andet
Hongqi EH7,1.0,2025,M08,1194.0,Hongqi,FAW (Hongqi),Kina,El,Nul-emission,Personbil
Hyundai I10,1.0,2025,M08,1237.0,Hyundai,Hyundai Motor Group,Sydkorea,Benzin,Fossil,Personbil
Hyundai Santa Fe,1.0,2025,M08,1240.0,Hyundai,Hyundai Motor Group,Sydkorea,Benzin,Fossil,SUV/Crossover
JAC E30X,1.0,2025,M08,1195.0,JAC,JAC Motors,Kina,Benzin,Fossil,Personbil
Kandi Cowboy,1.0,2025,M08,,Kandi,Chery Group,Kina,Benzin,Fossil,Personbil
Land Rover Range Rover,1.0,2025,M08,1283.0,Land Rover,Jaguar Land Rover (Tata Motors),Indien,Benzin,Fossil,SUV/Crossover
Lexus LBX,1.0,2025,M08,1165.0,Lexus,Toyota Motor Corporation,Japan,Benzin,Fossil,Personbil
Mazda CX-60,1.0,2025,M08,1255.0,Mazda,Mazda Motor Corporation,Japan,Benzin,Fossil,SUV/Crossover
Mercedes-Benz G-Klasse,1.0,2025,M08,1170.0,Mercedes-Benz,Mercedes-Benz Group,Tyskland,Benzin,Fossil,Personbil
Mercedes-Benz S-Klasse,1.0,2025,M08,1201.0,Mercedes-Benz,Mercedes-Benz Group,Tyskland,Benzin,Fossil,Personbil
Nio EL6,1.0,2025,M08,1362.0,Nio,NIO,Kina,El,Nul-emission,Personbil
Peugeot 308,1.0,2025,M08,1206.0,Peugeot,Stellantis,Europæisk (Multinational),Benzin,Fossil,Personbil
Porsche Panamera,1.0,2025,M08,1265.0,Porsche,Volkswagen Group,Tyskland,Benzin,Fossil,Personbil
Silence S04,1.0,2025,M08,,Silence,Silence,Ukendt,Benzin,Fossil,Personbil
Skoda Karoq,1.0,2025,M08,1094.0,Skoda,Volkswagen Group,Tyskland,Benzin,Fossil,SUV/Crossover
Toyota Proace City Verso,1.0,2025,M08,1327.0,Toyota,Toyota Motor Corporation,Japan,Benzin,Fossil,Varebil/MPV
Toyota Verso,1.0,2025,M08,,Toyota,Toyota Motor Corporation,Japan,Benzin,Fossil,Personbil
Volkswagen Caddy,1.0,2025,M08,1216.0,Volkswagen,Volkswagen Group,Tyskland,Benzin,Fossil,Varebil/MPV
Yunlong JJ5000BP,1.0,2025,M08,,Yunlong,MG,Kina,Benzin,Fossil,Personbil
Volkswagen ID.4,502.0,2024,M08,1005.0,Volkswagen,Volkswagen Group,Tyskland,El,Nul-emission,Personbil
Skoda Enyaq iV,670.0,2024,M08,1006.0,Skoda,Volkswagen Group,Tyskland,El,Nul-emission,Personbil
Cupra Formentor,68.0,2024,M08,1062.0,Cupra,Volkswagen Group,Tyskland,Benzin,Fossil,Personbil
Cupra Tavascan,1.0,2024,M08,1065.0,Cupra,Volkswagen Group,Tyskland,Benzin,Fossil,Personbil
Tesla Model Y,572.0,2024,M08,1002.0,Tesla,"Tesla, Inc.",USA,El,Nul-emission,Personbil
BMW iX1,163.0,2024,M08,1009.0,BMW,BMW Group,Tyskland,El,Nul-emission,SUV/Crossover
Volkswagen ID.3,356.0,2024,M08,1011.0,Volkswagen,Volkswagen Group,Tyskland,El,Nul-emission,Personbil
Mercedes-Benz EQA,332.0,2024,M08,1026.0,Mercedes-Benz,Mercedes-Benz Group,Tyskland,El,Nul-emission,Personbil
Volkswagen ID. Buzz,10.0,2024,M08,1010.0,Volkswagen,Volkswagen Group,Tyskland,El,Nul-emission,Personbil
Volkswagen T-Roc,510.0,2024,M08,1080.0,Volkswagen,Volkswagen Group,Tyskland,Benzin,Fossil,SUV/Crossover
Mercedes-Benz EQB,169.0,2024,M08,1027.0,Mercedes-Benz,Mercedes-Benz Group,Tyskland,El,Nul-emission,Personbil
Toyota Aygo X,196.0,2024,M08,1042.0,Toyota,Toyota Motor Corporation,Japan,Benzin,Fossil,Personbil
Audi Q4 e-tron,386.0,2024,M08,1003.0,Audi,Volkswagen Group,Tyskland,El,Nul-emission,SUV/Crossover
Cupra Born,94.0,2024,M08,1007.0,Cupra,Volkswagen Group,Tyskland,El,Nul-emission,Personbil
Audi A3,134.0,2024,M08,1064.0,Audi,Volkswagen Group,Tyskland,Benzin,Fossil,Personbil
Audi A5,11.0,2024,M08,1115.0,Audi,Volkswagen Group,Tyskland,Benzin,Fossil,Personbil
Peugeot 3008,211.0,2024,M08,1036.0,Peugeot,Stellantis,Europæisk (Multinational),Benzin,Fossil,Personbil
Toyota Yaris Cross,164.0,2024,M08,1020.0,Toyota,Toyota Motor Corporation,Japan,Benzin,Fossil,SUV/Crossover
Citroen C3 Aircross,68.0,2024,M08,1014.0,Citroen,Stellantis,Europæisk (Multinational),Benzin,Fossil,SUV/Crossover
Tesla Model 3,239.0,2024,M08,1179.0,Tesla,"Tesla, Inc.",USA,El,Nul-emission,Personbil
Volkswagen ID.7,170.0,2024,M08,1017.0,Volkswagen,Volkswagen Group,Tyskland,El,Nul-emission,Personbil
BMW 3'er,266.0,2024,M08,1051.0,BMW,BMW Group,Tyskland,Benzin,Fossil,Personbil
BMW i5,176.0,2024,M08,1049.0,BMW,BMW Group,Tyskland,El,Nul-emission,Personbil
Mercedes-Benz GLC,7.0,2024,M08,1076.0,Mercedes-Benz,Mercedes-Benz Group,Tyskland,Benzin,Fossil,Personbil
Volvo EX40,104.0,2024,M08,1018.0,Volvo,Geely (Lynk & Co),Kina,Benzin,Fossil,SUV/Crossover
BMW X1,25.0,2024,M08,1013.0,BMW,BMW Group,Tyskland,Benzin,Fossil,SUV/Crossover
Peugeot 2008,105.0,2024,M08,1030.0,Peugeot,Stellantis,Europæisk (Multinational),Benzin,Fossil,Personbil
Audi Q6 e-tron,72.0,2024,M08,1160.0,Audi,Volkswagen Group,Tyskland,El,Nul-emission,SUV/Crossover
Suzuki Swift,194.0,2024,M08,1034.0,Suzuki,Suzuki Motor Corporation,Japan,Benzin,Fossil,Personbil
Volkswagen ID.5,95.0,2024,M08,1053.0,Volkswagen,Volkswagen Group,Tyskland,El,Nul-emission,Personbil
Toyota Yaris,171.0,2024,M08,1057.0,Toyota,Toyota Motor Corporation,Japan,Hybrid,Lav-emission,Personbil
Renault Scenic,225.0,2024,M08,1021.0,Renault,Renault Group,Frankrig,Benzin,Fossil,Personbil
Ford Explorer,133.0,2024,M08,1023.0,Ford,Ford Motor Company,USA,Benzin,Fossil,Personbil
Hyundai Ioniq 5,38.0,2024,M08,1050.0,Hyundai,Hyundai Motor Group,Sydkorea,El,Nul-emission,Personbil
Renault Megane E-Tech,71.0,2024,M08,1041.0,Renault,Renault Group,Frankrig,El,Nul-emission,Personbil
Citroen C3,95.0,2024,M08,1012.0,Citroen,Stellantis,Europæisk (Multinational),Benzin,Fossil,Personbil
Ford Puma,12.0,2024,M08,1054.0,Ford,Ford Motor Company,USA,Benzin,Fossil,Personbil
Renault Captur,8.0,2024,M08,1266.0,Renault,Renault Group,Frankrig,Benzin,Fossil,Personbil
Volkswagen Polo,158.0,2024,M08,1140.0,Volkswagen,Volkswagen Group,Tyskland,Benzin,Fossil,Personbil
Mercedes-Benz CLA,42.0,2024,M08,1022.0,Mercedes-Benz,Mercedes-Benz Group,Tyskland,Benzin,Fossil,Personbil
Hyundai Kona,78.0,2024,M08,1043.0,Hyundai,Hyundai Motor Group,Sydkorea,Benzin,Fossil,SUV/Crossover
BMW i4,38.0,2024,M08,1045.0,BMW,BMW Group,Tyskland,El,Nul-emission,Personbil
Mercedes-Benz EQE,70.0,2024,M08,1074.0,Mercedes-Benz,Mercedes-Benz Group,Tyskland,El,Nul-emission,Personbil
Skoda Kamiq,149.0,2024,M08,1112.0,Skoda,Volkswagen Group,Tyskland,Benzin,Fossil,SUV/Crossover
Kia EV6,61.0,2024,M08,1069.0,Kia,Hyundai Motor Group,Sydkorea,Benzin,Fossil,Personbil
Mercedes-Benz GLA,56.0,2024,M08,1090.0,Mercedes-Benz,Mercedes-Benz Group,Tyskland,Benzin,Fossil,Personbil
Nissan Ariya,96.0,2024,M08,1070.0,Nissan,Nissan Motor Co.,Japan,Benzin,Fossil,Personbil
Peugeot 208,81.0,2024,M08,1024.0,Peugeot,Stellantis,Europæisk (Multinational),Benzin,Fossil,Personbil
Peugeot 5008,39.0,2024,M08,1039.0,Peugeot,Stellantis,Europæisk (Multinational),Benzin,Fossil,Personbil
Volvo EX30,165.0,2024,M08,1056.0,Volvo,Geely (Lynk & Co),Kina,Benzin,Fossil,SUV/Crossover
Polestar 4,58.0,2024,M08,1048.0,Polestar,Geely (Lynk & Co),Kina,El,Nul-emission,Personbil
BMW iX,15.0,2024,M08,1089.0,BMW,BMW Group,Tyskland,El,Nul-emission,Personbil
Polestar 2,105.0,2024,M08,1097.0,Polestar,Geely (Lynk & Co),Kina,El,Nul-emission,Personbil
Mercedes-Benz EQE SUV,72.0,2024,M08,1110.0,Mercedes-Benz,Mercedes-Benz Group,Tyskland,El,Nul-emission,SUV/Crossover
BMW 5'er,27.0,2024,M08,1063.0,BMW,BMW Group,Tyskland,Benzin,Fossil,Personbil
Mercedes-Benz GLB,65.0,2024,M08,1088.0,Mercedes-Benz,Mercedes-Benz Group,Tyskland,Benzin,Fossil,Personbil
Dacia Sandero,51.0,2024,M08,1231.0,Dacia,Renault Group,Frankrig,Benzin,Fossil,Personbil
BMW iX2,44.0,2024,M08,1087.0,BMW,BMW Group,Tyskland,El,Nul-emission,SUV/Crossover
Skoda Scala,35.0,2024,M08,1130.0,Skoda,Volkswagen Group,Tyskland,Benzin,Fossil,Personbil
Skoda Kodiaq,29.0,2024,M08,1047.0,Skoda,Volkswagen Group,Tyskland,Benzin,Fossil,SUV/Crossover
MG ZS,5.0,2024,M08,1040.0,MG,SAIC Motor (MG),Kina,Benzin,Fossil,Personbil
MG 4,41.0,2024,M08,1037.0,MG,SAIC Motor (MG),Kina,Benzin,Fossil,Personbil
BYD Seal U,69.0,2024,M08,1104.0,BYD,BYD Auto,Kina,Benzin,Fossil,Personbil
Ford Kuga,102.0,2024,M08,1060.0,Ford,Ford Motor Company,USA,Hybrid,Lav-emission,Personbil
Nissan Qashqai,164.0,2024,M08,1035.0,Nissan,Nissan Motor Co.,Japan,Benzin,Fossil,SUV/Crossover
Hyundai Ioniq 6,11.0,2024,M08,1133.0,Hyundai,Hyundai Motor Group,Sydkorea,El,Nul-emission,Personbil
Mercedes-Benz A-Klasse,92.0,2024,M08,1123.0,Mercedes-Benz,Mercedes-Benz Group,Tyskland,Benzin,Fossil,Personbil
Toyota bZ4X,166.0,2024,M08,1000.0,Toyota,Toyota Motor Corporation,Japan,El,Nul-emission,Personbil
BMW 1'er,39.0,2024,M08,1067.0,BMW,BMW Group,Tyskland,Benzin,Fossil,Personbil
Audi Q5,111.0,2024,M08,1137.0,Audi,Volkswagen Group,Tyskland,Benzin,Fossil,SUV/Crossover
Toyota RAV4,14.0,2024,M08,1273.0,Toyota,Toyota Motor Corporation,Japan,Hybrid,Lav-emission,SUV/Crossover
Kia EV9,10.0,2024,M08,1058.0,Kia,Hyundai Motor Group,Sydkorea,Benzin,Fossil,Personbil
Mercedes-Benz C-Klasse,104.0,2024,M08,1098.0,Mercedes-Benz,Mercedes-Benz Group,Tyskland,Benzin,Fossil,Personbil
MAN TGE,3.0,2024,M08,1197.0,MAN,TRATON (Volkswagen Group),Tyskland,Benzin,Fossil,Varebil/MPV
Mini 3-dørs,55.0,2024,M08,1083.0,Mini,BMW Group,Tyskland,Benzin,Fossil,Personbil
Suzuki Vitara,26.0,2024,M08,1029.0,Suzuki,Suzuki Motor Corporation,Japan,Benzin,Fossil,SUV/Crossover
Volkswagen Caravelle,4.0,2024,M08,1217.0,Volkswagen,Volkswagen Group,Tyskland,Benzin,Fossil,Varebil/MPV
Xpeng G9,104.0,2024,M08,1068.0,Xpeng,XPeng,Kina,El,Nul-emission,Personbil
Audi Q2,236.0,2024,M08,1071.0,Audi,Volkswagen Group,Tyskland,Benzin,Fossil,SUV/Crossover
Skoda Fabia,82.0,2024,M08,1211.0,Skoda,Volkswagen Group,Tyskland,Benzin,Fossil,Personbil
BYD Dolphin,143.0,2024,M08,1187.0,BYD,BYD Auto,Kina,Benzin,Fossil,Personbil
BMW 4'er,3.0,2024,M08,1185.0,BMW,BMW Group,Tyskland,Benzin,Fossil,Personbil
Volkswagen Passat,60.0,2024,M08,1125.0,Volkswagen,Volkswagen Group,Tyskland,Benzin,Fossil,Personbil
Suzuki SX4,27.0,2024,M08,1131.0,Suzuki,Suzuki Motor Corporation,Japan,Benzin,Fossil,SUV/Crossover
Xpeng G6,135.0,2024,M08,1015.0,Xpeng,XPeng,Kina,El,Nul-emission,Personbil
Honda CR-V,11.0,2024,M08,1127.0,Honda,Honda Motor Co.,Japan,Hybrid,Lav-emission,Personbil
Mercedes-Benz E-Klasse,16.0,2024,M08,1128.0,Mercedes-Benz,Mercedes-Benz Group,Tyskland,Benzin,Fossil,Personbil
Volvo EC40,14.0,2024,M08,1093.0,Volvo,Geely (Lynk & Co),Kina,Benzin,Fossil,Personbil
Ford Tourneo Custom,11.0,2024,M08,1082.0,Ford,Ford Motor Company,USA,Benzin,Fossil,Varebil/MPV
Renault Trafic,2.0,2024,M08,1176.0,Renault,Renault Group,Frankrig,Benzin,Fossil,Varebil/MPV
Audi A6,3.0,2024,M08,1159.0,Audi,Volkswagen Group,Tyskland,Benzin,Fossil,Personbil
Subaru Solterra,12.0,2024,M08,1113.0,Subaru,Subaru Corporation,Japan,Benzin,Fossil,Personbil
Kia Niro,184.0,2024,M08,1244.0,Kia,Hyundai Motor Group,Sydkorea,Benzin,Fossil,Personbil
Opel Corsa,53.0,2024,M08,1259.0,Opel,Stellantis,Europæisk (Multinational),Benzin,Fossil,Personbil
Renault Clio,167.0,2024,M08,1111.0,Renault,Renault Group,Frankrig,Benzin,Fossil,Personbil
Toyota Corolla Cross,82.0,2024,M08,1124.0,Toyota,Toyota Motor Corporation,Japan,Benzin,Fossil,SUV/Crossover
BYD Atto 3,20.0,2024,M08,1161.0,BYD,BYD Auto,Kina,Benzin,Fossil,Personbil
Porsche 911,1.0,2024,M08,1264.0,Porsche,Volkswagen Group,Tyskland,Benzin,Fossil,Personbil
Skoda Octavia,22.0,2024,M08,1157.0,Skoda,Volkswagen Group,Tyskland,Benzin,Fossil,Personbil
Volkswagen Tiguan,15.0,2024,M08,1145.0,Volkswagen,Volkswagen Group,Tyskland,Benzin,Fossil,SUV/Crossover
Toyota Proace Verso,2.0,2024,M08,1135.0,Toyota,Toyota Motor Corporation,Japan,Benzin,Fossil,Varebil/MPV
Volkswagen T-Cross,147.0,2024,M08,1181.0,Volkswagen,Volkswagen Group,Tyskland,Benzin,Fossil,SUV/Crossover
Volkswagen Touran,26.0,2024,M08,1182.0,Volkswagen,Volkswagen Group,Tyskland,Benzin,Fossil,Personbil
BYD Tang,6.0,2024,M08,1126.0,BYD,BYD Auto,Kina,Benzin,Fossil,Personbil
Ford Transit,14.0,2024,M08,1091.0,Ford,Ford Motor Company,USA,Benzin,Fossil,Varebil/MPV
Mazda CX-30,7.0,2024,M08,1084.0,Mazda,Mazda Motor Corporation,Japan,Benzin,Fossil,SUV/Crossover
BYD Seal,64.0,2024,M08,1107.0,BYD,BYD Auto,Kina,Benzin,Fossil,Personbil
Honda Civic,4.0,2024,M08,1163.0,Honda,Honda Motor Co.,Japan,Hybrid,Lav-emission,Personbil
Cupra Leon,34.0,2024,M08,1100.0,Cupra,Volkswagen Group,Tyskland,Benzin,Fossil,Personbil
Mini Countryman,26.0,2024,M08,1102.0,Mini,BMW Group,Tyskland,Benzin,Fossil,Personbil
Hyundai I30,11.0,2024,M08,1239.0,Hyundai,Hyundai Motor Group,Sydkorea,Benzin,Fossil,Personbil
KGM Torres EVX,8.0,2024,M08,1108.0,KGM,KG Mobility (tidl. SsangYong),Sydkorea,El,Nul-emission,SUV/Crossover
Lexus RZ,5.0,2024,M08,1075.0,Lexus,Toyota Motor Corporation,Japan,Benzin,Fossil,Personbil
Mercedes-Benz EQV,3.0,2024,M08,1155.0,Mercedes-Benz,Mercedes-Benz Group,Tyskland,El,Nul-emission,Personbil
Mercedes-Benz GLE,6.0,2024,M08,1144.0,Mercedes-Benz,Mercedes-Benz Group,Tyskland,Benzin,Fossil,Personbil
Porsche Taycan,9.0,2024,M08,1175.0,Porsche,Volkswagen Group,Tyskland,El,Nul-emission,Personbil
Toyota Corolla,23.0,2024,M08,1180.0,Toyota,Toyota Motor Corporation,Japan,Hybrid,Lav-emission,Personbil
Hyundai Tucson,49.0,2024,M08,1241.0,Hyundai,Hyundai Motor Group,Sydkorea,Benzin,Fossil,SUV/Crossover
Mercedes-Benz Sprinter,19.0,2024,M08,1134.0,Mercedes-Benz,Mercedes-Benz Group,Tyskland,Benzin,Fossil,Varebil/MPV
Polestar 3,1.0,2024,M08,1263.0,Polestar,Geely (Lynk & Co),Kina,El,Nul-emission,Personbil
Seat Ibiza,105.0,2024,M08,1073.0,Seat,Volkswagen Group,Tyskland,Benzin,Fossil,Personbil
BMW i7,8.0,2024,M08,1146.0,BMW,BMW Group,Tyskland,El,Nul-emission,Personbil
BMW i7,8.0,2024,M08,,BMW,BMW Group,Tyskland,El,Nul-emission,Personbil
Honda e:Ny1,16.0,2024,M08,1086.0,Honda,Honda Motor Co.,Japan,El,Nul-emission,Personbil
Porsche Cayenne,13.0,2024,M08,1208.0,Porsche,Volkswagen Group,Tyskland,Benzin,Fossil,SUV/Crossover
Volvo XC60,21.0,2024,M08,1275.0,Volvo,Geely (Lynk & Co),Kina,Benzin,Fossil,Personbil
Volvo XC90,5.0,2024,M08,1276.0,Volvo,Geely (Lynk & Co),Kina,Benzin,Fossil,Personbil
Yunlong JJ2000DBP,1.0,2024,M08,1277.0,Yunlong,MG,Kina,Benzin,Fossil,Personbil
BMW X3,5.0,2024,M08,1141.0,BMW,BMW Group,Tyskland,Benzin,Fossil,SUV/Crossover
BMW X5,9.0,2024,M08,1186.0,BMW,BMW Group,Tyskland,Benzin,Fossil,SUV/Crossover
Honda Jazz,3.0,2024,M08,1150.0,Honda,Honda Motor Co.,Japan,Benzin,Fossil,Personbil
Mazda 2,47.0,2024,M08,1153.0,Mazda,Mazda Motor Corporation,Japan,Benzin,Fossil,Personbil
Mercedes-Benz V-Klasse,9.0,2024,M08,1171.0,Mercedes-Benz,Mercedes-Benz Group,Tyskland,Benzin,Fossil,Personbil
Skoda Kodiaq iV,1.0,2024,M08,1267.0,Skoda,Volkswagen Group,Tyskland,Hybrid,Lav-emission,SUV/Crossover
Honda HR-V,11.0,2024,M08,1149.0,Honda,Honda Motor Co.,Japan,Benzin,Fossil,Personbil
Kia Picanto,59.0,2024,M08,1245.0,Kia,Hyundai Motor Group,Sydkorea,Benzin,Fossil,Personbil
Seat Arona,53.0,2024,M08,1177.0,Seat,Volkswagen Group,Tyskland,Benzin,Fossil,Personbil
Hyundai I20,64.0,2024,M08,1238.0,Hyundai,Hyundai Motor Group,Sydkorea,Benzin,Fossil,Personbil
Jeep Avenger,4.0,2024,M08,1242.0,Jeep,Stellantis,Europæisk (Multinational),Benzin,Fossil,SUV/Crossover
Mazda MX-5,10.0,2024,M08,1346.0,Mazda,Mazda Motor Corporation,Japan,Benzin,Fossil,Personbil
Opel Zafira,8.0,2024,M08,1205.0,Opel,Stellantis,Europæisk (Multinational),Benzin,Fossil,Varebil/MPV
Polaris Ranger,1.0,2024,M08,1404.0,Polaris,Polaris,USA,Benzin,Fossil,ATV/UTV/Andet
Subaru Forester,3.0,2024,M08,1212.0,Subaru,Subaru Corporation,Japan,Benzin,Fossil,SUV/Crossover
Toyota C-HR,29.0,2024,M08,1271.0,Toyota,Toyota Motor Corporation,Japan,Hybrid,Lav-emission,Personbil
Volvo V90,9.0,2024,M08,1220.0,Volvo,Geely (Lynk & Co),Kina,Benzin,Fossil,Personbil
BMW 2'er,9.0,2024,M08,1223.0,BMW,BMW Group,Tyskland,Benzin,Fossil,Personbil
Ford Transit Custom,4.0,2024,M08,1192.0,Ford,Ford Motor Company,USA,Benzin,Fossil,Varebil/MPV
Maserati Grecale,1.0,2024,M08,1152.0,Maserati,Stellantis,Europæisk (Multinational),Benzin,Fossil,Personbil
Mazda MX-30,40.0,2024,M08,1199.0,Mazda,Mazda Motor Corporation,Japan,Benzin,Fossil,Personbil
Mercedes-Benz AMG GT,2.0,2024,M08,1312.0,Mercedes-Benz,Mercedes-Benz Group,Tyskland,Benzin,Fossil,Personbil
Mercedes-Benz EQS SUV,1.0,2024,M08,1200.0,Mercedes-Benz,Mercedes-Benz Group,Tyskland,El,Nul-emission,SUV/Crossover
Mercedes-Benz Vito Tourer,17.0,2024,M08,1092.0,Mercedes-Benz,Mercedes-Benz Group,Tyskland,Benzin,Fossil,Varebil/MPV
Nissan Juke,14.0,2024,M08,1103.0,Nissan,Nissan Motor Co.,Japan,Benzin,Fossil,SUV/Crossover
Nissan X-Trail,2.0,2024,M08,1204.0,Nissan,Nissan Motor Co.,Japan,Hybrid,Lav-emission,Personbil
Porsche Cayman,3.0,2024,M08,1323.0,Porsche,Volkswagen Group,Tyskland,Benzin,Fossil,Personbil
Skoda Superb,9.0,2024,M08,1139.0,Skoda,Volkswagen Group,Tyskland,Benzin,Fossil,Personbil
Subaru Outback,1.0,2024,M08,1178.0,Subaru,Subaru Corporation,Japan,Benzin,Fossil,SUV/Crossover
Volkswagen Crafter,5.0,2024,M08,1218.0,Volkswagen,Volkswagen Group,Tyskland,Benzin,Fossil,Varebil/MPV
Xpeng P7,9.0,2024,M08,1279.0,Xpeng,XPeng,Kina,El,Nul-emission,Personbil
Audi Q7,3.0,2024,M08,1293.0,Audi,Volkswagen Group,Tyskland,Benzin,Fossil,SUV/Crossover
Ferrari Purosangue,1.0,2024,M08,1190.0,Ferrari,Ferrari,Italien,Benzin,Fossil,Personbil
Ford Mustang Mach-E,33.0,2024,M08,1147.0,Ford,Ford Motor Company,USA,Benzin,Fossil,Personbil
Hyundai I10,84.0,2024,M08,1237.0,Hyundai,Hyundai Motor Group,Sydkorea,Benzin,Fossil,Personbil
Hyundai Santa Fe,2.0,2024,M08,1240.0,Hyundai,Hyundai Motor Group,Sydkorea,Benzin,Fossil,SUV/Crossover
Land Rover Range Rover,1.0,2024,M08,1283.0,Land Rover,Jaguar Land Rover (Tata Motors),Indien,Benzin,Fossil,SUV/Crossover
Lexus LBX,7.0,2024,M08,1165.0,Lexus,Toyota Motor Corporation,Japan,Benzin,Fossil,Personbil
Mazda CX-60,4.0,2024,M08,1255.0,Mazda,Mazda Motor Corporation,Japan,Benzin,Fossil,SUV/Crossover
Mercedes-Benz G-Klasse,2.0,2024,M08,1170.0,Mercedes-Benz,Mercedes-Benz Group,Tyskland,Benzin,Fossil,Personbil
Mercedes-Benz S-Klasse,1.0,2024,M08,1201.0,Mercedes-Benz,Mercedes-Benz Group,Tyskland,Benzin,Fossil,Personbil
Peugeot 308,18.0,2024,M08,1206.0,Peugeot,Stellantis,Europæisk (Multinational),Benzin,Fossil,Personbil
Porsche Panamera,3.0,2024,M08,1265.0,Porsche,Volkswagen Group,Tyskland,Benzin,Fossil,Personbil
Skoda Karoq,56.0,2024,M08,1094.0,Skoda,Volkswagen Group,Tyskland,Benzin,Fossil,SUV/Crossover
Toyota Proace City Verso,1.0,2024,M08,1327.0,Toyota,Toyota Motor Corporation,Japan,Benzin,Fossil,Varebil/MPV
Aiways U5,2.0,2024,M08,1291.0,Aiways,Aiways,Kina,El,Nul-emission,Personbil
Audi A1,14.0,2024,M08,1292.0,Audi,Volkswagen Group,Tyskland,Benzin,Fossil,Personbil
Audi A4,10.0,2024,M08,1356.0,Audi,Volkswagen Group,Tyskland,Benzin,Fossil,Personbil
Audi Q3,58.0,2024,M08,1099.0,Audi,Volkswagen Group,Tyskland,Benzin,Fossil,SUV/Crossover
Audi Q8,1.0,2024,M08,1281.0,Audi,Volkswagen Group,Tyskland,Benzin,Fossil,SUV/Crossover
Audi Q8 e-tron,10.0,2024,M08,1357.0,Audi,Volkswagen Group,Tyskland,El,Nul-emission,SUV/Crossover
BMW iX3,38.0,2024,M08,1224.0,BMW,BMW Group,Tyskland,El,Nul-emission,SUV/Crossover
Citroen C4,37.0,2024,M08,1227.0,Citroen,Stellantis,Europæisk (Multinational),Benzin,Fossil,Personbil
Citroen C5 Aircross,3.0,2024,M08,1032.0,Citroen,Stellantis,Europæisk (Multinational),Benzin,Fossil,SUV/Crossover
Dacia Jogger,26.0,2024,M08,1230.0,Dacia,Renault Group,Frankrig,Benzin,Fossil,Personbil
DS 4,3.0,2024,M08,1299.0,DS,Stellantis,Europæisk (Multinational),Benzin,Fossil,Personbil
Ferrari 296,1.0,2024,M08,1421.0,Ferrari,Ferrari,Italien,Benzin,Fossil,Personbil
Fiat 500,58.0,2024,M08,1232.0,Fiat,Stellantis,Europæisk (Multinational),Benzin,Fossil,Personbil
Fisker Ocean,15.0,2024,M08,1233.0,Fisker,Fisker Inc.,USA,El,Nul-emission,Personbil
Ford Fiesta,3.0,2024,M08,1373.0,Ford,Ford Motor Company,USA,Benzin,Fossil,Personbil
Ford Focus,9.0,2024,M08,1162.0,Ford,Ford Motor Company,USA,Benzin,Fossil,Personbil
Ford Mustang,3.0,2024,M08,1378.0,Ford,Ford Motor Company,USA,Benzin,Fossil,Personbil
Hongqi E-HS9,35.0,2024,M08,1236.0,Hongqi,FAW (Hongqi),Kina,El,Nul-emission,Personbil
Kia Ceed,22.0,2024,M08,1243.0,Kia,Hyundai Motor Group,Sydkorea,Benzin,Fossil,Personbil
Kia Sorento,6.0,2024,M08,1246.0,Kia,Hyundai Motor Group,Sydkorea,Benzin,Fossil,SUV/Crossover
Kia Sportage,24.0,2024,M08,1247.0,Kia,Hyundai Motor Group,Sydkorea,Benzin,Fossil,SUV/Crossover
Kia Stonic,13.0,2024,M08,1248.0,Kia,Hyundai Motor Group,Sydkorea,Benzin,Fossil,Personbil
Kia XCeed,10.0,2024,M08,1249.0,Kia,Hyundai Motor Group,Sydkorea,Benzin,Fossil,Personbil
Land Rover Range Rover Evoque,1.0,2024,M08,1287.0,Land Rover,Jaguar Land Rover (Tata Motors),Indien,El,Fossil,SUV/Crossover
Land Rover Range Rover Velar,1.0,2024,M08,1307.0,Land Rover,Jaguar Land Rover (Tata Motors),Indien,Benzin,Fossil,SUV/Crossover
Lexus ES,2.0,2024,M08,1375.0,Lexus,Toyota Motor Corporation,Japan,Benzin,Fossil,Personbil
Lexus RX,1.0,2024,M08,1308.0,Lexus,Toyota Motor Corporation,Japan,Benzin,Fossil,Personbil
Lotus Eletre,3.0,2024,M08,1254.0,Lotus,Geely (Lynk & Co),Kina,Benzin,Fossil,Personbil
Maxus e-Deliver 3,1.0,2024,M08,1280.0,Maxus,SAIC Motor (Maxus),Kina,Benzin,Fossil,Varebil/MPV
Mazda 3,4.0,2024,M08,1154.0,Mazda,Mazda Motor Corporation,Japan,Benzin,Fossil,Personbil
Mazda CX-5,41.0,2024,M08,1311.0,Mazda,Mazda Motor Corporation,Japan,Benzin,Fossil,SUV/Crossover
Mercedes-Benz Citan,1.0,2024,M08,1313.0,Mercedes-Benz,Mercedes-Benz Group,Tyskland,Benzin,Fossil,Varebil/MPV
Mercedes-Benz CLE,1.0,2024,M08,1257.0,Mercedes-Benz,Mercedes-Benz Group,Tyskland,Benzin,Fossil,Personbil
MG EHS,7.0,2024,M08,1316.0,MG,SAIC Motor (MG),Kina,Benzin,Fossil,Personbil
MG Marvel R,17.0,2024,M08,1347.0,MG,SAIC Motor (MG),Kina,Benzin,Fossil,Personbil
Mini 5-dørs,2.0,2024,M08,1317.0,Mini,BMW Group,Tyskland,Benzin,Fossil,Personbil
Mitsubishi Eclipse Cross,10.0,2024,M08,1361.0,Mitsubishi,Mitsubishi Motors,Japan,Benzin,Fossil,SUV/Crossover
Mitsubishi Space Star,1.0,2024,M08,1366.0,Mitsubishi,Mitsubishi Motors,Japan,Benzin,Fossil,Personbil
Nilsson Hearse,3.0,2024,M08,1202.0,Nilsson Hearse,Nilsson Hearse,Sverige,Benzin,Fossil,Varebil/MPV
Opel Astra,1.0,2024,M08,1258.0,Opel,Stellantis,Europæisk (Multinational),Benzin,Fossil,Personbil
Opel Combo,1.0,2024,M08,1319.0,Opel,Stellantis,Europæisk (Multinational),Benzin,Fossil,Varebil/MPV
Opel Crossland,5.0,2024,M08,1260.0,Opel,Stellantis,Europæisk (Multinational),Benzin,Fossil,SUV/Crossover
Opel Mokka,12.0,2024,M08,1261.0,Opel,Stellantis,Europæisk (Multinational),Benzin,Fossil,Personbil
Peugeot 508,6.0,2024,M08,1320.0,Peugeot,Stellantis,Europæisk (Multinational),Benzin,Fossil,Personbil
Peugeot Traveller,1.0,2024,M08,1321.0,Peugeot,Stellantis,Europæisk (Multinational),Benzin,Fossil,Varebil/MPV
Porsche 718 Spyder RS,2.0,2024,M08,1322.0,Porsche,Volkswagen Group,Tyskland,Benzin,Fossil,ATV/UTV/Andet
Renault Austral,12.0,2024,M08,1025.0,Renault,Renault Group,Frankrig,Benzin,Fossil,Personbil
Seat Ateca,1.0,2024,M08,1325.0,Seat,Volkswagen Group,Tyskland,Benzin,Fossil,Personbil
Seat Leon,11.0,2024,M08,1210.0,Seat,Volkswagen Group,Tyskland,Benzin,Fossil,Personbil
Suzuki Ignis,51.0,2024,M08,1268.0,Suzuki,Suzuki Motor Corporation,Japan,Benzin,Fossil,Personbil
Suzuki S-Cross,5.0,2024,M08,1269.0,Suzuki,Suzuki Motor Corporation,Japan,Benzin,Fossil,SUV/Crossover
Suzuki Swace,1.0,2024,M08,1270.0,Suzuki,Suzuki Motor Corporation,Japan,Benzin,Fossil,Personbil
Tesla Model X,2.0,2024,M08,1214.0,Tesla,"Tesla, Inc.",USA,El,Nul-emission,Personbil
Toyota Prius,21.0,2024,M08,1326.0,Toyota,Toyota Motor Corporation,Japan,Hybrid,Lav-emission,Personbil
Volkswagen Golf,3.0,2024,M08,1219.0,Volkswagen,Volkswagen Group,Tyskland,Benzin,Fossil,Personbil
Volkswagen Multivan,112.0,2024,M08,1274.0,Volkswagen,Volkswagen Group,Tyskland,Benzin,Fossil,Varebil/MPV
Volkswagen Taigo,1.0,2024,M08,1328.0,Volkswagen,Volkswagen Group,Tyskland,Benzin,Fossil,Personbil
Volkswagen Touareg,1.0,2024,M08,1382.0,Volkswagen,Volkswagen Group,Tyskland,Benzin,Fossil,Personbil
Volvo C40,1.0,2024,M08,1329.0,Volvo,Geely (Lynk & Co),Kina,Benzin,Fossil,Personbil
Volvo Nilsson,1.0,2024,M08,1427.0,Nilsson Hearse,Nilsson Hearse,Sverige,Benzin,Fossil,Varebil/MPV
Volvo V60,6.0,2024,M08,1330.0,Volvo,Geely (Lynk & Co),Kina,Benzin,Fossil,Personbil
Volvo XC40,6.0,2024,M08,1331.0,Volvo,Geely (Lynk & Co),Kina,Benzin,Fossil,Personbil
Voyah Free,15.0,2024,M08,1332.0,Voyah,Dongfeng (Voyah),Kina,El,Nul-emission,Personbil
Toyota bZ4X,689,2025,M01,1000.0,Toyota,Toyota Motor Corporation,Japan,El,Nul-emission,Personbil
Volkswagen ID.4,524,2025,M01,1005.0,Volkswagen,Volkswagen Group,Tyskland,El,Nul-emission,Personbil
Volkswagen ID.3,363,2025,M01,1011.0,Volkswagen,Volkswagen Group,Tyskland,El,Nul-emission,Personbil
Skoda Enyaq iV,338,2025,M01,1006.0,Skoda,Volkswagen Group,Tyskland,El,Nul-emission,Personbil
Cupra Tavascan,301,2025,M01,1065.0,Cupra,Volkswagen Group,Tyskland,Benzin,Fossil,Personbil
Tesla Model Y,278,2025,M01,1002.0,Tesla,"Tesla, Inc.",USA,El,Nul-emission,Personbil
Volkswagen T-Roc,248,2025,M01,1080.0,Volkswagen,Volkswagen Group,Tyskland,Benzin,Fossil,SUV/Crossover
Volkswagen ID. Buzz,237,2025,M01,1010.0,Volkswagen,Volkswagen Group,Tyskland,El,Nul-emission,Personbil
Audi Q4 e-tron,192,2025,M01,1003.0,Audi,Volkswagen Group,Tyskland,El,Nul-emission,SUV/Crossover
Kia EV3,185,2025,M01,1033.0,Kia,Hyundai Motor Group,Sydkorea,Benzin,Fossil,Personbil
Toyota Aygo X,185,2025,M01,1042.0,Toyota,Toyota Motor Corporation,Japan,Benzin,Fossil,Personbil
Cupra Born,181,2025,M01,1007.0,Cupra,Volkswagen Group,Tyskland,El,Nul-emission,Personbil
Toyota Yaris Cross,176,2025,M01,1020.0,Toyota,Toyota Motor Corporation,Japan,Benzin,Fossil,SUV/Crossover
Renault Clio,169,2025,M01,1111.0,Renault,Renault Group,Frankrig,Benzin,Fossil,Personbil
Nissan Ariya,167,2025,M01,1070.0,Nissan,Nissan Motor Co.,Japan,Benzin,Fossil,Personbil
Tesla Model 3,167,2025,M01,1179.0,Tesla,"Tesla, Inc.",USA,El,Nul-emission,Personbil
BMW iX1,166,2025,M01,1009.0,BMW,BMW Group,Tyskland,El,Nul-emission,SUV/Crossover
Hyundai Ioniq 5,165,2025,M01,1050.0,Hyundai,Hyundai Motor Group,Sydkorea,El,Nul-emission,Personbil
Hyundai Kona,160,2025,M01,1043.0,Hyundai,Hyundai Motor Group,Sydkorea,Benzin,Fossil,SUV/Crossover
Kia Niro,159,2025,M01,1244.0,Kia,Hyundai Motor Group,Sydkorea,Benzin,Fossil,Personbil
Peugeot 3008,158,2025,M01,1036.0,Peugeot,Stellantis,Europæisk (Multinational),Benzin,Fossil,Personbil
Nissan Qashqai,155,2025,M01,1035.0,Nissan,Nissan Motor Co.,Japan,Benzin,Fossil,SUV/Crossover
Volkswagen T-Cross,155,2025,M01,1181.0,Volkswagen,Volkswagen Group,Tyskland,Benzin,Fossil,SUV/Crossover
Suzuki Swift,150,2025,M01,1034.0,Suzuki,Suzuki Motor Corporation,Japan,Benzin,Fossil,Personbil
Renault Scenic,148,2025,M01,1021.0,Renault,Renault Group,Frankrig,Benzin,Fossil,Personbil
Volkswagen ID.7,144,2025,M01,1017.0,Volkswagen,Volkswagen Group,Tyskland,El,Nul-emission,Personbil
Xpeng G6,138,2025,M01,1015.0,Xpeng,XPeng,Kina,El,Nul-emission,Personbil
Mercedes-Benz EQA,134,2025,M01,1026.0,Mercedes-Benz,Mercedes-Benz Group,Tyskland,El,Nul-emission,Personbil
Peugeot 5008,134,2025,M01,1039.0,Peugeot,Stellantis,Europæisk (Multinational),Benzin,Fossil,Personbil
Audi Q2,119,2025,M01,1071.0,Audi,Volkswagen Group,Tyskland,Benzin,Fossil,SUV/Crossover
Audi Q6 e-tron,109,2025,M01,1160.0,Audi,Volkswagen Group,Tyskland,El,Nul-emission,SUV/Crossover
Ford Explorer,104,2025,M01,1023.0,Ford,Ford Motor Company,USA,Benzin,Fossil,Personbil
Mercedes-Benz EQE,104,2025,M01,1074.0,Mercedes-Benz,Mercedes-Benz Group,Tyskland,El,Nul-emission,Personbil
Volvo EX40,104,2025,M01,1018.0,Volvo,Geely (Lynk & Co),Kina,Benzin,Fossil,SUV/Crossover
Volkswagen Multivan,100,2025,M01,1274.0,Volkswagen,Volkswagen Group,Tyskland,Benzin,Fossil,Varebil/MPV
Audi A5,97,2025,M01,1115.0,Audi,Volkswagen Group,Tyskland,Benzin,Fossil,Personbil
Mercedes-Benz EQB,95,2025,M01,1027.0,Mercedes-Benz,Mercedes-Benz Group,Tyskland,El,Nul-emission,Personbil
Suzuki Vitara,90,2025,M01,1029.0,Suzuki,Suzuki Motor Corporation,Japan,Benzin,Fossil,SUV/Crossover
Polestar 2,87,2025,M01,1097.0,Polestar,Geely (Lynk & Co),Kina,El,Nul-emission,Personbil
Ford Tourneo Custom,86,2025,M01,1082.0,Ford,Ford Motor Company,USA,Benzin,Fossil,Varebil/MPV
Kia EV6,86,2025,M01,1069.0,Kia,Hyundai Motor Group,Sydkorea,Benzin,Fossil,Personbil
Volkswagen Touran,86,2025,M01,1182.0,Volkswagen,Volkswagen Group,Tyskland,Benzin,Fossil,Personbil
Cupra Terramar,82,2025,M01,1044.0,Cupra,Volkswagen Group,Tyskland,Benzin,Fossil,Personbil
Skoda Octavia,82,2025,M01,1157.0,Skoda,Volkswagen Group,Tyskland,Benzin,Fossil,Personbil
Nissan Juke,75,2025,M01,1103.0,Nissan,Nissan Motor Co.,Japan,Benzin,Fossil,SUV/Crossover
Volkswagen ID.5,74,2025,M01,1053.0,Volkswagen,Volkswagen Group,Tyskland,El,Nul-emission,Personbil
Hyundai I10,68,2025,M01,1237.0,Hyundai,Hyundai Motor Group,Sydkorea,Benzin,Fossil,Personbil
Peugeot 2008,67,2025,M01,1030.0,Peugeot,Stellantis,Europæisk (Multinational),Benzin,Fossil,Personbil
Hyundai I20,66,2025,M01,1238.0,Hyundai,Hyundai Motor Group,Sydkorea,Benzin,Fossil,Personbil
Volkswagen Polo,66,2025,M01,1140.0,Volkswagen,Volkswagen Group,Tyskland,Benzin,Fossil,Personbil
Cupra Formentor,65,2025,M01,1062.0,Cupra,Volkswagen Group,Tyskland,Benzin,Fossil,Personbil
Ford Capri,58,2025,M01,1052.0,Ford,Ford Motor Company,USA,Benzin,Fossil,Personbil
Suzuki Ignis,58,2025,M01,1268.0,Suzuki,Suzuki Motor Corporation,Japan,Benzin,Fossil,Personbil
Opel Corsa,57,2025,M01,1259.0,Opel,Stellantis,Europæisk (Multinational),Benzin,Fossil,Personbil
BMW i4,56,2025,M01,1045.0,BMW,BMW Group,Tyskland,El,Nul-emission,Personbil
BMW i5,53,2025,M01,1049.0,BMW,BMW Group,Tyskland,El,Nul-emission,Personbil
Toyota Corolla Cross,52,2025,M01,1124.0,Toyota,Toyota Motor Corporation,Japan,Benzin,Fossil,SUV/Crossover
BMW 3'er,51,2025,M01,1051.0,BMW,BMW Group,Tyskland,Benzin,Fossil,Personbil
Porsche Macan,51,2025,M01,1119.0,Porsche,Volkswagen Group,Tyskland,Benzin,Fossil,SUV/Crossover
Renault Megane E-Tech,51,2025,M01,1041.0,Renault,Renault Group,Frankrig,El,Nul-emission,Personbil
Hyundai Tucson,48,2025,M01,1241.0,Hyundai,Hyundai Motor Group,Sydkorea,Benzin,Fossil,SUV/Crossover
Toyota Yaris,48,2025,M01,1057.0,Toyota,Toyota Motor Corporation,Japan,Hybrid,Lav-emission,Personbil
Seat Arona,47,2025,M01,1177.0,Seat,Volkswagen Group,Tyskland,Benzin,Fossil,Personbil
Renault Austral,46,2025,M01,1025.0,Renault,Renault Group,Frankrig,Benzin,Fossil,Personbil
Seat Ibiza,45,2025,M01,1073.0,Seat,Volkswagen Group,Tyskland,Benzin,Fossil,Personbil
Kia Picanto,44,2025,M01,1245.0,Kia,Hyundai Motor Group,Sydkorea,Benzin,Fossil,Personbil
Opel Grandland,43,2025,M01,1072.0,Opel,Stellantis,Europæisk (Multinational),Benzin,Fossil,SUV/Crossover
Polestar 4,42,2025,M01,1048.0,Polestar,Geely (Lynk & Co),Kina,El,Nul-emission,Personbil
Lexus NX,41,2025,M01,1252.0,Lexus,Toyota Motor Corporation,Japan,Hybrid,Lav-emission,Personbil
Cupra Leon,40,2025,M01,1100.0,Cupra,Volkswagen Group,Tyskland,Benzin,Fossil,Personbil
Opel Crossland,40,2025,M01,1260.0,Opel,Stellantis,Europæisk (Multinational),Benzin,Fossil,SUV/Crossover
Skoda Elroq,39,2025,M01,1001.0,Skoda,Volkswagen Group,Tyskland,El,Nul-emission,Personbil
Xpeng G9,38,2025,M01,1068.0,Xpeng,XPeng,Kina,El,Nul-emission,Personbil
Mazda 2,37,2025,M01,1153.0,Mazda,Mazda Motor Corporation,Japan,Benzin,Fossil,Personbil
Mercedes-Benz A-Klasse,37,2025,M01,1123.0,Mercedes-Benz,Mercedes-Benz Group,Tyskland,Benzin,Fossil,Personbil
Mercedes-Benz GLB,36,2025,M01,1088.0,Mercedes-Benz,Mercedes-Benz Group,Tyskland,Benzin,Fossil,Personbil
Hyundai Ioniq 6,35,2025,M01,1133.0,Hyundai,Hyundai Motor Group,Sydkorea,El,Nul-emission,Personbil
BMW iX2,34,2025,M01,1087.0,BMW,BMW Group,Tyskland,El,Nul-emission,SUV/Crossover
Nissan X-Trail,34,2025,M01,1204.0,Nissan,Nissan Motor Co.,Japan,Hybrid,Lav-emission,Personbil
Citroen C3,32,2025,M01,1012.0,Citroen,Stellantis,Europæisk (Multinational),Benzin,Fossil,Personbil
Mini 3-dørs,30,2025,M01,1083.0,Mini,BMW Group,Tyskland,Benzin,Fossil,Personbil
Toyota Corolla,29,2025,M01,1180.0,Toyota,Toyota Motor Corporation,Japan,Hybrid,Lav-emission,Personbil
Mercedes-Benz GLA,28,2025,M01,1090.0,Mercedes-Benz,Mercedes-Benz Group,Tyskland,Benzin,Fossil,Personbil
MG ZS,28,2025,M01,1040.0,MG,SAIC Motor (MG),Kina,Benzin,Fossil,Personbil
Dacia Sandero,27,2025,M01,1231.0,Dacia,Renault Group,Frankrig,Benzin,Fossil,Personbil
Mercedes-Benz Sprinter,27,2025,M01,1134.0,Mercedes-Benz,Mercedes-Benz Group,Tyskland,Benzin,Fossil,Varebil/MPV
MG 4,27,2025,M01,1037.0,MG,SAIC Motor (MG),Kina,Benzin,Fossil,Personbil
Kia Ceed,25,2025,M01,1243.0,Kia,Hyundai Motor Group,Sydkorea,Benzin,Fossil,Personbil
Renault Captur,25,2025,M01,1266.0,Renault,Renault Group,Frankrig,Benzin,Fossil,Personbil
Renault R5,25,2025,M01,1008.0,Renault,Renault Group,Frankrig,Benzin,Fossil,Personbil
Skoda Kamiq,25,2025,M01,1112.0,Skoda,Volkswagen Group,Tyskland,Benzin,Fossil,SUV/Crossover
Lexus LBX,24,2025,M01,1165.0,Lexus,Toyota Motor Corporation,Japan,Benzin,Fossil,Personbil
Mercedes-Benz GLC,23,2025,M01,1076.0,Mercedes-Benz,Mercedes-Benz Group,Tyskland,Benzin,Fossil,Personbil
Audi A6 e-tron,21,2025,M01,1038.0,Audi,Volkswagen Group,Tyskland,El,Nul-emission,Personbil
BYD Dolphin,21,2025,M01,1187.0,BYD,BYD Auto,Kina,Benzin,Fossil,Personbil
Hyundai Inster,21,2025,M01,1061.0,Hyundai,Hyundai Motor Group,Sydkorea,Benzin,Fossil,Personbil
Mercedes-Benz C-Klasse,21,2025,M01,1098.0,Mercedes-Benz,Mercedes-Benz Group,Tyskland,Benzin,Fossil,Personbil
Volvo EC40,21,2025,M01,1093.0,Volvo,Geely (Lynk & Co),Kina,Benzin,Fossil,Personbil
Volvo EX30,21,2025,M01,1056.0,Volvo,Geely (Lynk & Co),Kina,Benzin,Fossil,SUV/Crossover
Skoda Karoq,20,2025,M01,1094.0,Skoda,Volkswagen Group,Tyskland,Benzin,Fossil,SUV/Crossover
Suzuki SX4,20,2025,M01,1131.0,Suzuki,Suzuki Motor Corporation,Japan,Benzin,Fossil,SUV/Crossover
Toyota Proace Verso,20,2025,M01,1135.0,Toyota,Toyota Motor Corporation,Japan,Benzin,Fossil,Varebil/MPV
BMW 1'er,19,2025,M01,1067.0,BMW,BMW Group,Tyskland,Benzin,Fossil,Personbil
BMW iX3,19,2025,M01,1224.0,BMW,BMW Group,Tyskland,El,Nul-emission,SUV/Crossover
Ford Kuga,19,2025,M01,1060.0,Ford,Ford Motor Company,USA,Hybrid,Lav-emission,Personbil
Opel Mokka,18,2025,M01,1261.0,Opel,Stellantis,Europæisk (Multinational),Benzin,Fossil,Personbil
BYD Seal U,17,2025,M01,1104.0,BYD,BYD Auto,Kina,Benzin,Fossil,Personbil
Mini Aceman,17,2025,M01,1079.0,Mini,BMW Group,Tyskland,El,Nul-emission,Personbil
Mini Countryman,17,2025,M01,1102.0,Mini,BMW Group,Tyskland,Benzin,Fossil,Personbil
Toyota C-HR,16,2025,M01,1271.0,Toyota,Toyota Motor Corporation,Japan,Hybrid,Lav-emission,Personbil
Audi A3,15,2025,M01,1064.0,Audi,Volkswagen Group,Tyskland,Benzin,Fossil,Personbil
Kia Sportage,15,2025,M01,1247.0,Kia,Hyundai Motor Group,Sydkorea,Benzin,Fossil,SUV/Crossover
Mercedes-Benz EQE SUV,15,2025,M01,1110.0,Mercedes-Benz,Mercedes-Benz Group,Tyskland,El,Nul-emission,SUV/Crossover
Toyota RAV4,15,2025,M01,1273.0,Toyota,Toyota Motor Corporation,Japan,Hybrid,Lav-emission,SUV/Crossover
Volkswagen Passat,15,2025,M01,1125.0,Volkswagen,Volkswagen Group,Tyskland,Benzin,Fossil,Personbil
Dacia Jogger,14,2025,M01,1230.0,Dacia,Renault Group,Frankrig,Benzin,Fossil,Personbil
Hyundai I30,14,2025,M01,1239.0,Hyundai,Hyundai Motor Group,Sydkorea,Benzin,Fossil,Personbil
Opel Astra,14,2025,M01,1258.0,Opel,Stellantis,Europæisk (Multinational),Benzin,Fossil,Personbil
Skoda Fabia,14,2025,M01,1211.0,Skoda,Volkswagen Group,Tyskland,Benzin,Fossil,Personbil
Skoda Scala,14,2025,M01,1130.0,Skoda,Volkswagen Group,Tyskland,Benzin,Fossil,Personbil
Alfa Romeo Junior,13,2025,M01,1221.0,Alfa Romeo,Stellantis,Europæisk (Multinational),Benzin,Fossil,SUV/Crossover
BMW X1,13,2025,M01,1013.0,BMW,BMW Group,Tyskland,Benzin,Fossil,SUV/Crossover
Honda e:Ny1,13,2025,M01,1086.0,Honda,Honda Motor Co.,Japan,El,Nul-emission,Personbil
Kia Stonic,13,2025,M01,1248.0,Kia,Hyundai Motor Group,Sydkorea,Benzin,Fossil,Personbil
Subaru Solterra,13,2025,M01,1113.0,Subaru,Subaru Corporation,Japan,Benzin,Fossil,Personbil
Volvo EX90,13,2025,M01,1081.0,Volvo,Geely (Lynk & Co),Kina,Benzin,Fossil,Personbil
BYD Seal,12,2025,M01,1107.0,BYD,BYD Auto,Kina,Benzin,Fossil,Personbil
Honda Jazz,12,2025,M01,1150.0,Honda,Honda Motor Co.,Japan,Benzin,Fossil,Personbil
Navor E5,12,2025,M01,1078.0,Navor,DFSK Motor,Kina,Benzin,Fossil,Personbil
Volvo XC60,12,2025,M01,1275.0,Volvo,Geely (Lynk & Co),Kina,Benzin,Fossil,Personbil
Kia EV9,11,2025,M01,1058.0,Kia,Hyundai Motor Group,Sydkorea,Benzin,Fossil,Personbil
Mazda CX-30,11,2025,M01,1084.0,Mazda,Mazda Motor Corporation,Japan,Benzin,Fossil,SUV/Crossover
Opel Zafira,10,2025,M01,1205.0,Opel,Stellantis,Europæisk (Multinational),Benzin,Fossil,Varebil/MPV
Polestar 3,10,2025,M01,1263.0,Polestar,Geely (Lynk & Co),Kina,El,Nul-emission,Personbil
Volvo XC90,10,2025,M01,1276.0,Volvo,Geely (Lynk & Co),Kina,Benzin,Fossil,Personbil
BMW i7,9,2025,M01,1146.0,BMW,BMW Group,Tyskland,El,Nul-emission,Personbil
BMW i7,9,2025,M01,,BMW,BMW Group,Tyskland,El,Nul-emission,Personbil
MAN TGE,9,2025,M01,1197.0,MAN,TRATON (Volkswagen Group),Tyskland,Benzin,Fossil,Varebil/MPV
Volkswagen Tiguan,9,2025,M01,1145.0,Volkswagen,Volkswagen Group,Tyskland,Benzin,Fossil,SUV/Crossover
Mazda MX-30,8,2025,M01,1199.0,Mazda,Mazda Motor Corporation,Japan,Benzin,Fossil,Personbil
Mercedes-Benz E-Klasse,8,2025,M01,1128.0,Mercedes-Benz,Mercedes-Benz Group,Tyskland,Benzin,Fossil,Personbil
Mercedes-Benz V-Klasse,8,2025,M01,1171.0,Mercedes-Benz,Mercedes-Benz Group,Tyskland,Benzin,Fossil,Personbil
MG HS,8,2025,M01,1109.0,MG,SAIC Motor (MG),Kina,Benzin,Fossil,Personbil
Skoda Kodiaq,8,2025,M01,1047.0,Skoda,Volkswagen Group,Tyskland,Benzin,Fossil,SUV/Crossover
Fisker Ocean,7,2025,M01,1233.0,Fisker,Fisker Inc.,USA,El,Nul-emission,Personbil
Mazda 3,7,2025,M01,1154.0,Mazda,Mazda Motor Corporation,Japan,Benzin,Fossil,Personbil
Subaru Forester,7,2025,M01,1212.0,Subaru,Subaru Corporation,Japan,Benzin,Fossil,SUV/Crossover
BMW 4'er,6,2025,M01,1185.0,BMW,BMW Group,Tyskland,Benzin,Fossil,Personbil
BMW 5'er,6,2025,M01,1063.0,BMW,BMW Group,Tyskland,Benzin,Fossil,Personbil
Ford Mustang Mach-E,6,2025,M01,1147.0,Ford,Ford Motor Company,USA,Benzin,Fossil,Personbil
Kia XCeed,6,2025,M01,1249.0,Kia,Hyundai Motor Group,Sydkorea,Benzin,Fossil,Personbil
Mazda CX-80,6,2025,M01,1168.0,Mazda,Mazda Motor Corporation,Japan,Benzin,Fossil,SUV/Crossover
Mercedes-Benz CLA,6,2025,M01,1022.0,Mercedes-Benz,Mercedes-Benz Group,Tyskland,Benzin,Fossil,Personbil
Peugeot 208,6,2025,M01,1024.0,Peugeot,Stellantis,Europæisk (Multinational),Benzin,Fossil,Personbil
BMW iX,5,2025,M01,1089.0,BMW,BMW Group,Tyskland,El,Nul-emission,Personbil
Skoda Kodiaq iV,5,2025,M01,1267.0,Skoda,Volkswagen Group,Tyskland,Hybrid,Lav-emission,SUV/Crossover
Volkswagen Golf,5,2025,M01,1219.0,Volkswagen,Volkswagen Group,Tyskland,Benzin,Fossil,Personbil
Fiat 500,4,2025,M01,1232.0,Fiat,Stellantis,Europæisk (Multinational),Benzin,Fossil,Personbil
Mercedes-Benz EQV,4,2025,M01,1155.0,Mercedes-Benz,Mercedes-Benz Group,Tyskland,El,Nul-emission,Personbil
Peugeot 308,4,2025,M01,1206.0,Peugeot,Stellantis,Europæisk (Multinational),Benzin,Fossil,Personbil
Skoda Superb,4,2025,M01,1139.0,Skoda,Volkswagen Group,Tyskland,Benzin,Fossil,Personbil
Volkswagen Caddy,4,2025,M01,1216.0,Volkswagen,Volkswagen Group,Tyskland,Benzin,Fossil,Varebil/MPV
Volkswagen Crafter,4,2025,M01,1218.0,Volkswagen,Volkswagen Group,Tyskland,Benzin,Fossil,Varebil/MPV
BMW X3,3,2025,M01,1141.0,BMW,BMW Group,Tyskland,Benzin,Fossil,SUV/Crossover
BMW X5,3,2025,M01,1186.0,BMW,BMW Group,Tyskland,Benzin,Fossil,SUV/Crossover
Ford Tourneo Connect,3,2025,M01,1234.0,Ford,Ford Motor Company,USA,Benzin,Fossil,Varebil/MPV
Hyundai Bayon,3,2025,M01,1151.0,Hyundai,Hyundai Motor Group,Sydkorea,Benzin,Fossil,Personbil
Jeep Avenger,3,2025,M01,1242.0,Jeep,Stellantis,Europæisk (Multinational),Benzin,Fossil,SUV/Crossover
Lexus UX,3,2025,M01,1253.0,Lexus,Toyota Motor Corporation,Japan,Hybrid,Lav-emission,Personbil
Lotus Eletre,3,2025,M01,1254.0,Lotus,Geely (Lynk & Co),Kina,Benzin,Fossil,Personbil
Mercedes-Benz CLE,3,2025,M01,1257.0,Mercedes-Benz,Mercedes-Benz Group,Tyskland,Benzin,Fossil,Personbil
MG 3,3,2025,M01,1172.0,MG,SAIC Motor (MG),Kina,Benzin,Fossil,Personbil
Porsche Taycan,3,2025,M01,1175.0,Porsche,Volkswagen Group,Tyskland,El,Nul-emission,Personbil
Renault Trafic,3,2025,M01,1176.0,Renault,Renault Group,Frankrig,Benzin,Fossil,Varebil/MPV
Volkswagen Caravelle,3,2025,M01,1217.0,Volkswagen,Volkswagen Group,Tyskland,Benzin,Fossil,Varebil/MPV
BMW 2'er,2,2025,M01,1223.0,BMW,BMW Group,Tyskland,Benzin,Fossil,Personbil
BYD Tang,2,2025,M01,1126.0,BYD,BYD Auto,Kina,Benzin,Fossil,Personbil
Ford Focus,2,2025,M01,1162.0,Ford,Ford Motor Company,USA,Benzin,Fossil,Personbil
Ford Transit Custom,2,2025,M01,1192.0,Ford,Ford Motor Company,USA,Benzin,Fossil,Varebil/MPV
Honda Civic,2,2025,M01,1163.0,Honda,Honda Motor Co.,Japan,Hybrid,Lav-emission,Personbil
Honda CR-V,2,2025,M01,1127.0,Honda,Honda Motor Co.,Japan,Hybrid,Lav-emission,Personbil
Hongqi E-HS9,2,2025,M01,1236.0,Hongqi,FAW (Hongqi),Kina,El,Nul-emission,Personbil
Hyundai Santa Fe,2,2025,M01,1240.0,Hyundai,Hyundai Motor Group,Sydkorea,Benzin,Fossil,SUV/Crossover
Jia Ji JJ2000DBP,2,2025,M01,1377.0,Jia Ji,Geely (Lynk & Co),Kina,El,Nul-emission,Kabinescooter
KGM Torres EVX,2,2025,M01,1108.0,KGM,KG Mobility (tidl. SsangYong),Sydkorea,El,Nul-emission,SUV/Crossover
Land Rover Defender,2,2025,M01,1250.0,Land Rover,Jaguar Land Rover (Tata Motors),Indien,Benzin,Fossil,SUV/Crossover
Mazda CX-60,2,2025,M01,1255.0,Mazda,Mazda Motor Corporation,Japan,Benzin,Fossil,SUV/Crossover
Mercedes-Benz G-Klasse,2,2025,M01,1170.0,Mercedes-Benz,Mercedes-Benz Group,Tyskland,Benzin,Fossil,Personbil
Mercedes-Benz Vito Tourer,2,2025,M01,1092.0,Mercedes-Benz,Mercedes-Benz Group,Tyskland,Benzin,Fossil,Varebil/MPV
MG Cyberster,2,2025,M01,1173.0,MG,SAIC Motor (MG),Kina,Benzin,Fossil,Personbil
Porsche 911,2,2025,M01,1264.0,Porsche,Volkswagen Group,Tyskland,Benzin,Fossil,Personbil
Porsche Cayenne,2,2025,M01,1208.0,Porsche,Volkswagen Group,Tyskland,Benzin,Fossil,SUV/Crossover
Porsche Panamera,2,2025,M01,1265.0,Porsche,Volkswagen Group,Tyskland,Benzin,Fossil,Personbil
Suzuki Swace,2,2025,M01,1270.0,Suzuki,Suzuki Motor Corporation,Japan,Benzin,Fossil,Personbil
Tesla Model X,2,2025,M01,1214.0,Tesla,"Tesla, Inc.",USA,El,Nul-emission,Personbil
Audi A6,1,2025,M01,1159.0,Audi,Volkswagen Group,Tyskland,Benzin,Fossil,Personbil
Audi A8,1,2025,M01,1222.0,Audi,Volkswagen Group,Tyskland,Benzin,Fossil,Personbil
BMW i3,1,2025,M01,1342.0,BMW,BMW Group,Tyskland,El,Nul-emission,Personbil
BMW i3,1,2025,M01,,BMW,BMW Group,Tyskland,El,Nul-emission,Personbil
BMW Z4,1,2025,M01,1225.0,BMW,BMW Group,Tyskland,Benzin,Fossil,Personbil
Can-Am Outlander,1,2025,M01,1226.0,Can-Am,Bombardier Recreational Products,Canada,Benzin,Fossil,ATV/UTV/Andet
Citroen Berlingo,1,2025,M01,1117.0,Citroen,Stellantis,Europæisk (Multinational),Benzin,Fossil,Varebil/MPV
Citroen C4,1,2025,M01,1227.0,Citroen,Stellantis,Europæisk (Multinational),Benzin,Fossil,Personbil
Citroen C5 Aircross,1,2025,M01,1032.0,Citroen,Stellantis,Europæisk (Multinational),Benzin,Fossil,SUV/Crossover
Citroen e-SpaceTourer,1,2025,M01,1228.0,Citroen,Stellantis,Europæisk (Multinational),Benzin,Fossil,Personbil
Dacia Duster,1,2025,M01,1229.0,Dacia,Renault Group,Frankrig,Benzin,Fossil,Personbil
Ford Puma,1,2025,M01,1054.0,Ford,Ford Motor Company,USA,Benzin,Fossil,Personbil
Ford Transit,1,2025,M01,1091.0,Ford,Ford Motor Company,USA,Benzin,Fossil,Varebil/MPV
Hisun HS,1,2025,M01,1235.0,Hisun,"Chongqing Huansong Industrial (Group) Co., Ltd.",Kina,Benzin,Fossil,ATV/UTV/Andet
Kia Sorento,1,2025,M01,1246.0,Kia,Hyundai Motor Group,Sydkorea,Benzin,Fossil,SUV/Crossover
Land Rover Discovery Sport,1,2025,M01,1251.0,Land Rover,Jaguar Land Rover (Tata Motors),Indien,Benzin,Fossil,SUV/Crossover
Lexus RZ,1,2025,M01,1075.0,Lexus,Toyota Motor Corporation,Japan,Benzin,Fossil,Personbil
Maserati Grecale,1,2025,M01,1152.0,Maserati,Stellantis,Europæisk (Multinational),Benzin,Fossil,Personbil
Maxus Euniq5,1,2025,M01,1198.0,Maxus,SAIC Motor (Maxus),Kina,Benzin,Fossil,SUV/Crossover
Mercedes-Benz B-Klasse,1,2025,M01,1256.0,Mercedes-Benz,Mercedes-Benz Group,Tyskland,Benzin,Fossil,Personbil
Peugeot Rifter,1,2025,M01,1262.0,Peugeot,Stellantis,Europæisk (Multinational),Benzin,Fossil,Personbil
Subaru Outback,1,2025,M01,1178.0,Subaru,Subaru Corporation,Japan,Benzin,Fossil,SUV/Crossover
Suzuki S-Cross,1,2025,M01,1269.0,Suzuki,Suzuki Motor Corporation,Japan,Benzin,Fossil,SUV/Crossover
Toyota Land Cruiser,1,2025,M01,1272.0,Toyota,Toyota Motor Corporation,Japan,Benzin,Fossil,SUV/Crossover
Volvo V90,1,2025,M01,1220.0,Volvo,Geely (Lynk & Co),Kina,Benzin,Fossil,Personbil
Toyota bZ4X,174,2024,M01,1000.0,Toyota,Toyota Motor Corporation,Japan,El,Nul-emission,Personbil
Volkswagen ID.4,55,2024,M01,1005.0,Volkswagen,Volkswagen Group,Tyskland,El,Nul-emission,Personbil
Volkswagen ID.3,19,2024,M01,1011.0,Volkswagen,Volkswagen Group,Tyskland,El,Nul-emission,Personbil
Skoda Enyaq iV,187,2024,M01,1006.0,Skoda,Volkswagen Group,Tyskland,El,Nul-emission,Personbil
Tesla Model Y,475,2024,M01,1002.0,Tesla,"Tesla, Inc.",USA,El,Nul-emission,Personbil
Volkswagen T-Roc,99,2024,M01,1080.0,Volkswagen,Volkswagen Group,Tyskland,Benzin,Fossil,SUV/Crossover
Volkswagen ID. Buzz,18,2024,M01,1010.0,Volkswagen,Volkswagen Group,Tyskland,El,Nul-emission,Personbil
Audi Q4 e-tron,245,2024,M01,1003.0,Audi,Volkswagen Group,Tyskland,El,Nul-emission,SUV/Crossover
Toyota Aygo X,388,2024,M01,1042.0,Toyota,Toyota Motor Corporation,Japan,Benzin,Fossil,Personbil
Cupra Born,38,2024,M01,1007.0,Cupra,Volkswagen Group,Tyskland,El,Nul-emission,Personbil
Toyota Yaris Cross,249,2024,M01,1020.0,Toyota,Toyota Motor Corporation,Japan,Benzin,Fossil,SUV/Crossover
Renault Clio,66,2024,M01,1111.0,Renault,Renault Group,Frankrig,Benzin,Fossil,Personbil
Nissan Ariya,145,2024,M01,1070.0,Nissan,Nissan Motor Co.,Japan,Benzin,Fossil,Personbil
Tesla Model 3,286,2024,M01,1179.0,Tesla,"Tesla, Inc.",USA,El,Nul-emission,Personbil
BMW iX1,24,2024,M01,1009.0,BMW,BMW Group,Tyskland,El,Nul-emission,SUV/Crossover
Hyundai Ioniq 5,49,2024,M01,1050.0,Hyundai,Hyundai Motor Group,Sydkorea,El,Nul-emission,Personbil
Hyundai Kona,129,2024,M01,1043.0,Hyundai,Hyundai Motor Group,Sydkorea,Benzin,Fossil,SUV/Crossover
Kia Niro,6,2024,M01,1244.0,Kia,Hyundai Motor Group,Sydkorea,Benzin,Fossil,Personbil
Peugeot 3008,60,2024,M01,1036.0,Peugeot,Stellantis,Europæisk (Multinational),Benzin,Fossil,Personbil
Nissan Qashqai,158,2024,M01,1035.0,Nissan,Nissan Motor Co.,Japan,Benzin,Fossil,SUV/Crossover
Volkswagen T-Cross,77,2024,M01,1181.0,Volkswagen,Volkswagen Group,Tyskland,Benzin,Fossil,SUV/Crossover
Suzuki Swift,59,2024,M01,1034.0,Suzuki,Suzuki Motor Corporation,Japan,Benzin,Fossil,Personbil
Volkswagen ID.7,39,2024,M01,1017.0,Volkswagen,Volkswagen Group,Tyskland,El,Nul-emission,Personbil
Mercedes-Benz EQA,22,2024,M01,1026.0,Mercedes-Benz,Mercedes-Benz Group,Tyskland,El,Nul-emission,Personbil
Peugeot 5008,38,2024,M01,1039.0,Peugeot,Stellantis,Europæisk (Multinational),Benzin,Fossil,Personbil
Audi Q2,126,2024,M01,1071.0,Audi,Volkswagen Group,Tyskland,Benzin,Fossil,SUV/Crossover
Mercedes-Benz EQE,14,2024,M01,1074.0,Mercedes-Benz,Mercedes-Benz Group,Tyskland,El,Nul-emission,Personbil
Volkswagen Multivan,1,2024,M01,1274.0,Volkswagen,Volkswagen Group,Tyskland,Benzin,Fossil,Varebil/MPV
Audi A5,7,2024,M01,1115.0,Audi,Volkswagen Group,Tyskland,Benzin,Fossil,Personbil
Mercedes-Benz EQB,32,2024,M01,1027.0,Mercedes-Benz,Mercedes-Benz Group,Tyskland,El,Nul-emission,Personbil
Suzuki Vitara,79,2024,M01,1029.0,Suzuki,Suzuki Motor Corporation,Japan,Benzin,Fossil,SUV/Crossover
Polestar 2,55,2024,M01,1097.0,Polestar,Geely (Lynk & Co),Kina,El,Nul-emission,Personbil
Ford Tourneo Custom,3,2024,M01,1082.0,Ford,Ford Motor Company,USA,Benzin,Fossil,Varebil/MPV
Kia EV6,20,2024,M01,1069.0,Kia,Hyundai Motor Group,Sydkorea,Benzin,Fossil,Personbil
Volkswagen Touran,83,2024,M01,1182.0,Volkswagen,Volkswagen Group,Tyskland,Benzin,Fossil,Personbil
Skoda Octavia,82,2024,M01,1157.0,Skoda,Volkswagen Group,Tyskland,Benzin,Fossil,Personbil
Nissan Juke,20,2024,M01,1103.0,Nissan,Nissan Motor Co.,Japan,Benzin,Fossil,SUV/Crossover
Volkswagen ID.5,11,2024,M01,1053.0,Volkswagen,Volkswagen Group,Tyskland,El,Nul-emission,Personbil
Hyundai I10,31,2024,M01,1237.0,Hyundai,Hyundai Motor Group,Sydkorea,Benzin,Fossil,Personbil
Peugeot 2008,265,2024,M01,1030.0,Peugeot,Stellantis,Europæisk (Multinational),Benzin,Fossil,Personbil
Hyundai I20,85,2024,M01,1238.0,Hyundai,Hyundai Motor Group,Sydkorea,Benzin,Fossil,Personbil
Volkswagen Polo,49,2024,M01,1140.0,Volkswagen,Volkswagen Group,Tyskland,Benzin,Fossil,Personbil
Cupra Formentor,61,2024,M01,1062.0,Cupra,Volkswagen Group,Tyskland,Benzin,Fossil,Personbil
Suzuki Ignis,72,2024,M01,1268.0,Suzuki,Suzuki Motor Corporation,Japan,Benzin,Fossil,Personbil
Opel Corsa,176,2024,M01,1259.0,Opel,Stellantis,Europæisk (Multinational),Benzin,Fossil,Personbil
BMW i4,43,2024,M01,1045.0,BMW,BMW Group,Tyskland,El,Nul-emission,Personbil
BMW i5,51,2024,M01,1049.0,BMW,BMW Group,Tyskland,El,Nul-emission,Personbil
Toyota Corolla Cross,69,2024,M01,1124.0,Toyota,Toyota Motor Corporation,Japan,Benzin,Fossil,SUV/Crossover
BMW 3'er,20,2024,M01,1051.0,BMW,BMW Group,Tyskland,Benzin,Fossil,Personbil
Renault Megane E-Tech,61,2024,M01,1041.0,Renault,Renault Group,Frankrig,El,Nul-emission,Personbil
Hyundai Tucson,24,2024,M01,1241.0,Hyundai,Hyundai Motor Group,Sydkorea,Benzin,Fossil,SUV/Crossover
Toyota Yaris,237,2024,M01,1057.0,Toyota,Toyota Motor Corporation,Japan,Hybrid,Lav-emission,Personbil
Seat Arona,3,2024,M01,1177.0,Seat,Volkswagen Group,Tyskland,Benzin,Fossil,Personbil
Renault Austral,54,2024,M01,1025.0,Renault,Renault Group,Frankrig,Benzin,Fossil,Personbil
Seat Ibiza,44,2024,M01,1073.0,Seat,Volkswagen Group,Tyskland,Benzin,Fossil,Personbil
Kia Picanto,72,2024,M01,1245.0,Kia,Hyundai Motor Group,Sydkorea,Benzin,Fossil,Personbil
Opel Grandland,2,2024,M01,1072.0,Opel,Stellantis,Europæisk (Multinational),Benzin,Fossil,SUV/Crossover
Lexus NX,3,2024,M01,1252.0,Lexus,Toyota Motor Corporation,Japan,Hybrid,Lav-emission,Personbil
Cupra Leon,17,2024,M01,1100.0,Cupra,Volkswagen Group,Tyskland,Benzin,Fossil,Personbil
Opel Crossland,79,2024,M01,1260.0,Opel,Stellantis,Europæisk (Multinational),Benzin,Fossil,SUV/Crossover
Xpeng G9,86,2024,M01,1068.0,Xpeng,XPeng,Kina,El,Nul-emission,Personbil
Mazda 2,101,2024,M01,1153.0,Mazda,Mazda Motor Corporation,Japan,Benzin,Fossil,Personbil
Mercedes-Benz A-Klasse,9,2024,M01,1123.0,Mercedes-Benz,Mercedes-Benz Group,Tyskland,Benzin,Fossil,Personbil
Mercedes-Benz GLB,8,2024,M01,1088.0,Mercedes-Benz,Mercedes-Benz Group,Tyskland,Benzin,Fossil,Personbil
Hyundai Ioniq 6,39,2024,M01,1133.0,Hyundai,Hyundai Motor Group,Sydkorea,El,Nul-emission,Personbil
Nissan X-Trail,7,2024,M01,1204.0,Nissan,Nissan Motor Co.,Japan,Hybrid,Lav-emission,Personbil
Citroen C3,380,2024,M01,1012.0,Citroen,Stellantis,Europæisk (Multinational),Benzin,Fossil,Personbil
Mini 3-dørs,45,2024,M01,1083.0,Mini,BMW Group,Tyskland,Benzin,Fossil,Personbil
Toyota Corolla,44,2024,M01,1180.0,Toyota,Toyota Motor Corporation,Japan,Hybrid,Lav-emission,Personbil
Mercedes-Benz GLA,7,2024,M01,1090.0,Mercedes-Benz,Mercedes-Benz Group,Tyskland,Benzin,Fossil,Personbil
MG ZS,3,2024,M01,1040.0,MG,SAIC Motor (MG),Kina,Benzin,Fossil,Personbil
Dacia Sandero,7,2024,M01,1231.0,Dacia,Renault Group,Frankrig,Benzin,Fossil,Personbil
Mercedes-Benz Sprinter,34,2024,M01,1134.0,Mercedes-Benz,Mercedes-Benz Group,Tyskland,Benzin,Fossil,Varebil/MPV
MG 4,35,2024,M01,1037.0,MG,SAIC Motor (MG),Kina,Benzin,Fossil,Personbil
Kia Ceed,39,2024,M01,1243.0,Kia,Hyundai Motor Group,Sydkorea,Benzin,Fossil,Personbil
Renault Captur,63,2024,M01,1266.0,Renault,Renault Group,Frankrig,Benzin,Fossil,Personbil
Skoda Kamiq,70,2024,M01,1112.0,Skoda,Volkswagen Group,Tyskland,Benzin,Fossil,SUV/Crossover
Mercedes-Benz GLC,4,2024,M01,1076.0,Mercedes-Benz,Mercedes-Benz Group,Tyskland,Benzin,Fossil,Personbil
BYD Dolphin,56,2024,M01,1187.0,BYD,BYD Auto,Kina,Benzin,Fossil,Personbil
Mercedes-Benz C-Klasse,26,2024,M01,1098.0,Mercedes-Benz,Mercedes-Benz Group,Tyskland,Benzin,Fossil,Personbil
Volvo EX30,39,2024,M01,1056.0,Volvo,Geely (Lynk & Co),Kina,Benzin,Fossil,SUV/Crossover
Skoda Karoq,13,2024,M01,1094.0,Skoda,Volkswagen Group,Tyskland,Benzin,Fossil,SUV/Crossover
Suzuki SX4,28,2024,M01,1131.0,Suzuki,Suzuki Motor Corporation,Japan,Benzin,Fossil,SUV/Crossover
Toyota Proace Verso,10,2024,M01,1135.0,Toyota,Toyota Motor Corporation,Japan,Benzin,Fossil,Varebil/MPV
BMW 1'er,15,2024,M01,1067.0,BMW,BMW Group,Tyskland,Benzin,Fossil,Personbil
BMW iX3,8,2024,M01,1224.0,BMW,BMW Group,Tyskland,El,Nul-emission,SUV/Crossover
Ford Kuga,62,2024,M01,1060.0,Ford,Ford Motor Company,USA,Hybrid,Lav-emission,Personbil
Opel Mokka,45,2024,M01,1261.0,Opel,Stellantis,Europæisk (Multinational),Benzin,Fossil,Personbil
BYD Seal U,9,2024,M01,1104.0,BYD,BYD Auto,Kina,Benzin,Fossil,Personbil
Mini Countryman,8,2024,M01,1102.0,Mini,BMW Group,Tyskland,Benzin,Fossil,Personbil
Toyota C-HR,28,2024,M01,1271.0,Toyota,Toyota Motor Corporation,Japan,Hybrid,Lav-emission,Personbil
Audi A3,7,2024,M01,1064.0,Audi,Volkswagen Group,Tyskland,Benzin,Fossil,Personbil
Kia Sportage,11,2024,M01,1247.0,Kia,Hyundai Motor Group,Sydkorea,Benzin,Fossil,SUV/Crossover
Mercedes-Benz EQE SUV,15,2024,M01,1110.0,Mercedes-Benz,Mercedes-Benz Group,Tyskland,El,Nul-emission,SUV/Crossover
Toyota RAV4,71,2024,M01,1273.0,Toyota,Toyota Motor Corporation,Japan,Hybrid,Lav-emission,SUV/Crossover
Volkswagen Passat,12,2024,M01,1125.0,Volkswagen,Volkswagen Group,Tyskland,Benzin,Fossil,Personbil
Dacia Jogger,29,2024,M01,1230.0,Dacia,Renault Group,Frankrig,Benzin,Fossil,Personbil
Hyundai I30,25,2024,M01,1239.0,Hyundai,Hyundai Motor Group,Sydkorea,Benzin,Fossil,Personbil
Opel Astra,26,2024,M01,1258.0,Opel,Stellantis,Europæisk (Multinational),Benzin,Fossil,Personbil
Skoda Fabia,37,2024,M01,1211.0,Skoda,Volkswagen Group,Tyskland,Benzin,Fossil,Personbil
Skoda Scala,25,2024,M01,1130.0,Skoda,Volkswagen Group,Tyskland,Benzin,Fossil,Personbil
BMW X1,9,2024,M01,1013.0,BMW,BMW Group,Tyskland,Benzin,Fossil,SUV/Crossover
Honda e:Ny1,9,2024,M01,1086.0,Honda,Honda Motor Co.,Japan,El,Nul-emission,Personbil
Kia Stonic,1,2024,M01,1248.0,Kia,Hyundai Motor Group,Sydkorea,Benzin,Fossil,Personbil
Subaru Solterra,9,2024,M01,1113.0,Subaru,Subaru Corporation,Japan,Benzin,Fossil,Personbil
BYD Seal,26,2024,M01,1107.0,BYD,BYD Auto,Kina,Benzin,Fossil,Personbil
Honda Jazz,7,2024,M01,1150.0,Honda,Honda Motor Co.,Japan,Benzin,Fossil,Personbil
Volvo XC60,31,2024,M01,1275.0,Volvo,Geely (Lynk & Co),Kina,Benzin,Fossil,Personbil
Kia EV9,10,2024,M01,1058.0,Kia,Hyundai Motor Group,Sydkorea,Benzin,Fossil,Personbil
Mazda CX-30,24,2024,M01,1084.0,Mazda,Mazda Motor Corporation,Japan,Benzin,Fossil,SUV/Crossover
Volvo XC90,12,2024,M01,1276.0,Volvo,Geely (Lynk & Co),Kina,Benzin,Fossil,Personbil
BMW i7,9,2024,M01,1146.0,BMW,BMW Group,Tyskland,El,Nul-emission,Personbil
BMW i7,9,2024,M01,,BMW,BMW Group,Tyskland,El,Nul-emission,Personbil
MAN TGE,16,2024,M01,1197.0,MAN,TRATON (Volkswagen Group),Tyskland,Benzin,Fossil,Varebil/MPV
Volkswagen Tiguan,7,2024,M01,1145.0,Volkswagen,Volkswagen Group,Tyskland,Benzin,Fossil,SUV/Crossover
Mazda MX-30,63,2024,M01,1199.0,Mazda,Mazda Motor Corporation,Japan,Benzin,Fossil,Personbil
Mercedes-Benz E-Klasse,9,2024,M01,1128.0,Mercedes-Benz,Mercedes-Benz Group,Tyskland,Benzin,Fossil,Personbil
Mercedes-Benz V-Klasse,3,2024,M01,1171.0,Mercedes-Benz,Mercedes-Benz Group,Tyskland,Benzin,Fossil,Personbil
Skoda Kodiaq,9,2024,M01,1047.0,Skoda,Volkswagen Group,Tyskland,Benzin,Fossil,SUV/Crossover
Fisker Ocean,6,2024,M01,1233.0,Fisker,Fisker Inc.,USA,El,Nul-emission,Personbil
Mazda 3,12,2024,M01,1154.0,Mazda,Mazda Motor Corporation,Japan,Benzin,Fossil,Personbil
BMW 4'er,11,2024,M01,1185.0,BMW,BMW Group,Tyskland,Benzin,Fossil,Personbil
BMW 5'er,34,2024,M01,1063.0,BMW,BMW Group,Tyskland,Benzin,Fossil,Personbil
Ford Mustang Mach-E,103,2024,M01,1147.0,Ford,Ford Motor Company,USA,Benzin,Fossil,Personbil
Kia XCeed,2,2024,M01,1249.0,Kia,Hyundai Motor Group,Sydkorea,Benzin,Fossil,Personbil
Mercedes-Benz CLA,10,2024,M01,1022.0,Mercedes-Benz,Mercedes-Benz Group,Tyskland,Benzin,Fossil,Personbil
Peugeot 208,434,2024,M01,1024.0,Peugeot,Stellantis,Europæisk (Multinational),Benzin,Fossil,Personbil
BMW iX,19,2024,M01,1089.0,BMW,BMW Group,Tyskland,El,Nul-emission,Personbil
Volkswagen Golf,6,2024,M01,1219.0,Volkswagen,Volkswagen Group,Tyskland,Benzin,Fossil,Personbil
Fiat 500,160,2024,M01,1232.0,Fiat,Stellantis,Europæisk (Multinational),Benzin,Fossil,Personbil
Mercedes-Benz EQV,5,2024,M01,1155.0,Mercedes-Benz,Mercedes-Benz Group,Tyskland,El,Nul-emission,Personbil
Peugeot 308,103,2024,M01,1206.0,Peugeot,Stellantis,Europæisk (Multinational),Benzin,Fossil,Personbil
Skoda Superb,13,2024,M01,1139.0,Skoda,Volkswagen Group,Tyskland,Benzin,Fossil,Personbil
Volkswagen Caddy,12,2024,M01,1216.0,Volkswagen,Volkswagen Group,Tyskland,Benzin,Fossil,Varebil/MPV
BMW X3,6,2024,M01,1141.0,BMW,BMW Group,Tyskland,Benzin,Fossil,SUV/Crossover
BMW X5,4,2024,M01,1186.0,BMW,BMW Group,Tyskland,Benzin,Fossil,SUV/Crossover
Ford Tourneo Connect,3,2024,M01,1234.0,Ford,Ford Motor Company,USA,Benzin,Fossil,Varebil/MPV
Hyundai Bayon,9,2024,M01,1151.0,Hyundai,Hyundai Motor Group,Sydkorea,Benzin,Fossil,Personbil
Jeep Avenger,6,2024,M01,1242.0,Jeep,Stellantis,Europæisk (Multinational),Benzin,Fossil,SUV/Crossover
Lexus UX,4,2024,M01,1253.0,Lexus,Toyota Motor Corporation,Japan,Hybrid,Lav-emission,Personbil
Porsche Taycan,9,2024,M01,1175.0,Porsche,Volkswagen Group,Tyskland,El,Nul-emission,Personbil
Volkswagen Caravelle,2,2024,M01,1217.0,Volkswagen,Volkswagen Group,Tyskland,Benzin,Fossil,Varebil/MPV
BMW 2'er,3,2024,M01,1223.0,BMW,BMW Group,Tyskland,Benzin,Fossil,Personbil
Ford Focus,12,2024,M01,1162.0,Ford,Ford Motor Company,USA,Benzin,Fossil,Personbil
Ford Transit Custom,20,2024,M01,1192.0,Ford,Ford Motor Company,USA,Benzin,Fossil,Varebil/MPV
Honda Civic,5,2024,M01,1163.0,Honda,Honda Motor Co.,Japan,Hybrid,Lav-emission,Personbil
Honda CR-V,9,2024,M01,1127.0,Honda,Honda Motor Co.,Japan,Hybrid,Lav-emission,Personbil
Hongqi E-HS9,8,2024,M01,1236.0,Hongqi,FAW (Hongqi),Kina,El,Nul-emission,Personbil
Hyundai Santa Fe,2,2024,M01,1240.0,Hyundai,Hyundai Motor Group,Sydkorea,Benzin,Fossil,SUV/Crossover
Mazda CX-60,7,2024,M01,1255.0,Mazda,Mazda Motor Corporation,Japan,Benzin,Fossil,SUV/Crossover
Mercedes-Benz Vito Tourer,14,2024,M01,1092.0,Mercedes-Benz,Mercedes-Benz Group,Tyskland,Benzin,Fossil,Varebil/MPV
Porsche Cayenne,26,2024,M01,1208.0,Porsche,Volkswagen Group,Tyskland,Benzin,Fossil,SUV/Crossover
Tesla Model X,1,2024,M01,1214.0,Tesla,"Tesla, Inc.",USA,El,Nul-emission,Personbil
Audi A6,7,2024,M01,1159.0,Audi,Volkswagen Group,Tyskland,Benzin,Fossil,Personbil
Citroen Berlingo,1,2024,M01,1117.0,Citroen,Stellantis,Europæisk (Multinational),Benzin,Fossil,Varebil/MPV
Citroen C4,34,2024,M01,1227.0,Citroen,Stellantis,Europæisk (Multinational),Benzin,Fossil,Personbil
Citroen e-SpaceTourer,1,2024,M01,1228.0,Citroen,Stellantis,Europæisk (Multinational),Benzin,Fossil,Personbil
Dacia Duster,17,2024,M01,1229.0,Dacia,Renault Group,Frankrig,Benzin,Fossil,Personbil
Ford Puma,10,2024,M01,1054.0,Ford,Ford Motor Company,USA,Benzin,Fossil,Personbil
Ford Transit,10,2024,M01,1091.0,Ford,Ford Motor Company,USA,Benzin,Fossil,Varebil/MPV
Hisun HS,2,2024,M01,1235.0,Hisun,"Chongqing Huansong Industrial (Group) Co., Ltd.",Kina,Benzin,Fossil,ATV/UTV/Andet
Kia Sorento,2,2024,M01,1246.0,Kia,Hyundai Motor Group,Sydkorea,Benzin,Fossil,SUV/Crossover
Lexus RZ,1,2024,M01,1075.0,Lexus,Toyota Motor Corporation,Japan,Benzin,Fossil,Personbil
Maxus Euniq5,1,2024,M01,1198.0,Maxus,SAIC Motor (Maxus),Kina,Benzin,Fossil,SUV/Crossover
Mercedes-Benz B-Klasse,1,2024,M01,1256.0,Mercedes-Benz,Mercedes-Benz Group,Tyskland,Benzin,Fossil,Personbil
Peugeot Rifter,1,2024,M01,1262.0,Peugeot,Stellantis,Europæisk (Multinational),Benzin,Fossil,Personbil
Subaru Outback,1,2024,M01,1178.0,Subaru,Subaru Corporation,Japan,Benzin,Fossil,SUV/Crossover
Suzuki S-Cross,12,2024,M01,1269.0,Suzuki,Suzuki Motor Corporation,Japan,Benzin,Fossil,SUV/Crossover
Volvo V90,9,2024,M01,1220.0,Volvo,Geely (Lynk & Co),Kina,Benzin,Fossil,Personbil
Aiways U5,6,2024,M01,1291.0,Aiways,Aiways,Kina,El,Nul-emission,Personbil
Alfa Romeo Tonale,2,2024,M01,1397.0,Alfa Romeo,Stellantis,Europæisk (Multinational),Benzin,Fossil,SUV/Crossover
Audi A1,16,2024,M01,1292.0,Audi,Volkswagen Group,Tyskland,Benzin,Fossil,Personbil
Audi A4,19,2024,M01,1356.0,Audi,Volkswagen Group,Tyskland,Benzin,Fossil,Personbil
Audi A7,1,2024,M01,1393.0,Audi,Volkswagen Group,Tyskland,Benzin,Fossil,Personbil
Audi Q3,6,2024,M01,1099.0,Audi,Volkswagen Group,Tyskland,Benzin,Fossil,SUV/Crossover
Audi Q5,57,2024,M01,1137.0,Audi,Volkswagen Group,Tyskland,Benzin,Fossil,SUV/Crossover
Audi Q8 e-tron,11,2024,M01,1357.0,Audi,Volkswagen Group,Tyskland,El,Nul-emission,SUV/Crossover
BAW Pony,1,2024,M01,1358.0,BAW,BAW,Ukendt,Benzin,Fossil,Personbil
BYD Atto 3,9,2024,M01,1161.0,BYD,BYD Auto,Kina,Benzin,Fossil,Personbil
Citroen C3 Aircross,59,2024,M01,1014.0,Citroen,Stellantis,Europæisk (Multinational),Benzin,Fossil,SUV/Crossover
Citroen C4 X,12,2024,M01,1368.0,Citroen,Stellantis,Europæisk (Multinational),Benzin,Fossil,Personbil
Citroen ë-C4 X,7,2024,M01,1372.0,Citroen,Stellantis,Europæisk (Multinational),Benzin,Fossil,Personbil
DS 4,19,2024,M01,1299.0,DS,Stellantis,Europæisk (Multinational),Benzin,Fossil,Personbil
DS 7,1,2024,M01,1384.0,DS,Stellantis,Europæisk (Multinational),Benzin,Fossil,Personbil
DS 7 Crossback,1,2024,M01,1300.0,DS,Stellantis,Europæisk (Multinational),Benzin,Fossil,SUV/Crossover
Ford Fiesta,8,2024,M01,1373.0,Ford,Ford Motor Company,USA,Benzin,Fossil,Personbil
Garia Monaco,1,2024,M01,1398.0,Garia,Garia,Danmark,Benzin,Fossil,Personbil
Honda HR-V,6,2024,M01,1149.0,Honda,Honda Motor Co.,Japan,Benzin,Fossil,Personbil
JAC e-JS4,1,2024,M01,1303.0,JAC,JAC Motors,Kina,Benzin,Fossil,Personbil
Land Rover Range Rover,3,2024,M01,1283.0,Land Rover,Jaguar Land Rover (Tata Motors),Indien,Benzin,Fossil,SUV/Crossover
Land Rover Range Rover Sport,2,2024,M01,1196.0,Land Rover,Jaguar Land Rover (Tata Motors),Indien,Benzin,Fossil,SUV/Crossover
Lexus ES,2,2024,M01,1375.0,Lexus,Toyota Motor Corporation,Japan,Benzin,Fossil,Personbil
Maxus Euniq6,41,2024,M01,1167.0,Maxus,SAIC Motor (Maxus),Kina,Benzin,Fossil,SUV/Crossover
Mazda CX-5,22,2024,M01,1311.0,Mazda,Mazda Motor Corporation,Japan,Benzin,Fossil,SUV/Crossover
Mazda MX-5,5,2024,M01,1346.0,Mazda,Mazda Motor Corporation,Japan,Benzin,Fossil,Personbil
Mercedes-Benz Citan,2,2024,M01,1313.0,Mercedes-Benz,Mercedes-Benz Group,Tyskland,Benzin,Fossil,Varebil/MPV
Mercedes-Benz EQC,1,2024,M01,1391.0,Mercedes-Benz,Mercedes-Benz Group,Tyskland,El,Nul-emission,Personbil
Mercedes-Benz GLE,9,2024,M01,1144.0,Mercedes-Benz,Mercedes-Benz Group,Tyskland,Benzin,Fossil,Personbil
Mercedes-Benz GLS,1,2024,M01,1314.0,Mercedes-Benz,Mercedes-Benz Group,Tyskland,Benzin,Fossil,Personbil
MG EHS,2,2024,M01,1316.0,MG,SAIC Motor (MG),Kina,Benzin,Fossil,Personbil
Mini 5-dørs,5,2024,M01,1317.0,Mini,BMW Group,Tyskland,Benzin,Fossil,Personbil
Mini Cabriolet,1,2024,M01,1370.0,Mini,BMW Group,Tyskland,Benzin,Fossil,Personbil
Mitsubishi ASX,3,2024,M01,1374.0,Mitsubishi,Mitsubishi Motors,Japan,Benzin,Fossil,Personbil
Mitsubishi Eclipse Cross,3,2024,M01,1361.0,Mitsubishi,Mitsubishi Motors,Japan,Benzin,Fossil,SUV/Crossover
Mitsubishi Space Star,10,2024,M01,1366.0,Mitsubishi,Mitsubishi Motors,Japan,Benzin,Fossil,Personbil
Nio EL6,1,2024,M01,1362.0,Nio,NIO,Kina,El,Nul-emission,Personbil
Nissan Leaf,2,2024,M01,1318.0,Nissan,Nissan Motor Co.,Japan,Benzin,Fossil,Personbil
Peugeot 508,4,2024,M01,1320.0,Peugeot,Stellantis,Europæisk (Multinational),Benzin,Fossil,Personbil
Polaris Ranger,1,2024,M01,1404.0,Polaris,Polaris,USA,Benzin,Fossil,ATV/UTV/Andet
Renault Arkana,2,2024,M01,1392.0,Renault,Renault Group,Frankrig,Benzin,Fossil,Personbil
Seat Ateca,2,2024,M01,1325.0,Seat,Volkswagen Group,Tyskland,Benzin,Fossil,Personbil
Seat Leon,59,2024,M01,1210.0,Seat,Volkswagen Group,Tyskland,Benzin,Fossil,Personbil
Subaru Crosstrek,1,2024,M01,1381.0,Subaru,Subaru Corporation,Japan,Benzin,Fossil,SUV/Crossover
Tesla Model S,1,2024,M01,1213.0,Tesla,"Tesla, Inc.",USA,El,Nul-emission,Personbil
Toyota Camry,1,2024,M01,1385.0,Toyota,Toyota Motor Corporation,Japan,Benzin,Fossil,Personbil
Toyota Proace City,1,2024,M01,1290.0,Toyota,Toyota Motor Corporation,Japan,Benzin,Fossil,Varebil/MPV
Toyota Proace City Verso,4,2024,M01,1327.0,Toyota,Toyota Motor Corporation,Japan,Benzin,Fossil,Varebil/MPV
Volkswagen Taigo,6,2024,M01,1328.0,Volkswagen,Volkswagen Group,Tyskland,Benzin,Fossil,Personbil
Volkswagen Touareg,1,2024,M01,1382.0,Volkswagen,Volkswagen Group,Tyskland,Benzin,Fossil,Personbil
Volvo C40,25,2024,M01,1329.0,Volvo,Geely (Lynk & Co),Kina,Benzin,Fossil,Personbil
Volvo V60,5,2024,M01,1330.0,Volvo,Geely (Lynk & Co),Kina,Benzin,Fossil,Personbil
Volvo XC40,169,2024,M01,1331.0,Volvo,Geely (Lynk & Co),Kina,Benzin,Fossil,Personbil
Voyah Free,8,2024,M01,1332.0,Voyah,Dongfeng (Voyah),Kina,El,Nul-emission,Personbil
Xpeng P7,5,2024,M01,1279.0,Xpeng,XPeng,Kina,El,Nul-emission,Personbil
Tesla,2377,2024,M12,,Tesla,"Tesla, Inc.",USA,El,Nul-emission,Personbil
BMW,2263,2024,M12,,BMW,BMW Group,Tyskland,Benzin,Fossil,Personbil
Skoda,1032,2024,M12,,Skoda,Volkswagen Group,Tyskland,Benzin,Fossil,Personbil
Audi,1260,2024,M12,,Audi,Volkswagen Group,Tyskland,Benzin,Fossil,Personbil
Renault,967,2024,M12,,Renault,Renault Group,Frankrig,Benzin,Fossil,Personbil
Cupra,618,2024,M12,,Cupra,Volkswagen Group,Tyskland,Benzin,Fossil,Personbil
Volkswagen,1742,2024,M12,,Volkswagen,Volkswagen Group,Tyskland,Benzin,Fossil,Personbil
Kia,629,2024,M12,,Kia,Hyundai Motor Group,Sydkorea,Benzin,Fossil,Personbil
Mercedes-Benz,1475,2024,M12,,Mercedes-Benz,Mercedes-Benz Group,Tyskland,Benzin,Fossil,Personbil
Xpeng,352,2024,M12,,Xpeng,XPeng,Kina,El,Nul-emission,Personbil
Toyota,1246,2024,M12,,Toyota,Toyota Motor Corporation,Japan,Benzin,Fossil,Personbil
Nissan,498,2024,M12,,Nissan,Nissan Motor Co.,Japan,Benzin,Fossil,Personbil
Ford,523,2024,M12,,Ford,Ford Motor Company,USA,Benzin,Fossil,Personbil
BYD,247,2024,M12,,BYD,BYD Auto,Kina,Benzin,Fossil,Personbil
Volvo,263,2024,M12,,Volvo,Geely (Lynk & Co),Kina,Benzin,Fossil,Personbil
Polestar,225,2024,M12,,Polestar,Geely (Lynk & Co),Kina,El,Nul-emission,Personbil
Porsche,110,2024,M12,,Porsche,Volkswagen Group,Tyskland,Benzin,Fossil,Personbil
Dacia,95,2024,M12,,Dacia,Renault Group,Frankrig,Benzin,Fossil,Personbil
Peugeot,227,2024,M12,,Peugeot,Stellantis,Europæisk (Multinational),Benzin,Fossil,Personbil
Suzuki,134,2024,M12,,Suzuki,Suzuki Motor Corporation,Japan,Benzin,Fossil,Personbil
Seat,194,2024,M12,,Seat,Volkswagen Group,Tyskland,Benzin,Fossil,Personbil
Hyundai,313,2024,M12,,Hyundai,Hyundai Motor Group,Sydkorea,Benzin,Fossil,Personbil
Mazda,162,2024,M12,,Mazda,Mazda Motor Corporation,Japan,Benzin,Fossil,Personbil
Mini,101,2024,M12,,Mini,BMW Group,Tyskland,Benzin,Fossil,Personbil
Citroen,58,2024,M12,,Citroen,Stellantis,Europæisk (Multinational),Benzin,Fossil,Personbil
Jeep,35,2024,M12,,Jeep,Stellantis,Europæisk (Multinational),Benzin,Fossil,Personbil
Fiat,24,2024,M12,,Fiat,Stellantis,Europæisk (Multinational),Benzin,Fossil,Personbil
Lexus,27,2024,M12,,Lexus,Toyota Motor Corporation,Japan,Benzin,Fossil,Personbil
Opel,63,2024,M12,,Opel,Stellantis,Europæisk (Multinational),Benzin,Fossil,Personbil
MG,52,2024,M12,,MG,SAIC Motor (MG),Kina,Benzin,Fossil,Personbil
Alfa,16,2024,M12,,Alfa,Alfa,Ukendt,Benzin,Fossil,Personbil
Fisker,16,2024,M12,,Fisker,Fisker Inc.,USA,El,Nul-emission,Personbil
Honda,26,2024,M12,,Honda,Honda Motor Co.,Japan,Benzin,Fossil,Personbil
Hongqi,15,2024,M12,,Hongqi,FAW (Hongqi),Kina,El,Nul-emission,Personbil
Land,24,2024,M12,,Land,Land,Ukendt,Benzin,Fossil,Personbil
MAN,15,2024,M12,,MAN,TRATON (Volkswagen Group),Ukendt,Benzin,Fossil,Personbil
Maxus,18,2024,M12,,Maxus,SAIC Motor (Maxus),Kina,Benzin,Fossil,Personbil
KGM,4,2024,M12,,KGM,KG Mobility (tidl. SsangYong),Sydkorea,El,Nul-emission,Personbil
Nilsson,3,2024,M12,,Nilsson Hearse,Nilsson Hearse,Sverige,Benzin,Fossil,Varebil/MPV
DS,3,2024,M12,,DS,Stellantis,Europæisk (Multinational),Benzin,Fossil,Personbil
Jia,2,2024,M12,,Jia,Geely (Lynk & Co),Kina,El,Nul-emission,Kabinescooter
Maserati,2,2024,M12,,Maserati,Stellantis,Europæisk (Multinational),Benzin,Fossil,Personbil
Aiways,1,2024,M12,,Aiways,Aiways,Kina,El,Nul-emission,Personbil
Bach,1,2024,M12,,Bach,Bach,Danmark,El,Nul-emission,Kabinescooter
Eagle,1,2024,M12,1301.0,Eagle,"Eagle Golf Cars, LLC",USA,El,Nul-emission,Personbil
Hisun,1,2024,M12,,Hisun,"Chongqing Huansong Industrial (Group) Co., Ltd.",Kina,Benzin,Fossil,ATV/UTV/Andet
JAC,1,2024,M12,,JAC,JAC Motors,Kina,Benzin,Fossil,Personbil
Jaguar,2,2024,M12,,Jaguar,Jaguar Land Rover (Tata Motors),Indien,Benzin,Fossil,Personbil
Reo,1,2024,M12,,Reo,Reo,Ukendt,Benzin,Fossil,Personbil
Rolls-Royce,1,2024,M12,,Rolls-Royce,BMW Group,Tyskland,Benzin,Fossil,Personbil
Subaru,1,2024,M12,,Subaru,Subaru Corporation,Japan,Benzin,Fossil,Personbil
Voyah,1,2024,M12,,Voyah,Dongfeng (Voyah),Kina,El,Nul-emission,Personbil
Xingyun,1,2024,M12,,Xingyun,Shandong Xingyun,Kina,El,Nul-emission,ATV/UTV/Andet
Tesla,4069,2023,M12,,Tesla,"Tesla, Inc.",USA,El,Nul-emission,Personbil
BMW,1349,2023,M12,,BMW,BMW Group,Tyskland,Benzin,Fossil,Personbil
Skoda,720,2023,M12,,Skoda,Volkswagen Group,Tyskland,Benzin,Fossil,Personbil
Audi,846,2023,M12,,Audi,Volkswagen Group,Tyskland,Benzin,Fossil,Personbil
Renault,545,2023,M12,,Renault,Renault Group,Frankrig,Benzin,Fossil,Personbil
Cupra,298,2023,M12,,Cupra,Volkswagen Group,Tyskland,Benzin,Fossil,Personbil
Volkswagen,2312,2023,M12,,Volkswagen,Volkswagen Group,Tyskland,Benzin,Fossil,Personbil
Kia,297,2023,M12,,Kia,Hyundai Motor Group,Sydkorea,Benzin,Fossil,Personbil
Mercedes-Benz,2025,2023,M12,,Mercedes-Benz,Mercedes-Benz Group,Tyskland,Benzin,Fossil,Personbil
Xpeng,284,2023,M12,,Xpeng,XPeng,Kina,El,Nul-emission,Personbil
Toyota,1074,2023,M12,,Toyota,Toyota Motor Corporation,Japan,Benzin,Fossil,Personbil
Nissan,495,2023,M12,,Nissan,Nissan Motor Co.,Japan,Benzin,Fossil,Personbil
Ford,647,2023,M12,,Ford,Ford Motor Company,USA,Benzin,Fossil,Personbil
BYD,121,2023,M12,,BYD,BYD Auto,Kina,Benzin,Fossil,Personbil
Volvo,593,2023,M12,,Volvo,Geely (Lynk & Co),Kina,Benzin,Fossil,Personbil
Polestar,384,2023,M12,,Polestar,Geely (Lynk & Co),Kina,El,Nul-emission,Personbil
Porsche,33,2023,M12,,Porsche,Volkswagen Group,Tyskland,Benzin,Fossil,Personbil
Dacia,130,2023,M12,,Dacia,Renault Group,Frankrig,Benzin,Fossil,Personbil
Peugeot,562,2023,M12,,Peugeot,Stellantis,Europæisk (Multinational),Benzin,Fossil,Personbil
Suzuki,197,2023,M12,,Suzuki,Suzuki Motor Corporation,Japan,Benzin,Fossil,Personbil
Seat,271,2023,M12,,Seat,Volkswagen Group,Tyskland,Benzin,Fossil,Personbil
Hyundai,521,2023,M12,,Hyundai,Hyundai Motor Group,Sydkorea,Benzin,Fossil,Personbil
Mazda,212,2023,M12,,Mazda,Mazda Motor Corporation,Japan,Benzin,Fossil,Personbil
Mini,47,2023,M12,,Mini,BMW Group,Tyskland,Benzin,Fossil,Personbil
Citroen,267,2023,M12,,Citroen,Stellantis,Europæisk (Multinational),Benzin,Fossil,Personbil
Jeep,37,2023,M12,,Jeep,Stellantis,Europæisk (Multinational),Benzin,Fossil,Personbil
Fiat,133,2023,M12,,Fiat,Stellantis,Europæisk (Multinational),Benzin,Fossil,Personbil
Lexus,54,2023,M12,,Lexus,Toyota Motor Corporation,Japan,Benzin,Fossil,Personbil
Opel,194,2023,M12,,Opel,Stellantis,Europæisk (Multinational),Benzin,Fossil,Personbil
MG,98,2023,M12,,MG,SAIC Motor (MG),Kina,Benzin,Fossil,Personbil
Alfa,6,2023,M12,,Alfa,Alfa,Ukendt,Benzin,Fossil,Personbil
Fisker,37,2023,M12,,Fisker,Fisker Inc.,USA,El,Nul-emission,Personbil
Honda,13,2023,M12,,Honda,Honda Motor Co.,Japan,Benzin,Fossil,Personbil
Hongqi,12,2023,M12,,Hongqi,FAW (Hongqi),Kina,El,Nul-emission,Personbil
Land,27,2023,M12,,Land,Land,Ukendt,Benzin,Fossil,Personbil
MAN,13,2023,M12,,MAN,TRATON (Volkswagen Group),Ukendt,Benzin,Fossil,Personbil
Maxus,71,2023,M12,,Maxus,SAIC Motor (Maxus),Kina,Benzin,Fossil,Personbil
Nilsson,4,2023,M12,,Nilsson Hearse,Nilsson Hearse,Sverige,Benzin,Fossil,Varebil/MPV
DS,50,2023,M12,,DS,Stellantis,Europæisk (Multinational),Benzin,Fossil,Personbil
Jia,2,2023,M12,,Jia,Geely (Lynk & Co),Kina,El,Nul-emission,Kabinescooter
Aiways,13,2023,M12,,Aiways,Aiways,Kina,El,Nul-emission,Personbil
JAC,25,2023,M12,,JAC,JAC Motors,Kina,Benzin,Fossil,Personbil
Jaguar,1,2023,M12,,Jaguar,Jaguar Land Rover (Tata Motors),Indien,Benzin,Fossil,Personbil
Rolls-Royce,1,2023,M12,,Rolls-Royce,BMW Group,Tyskland,Benzin,Fossil,Personbil
Subaru,17,2023,M12,,Subaru,Subaru Corporation,Japan,Benzin,Fossil,Personbil
Voyah,4,2023,M12,,Voyah,Dongfeng (Voyah),Kina,El,Nul-emission,Personbil
BAW,2,2023,M12,,BAW,BAW,Ukendt,Benzin,Fossil,Personbil
Can-Am,1,2023,M12,1422.0,Can-Am,Bombardier Recreational Products,Canada,Benzin,Fossil,Personbil
Ferrari,1,2023,M12,,Ferrari,Ferrari,Italien,Benzin,Fossil,Personbil
Italcar,2,2023,M12,,Italcar,Italcar Industrial S.r.l.,Italien,El,Nul-emission,ATV/UTV/Andet
Lamborghini,2,2023,M12,,Lamborghini,Volkswagen Group,Tyskland,Benzin,Fossil,Personbil
Lotus,4,2023,M12,,Lotus,Geely (Lynk & Co),Kina,Benzin,Fossil,Personbil
Mitsubishi,53,2023,M12,,Mitsubishi,Mitsubishi Motors,Japan,Benzin,Fossil,Personbil
Nio,3,2023,M12,,Nio,NIO,Kina,El,Nul-emission,Personbil
Polaris,2,2023,M12,,Polaris,Polaris,USA,Benzin,Fossil,Personbil
Powerland,1,2023,M12,,Powerland,Powerland,Ukendt,Benzin,Fossil,Personbil
Regal,1,2023,M12,,Regal,Regal,Ukendt,Benzin,Fossil,Personbil
Rex,1,2023,M12,,Rex,Rex GmbH,Tyskland,El,Nul-emission,Kabinescooter
Smart,1,2023,M12,,Smart,Mercedes-Benz/Geely (JV),Kina,El,Nul-emission,Personbil
Skoda Elroq,10624,2025,FY,1001.0,Skoda,Volkswagen Group,Tyskland,El,Nul-emission,Personbil
Volkswagen ID.4,8571,2025,FY,1005.0,Volkswagen,Volkswagen Group,Tyskland,El,Nul-emission,Personbil
Tesla Model Y,7670,2025,FY,1002.0,Tesla,"Tesla, Inc.",USA,El,Nul-emission,Personbil
Skoda Enyaq iV,5990,2025,FY,1006.0,Skoda,Volkswagen Group,Tyskland,El,Nul-emission,Personbil
Volkswagen ID.3,5102,2025,FY,1011.0,Volkswagen,Volkswagen Group,Tyskland,El,Nul-emission,Personbil
Audi Q4 e-tron,4788,2025,FY,1003.0,Audi,Volkswagen Group,Tyskland,El,Nul-emission,SUV/Crossover
Volkswagen ID. Buzz,4492,2025,FY,1010.0,Volkswagen,Volkswagen Group,Tyskland,El,Nul-emission,Personbil
Volkswagen T-Roc,3690,2025,FY,1080.0,Volkswagen,Volkswagen Group,Tyskland,Benzin,Fossil,SUV/Crossover
Kia EV3,3058,2025,FY,1033.0,Kia,Hyundai Motor Group,Sydkorea,Benzin,Fossil,Personbil
Renault R5,3050,2025,FY,1008.0,Renault,Renault Group,Frankrig,Benzin,Fossil,Personbil
Mercedes-Benz EQA,3045,2025,FY,1026.0,Mercedes-Benz,Mercedes-Benz Group,Tyskland,El,Nul-emission,Personbil
Cupra Formentor,3036,2025,FY,1062.0,Cupra,Volkswagen Group,Tyskland,Benzin,Fossil,Personbil
BMW iX1,2938,2025,FY,1009.0,BMW,BMW Group,Tyskland,El,Nul-emission,SUV/Crossover
Volkswagen ID.7,2916,2025,FY,1017.0,Volkswagen,Volkswagen Group,Tyskland,El,Nul-emission,Personbil
Cupra Tavascan,2795,2025,FY,1065.0,Cupra,Volkswagen Group,Tyskland,Benzin,Fossil,Personbil
Mercedes-Benz EQB,2783,2025,FY,1027.0,Mercedes-Benz,Mercedes-Benz Group,Tyskland,El,Nul-emission,Personbil
Toyota bZ4X,2660,2025,FY,1000.0,Toyota,Toyota Motor Corporation,Japan,El,Nul-emission,Personbil
Xpeng G6,2428,2025,FY,1015.0,Xpeng,XPeng,Kina,El,Nul-emission,Personbil
Cupra Born,2265,2025,FY,1007.0,Cupra,Volkswagen Group,Tyskland,El,Nul-emission,Personbil
Renault Scenic,2255,2025,FY,1021.0,Renault,Renault Group,Frankrig,Benzin,Fossil,Personbil
BMW X1,2137,2025,FY,1013.0,BMW,BMW Group,Tyskland,Benzin,Fossil,SUV/Crossover
Toyota Aygo X,2078,2025,FY,1042.0,Toyota,Toyota Motor Corporation,Japan,Benzin,Fossil,Personbil
Toyota Yaris Cross,2076,2025,FY,1020.0,Toyota,Toyota Motor Corporation,Japan,Benzin,Fossil,SUV/Crossover
Audi A5,2002,2025,FY,1115.0,Audi,Volkswagen Group,Tyskland,Benzin,Fossil,Personbil
Volvo EX40,1960,2025,FY,1018.0,Volvo,Geely (Lynk & Co),Kina,Benzin,Fossil,SUV/Crossover
BMW 3'er,1932,2025,FY,1051.0,BMW,BMW Group,Tyskland,Benzin,Fossil,Personbil
Tesla Model 3,1770,2025,FY,1179.0,Tesla,"Tesla, Inc.",USA,El,Nul-emission,Personbil
Audi Q6 e-tron,1750,2025,FY,1160.0,Audi,Volkswagen Group,Tyskland,El,Nul-emission,SUV/Crossover
Cupra Terramar,1726,2025,FY,1044.0,Cupra,Volkswagen Group,Tyskland,Benzin,Fossil,Personbil
Nissan Qashqai,1720,2025,FY,1035.0,Nissan,Nissan Motor Co.,Japan,Benzin,Fossil,SUV/Crossover
Ford Explorer,1660,2025,FY,1023.0,Ford,Ford Motor Company,USA,Benzin,Fossil,Personbil
BMW i5,1654,2025,FY,1049.0,BMW,BMW Group,Tyskland,El,Nul-emission,Personbil
Suzuki Swift,1645,2025,FY,1034.0,Suzuki,Suzuki Motor Corporation,Japan,Benzin,Fossil,Personbil
Hyundai Ioniq 5,1608,2025,FY,1050.0,Hyundai,Hyundai Motor Group,Sydkorea,El,Nul-emission,Personbil
Navor E5,1590,2025,FY,1078.0,Navor,DFSK Motor,Kina,Benzin,Fossil,Personbil
Peugeot 3008,1492,2025,FY,1036.0,Peugeot,Stellantis,Europæisk (Multinational),Benzin,Fossil,Personbil
Kia EV6,1478,2025,FY,1069.0,Kia,Hyundai Motor Group,Sydkorea,Benzin,Fossil,Personbil
Mercedes-Benz CLA,1448,2025,FY,1022.0,Mercedes-Benz,Mercedes-Benz Group,Tyskland,Benzin,Fossil,Personbil
Nissan Ariya,1437,2025,FY,1070.0,Nissan,Nissan Motor Co.,Japan,Benzin,Fossil,Personbil
Hyundai Kona,1419,2025,FY,1043.0,Hyundai,Hyundai Motor Group,Sydkorea,Benzin,Fossil,SUV/Crossover
Audi A6 e-tron,1418,2025,FY,1038.0,Audi,Volkswagen Group,Tyskland,El,Nul-emission,Personbil
Cupra Leon,1415,2025,FY,1100.0,Cupra,Volkswagen Group,Tyskland,Benzin,Fossil,Personbil
MG ZS,1373,2025,FY,1040.0,MG,SAIC Motor (MG),Kina,Benzin,Fossil,Personbil
Audi A3,1370,2025,FY,1064.0,Audi,Volkswagen Group,Tyskland,Benzin,Fossil,Personbil
Toyota Yaris,1343,2025,FY,1057.0,Toyota,Toyota Motor Corporation,Japan,Hybrid,Lav-emission,Personbil
Peugeot 2008,1303,2025,FY,1030.0,Peugeot,Stellantis,Europæisk (Multinational),Benzin,Fossil,Personbil
Volkswagen ID.5,1296,2025,FY,1053.0,Volkswagen,Volkswagen Group,Tyskland,El,Nul-emission,Personbil
Hyundai Inster,1165,2025,FY,1061.0,Hyundai,Hyundai Motor Group,Sydkorea,Benzin,Fossil,Personbil
Peugeot 208,1156,2025,FY,1024.0,Peugeot,Stellantis,Europæisk (Multinational),Benzin,Fossil,Personbil
BMW i4,1153,2025,FY,1045.0,BMW,BMW Group,Tyskland,El,Nul-emission,Personbil
Citroen C3 Aircross,1148,2025,FY,1014.0,Citroen,Stellantis,Europæisk (Multinational),Benzin,Fossil,SUV/Crossover
Peugeot 5008,1135,2025,FY,1039.0,Peugeot,Stellantis,Europæisk (Multinational),Benzin,Fossil,Personbil
Audi Q2,1132,2025,FY,1071.0,Audi,Volkswagen Group,Tyskland,Benzin,Fossil,SUV/Crossover
Mercedes-Benz GLC,1120,2025,FY,1076.0,Mercedes-Benz,Mercedes-Benz Group,Tyskland,Benzin,Fossil,Personbil
Renault Captur,1096,2025,FY,1266.0,Renault,Renault Group,Frankrig,Benzin,Fossil,Personbil
Renault Megane E-Tech,1077,2025,FY,1041.0,Renault,Renault Group,Frankrig,El,Nul-emission,Personbil
Polestar 4,1012,2025,FY,1048.0,Polestar,Geely (Lynk & Co),Kina,El,Nul-emission,Personbil
MG 4,996,2025,FY,1037.0,MG,SAIC Motor (MG),Kina,Benzin,Fossil,Personbil
Polestar 2,984,2025,FY,1097.0,Polestar,Geely (Lynk & Co),Kina,El,Nul-emission,Personbil
Mercedes-Benz EQE,948,2025,FY,1074.0,Mercedes-Benz,Mercedes-Benz Group,Tyskland,El,Nul-emission,Personbil
Volvo EX30,917,2025,FY,1056.0,Volvo,Geely (Lynk & Co),Kina,Benzin,Fossil,SUV/Crossover
Citroen C3,891,2025,FY,1012.0,Citroen,Stellantis,Europæisk (Multinational),Benzin,Fossil,Personbil
Mazda 6e,869,2025,FY,1019.0,Mazda,Mazda Motor Corporation,Japan,Benzin,Fossil,Personbil
Renault Clio,864,2025,FY,1111.0,Renault,Renault Group,Frankrig,Benzin,Fossil,Personbil
Opel Grandland,789,2025,FY,1072.0,Opel,Stellantis,Europæisk (Multinational),Benzin,Fossil,SUV/Crossover
Mercedes-Benz GLA,742,2025,FY,1090.0,Mercedes-Benz,Mercedes-Benz Group,Tyskland,Benzin,Fossil,Personbil
Ford Capri,723,2025,FY,1052.0,Ford,Ford Motor Company,USA,Benzin,Fossil,Personbil
BMW 5'er,709,2025,FY,1063.0,BMW,BMW Group,Tyskland,Benzin,Fossil,Personbil
Hyundai Ioniq 6,707,2025,FY,1133.0,Hyundai,Hyundai Motor Group,Sydkorea,El,Nul-emission,Personbil
Suzuki Vitara,704,2025,FY,1029.0,Suzuki,Suzuki Motor Corporation,Japan,Benzin,Fossil,SUV/Crossover
Skoda Kodiaq,701,2025,FY,1047.0,Skoda,Volkswagen Group,Tyskland,Benzin,Fossil,SUV/Crossover
Ford Puma,683,2025,FY,1054.0,Ford,Ford Motor Company,USA,Benzin,Fossil,Personbil
Volkswagen Polo,681,2025,FY,1140.0,Volkswagen,Volkswagen Group,Tyskland,Benzin,Fossil,Personbil
Volkswagen Touran,670,2025,FY,1182.0,Volkswagen,Volkswagen Group,Tyskland,Benzin,Fossil,Personbil
Audi Q5,662,2025,FY,1137.0,Audi,Volkswagen Group,Tyskland,Benzin,Fossil,SUV/Crossover
Mercedes-Benz A-Klasse,653,2025,FY,1123.0,Mercedes-Benz,Mercedes-Benz Group,Tyskland,Benzin,Fossil,Personbil
BYD Sealion 7,646,2025,FY,1096.0,BYD,BYD Auto,Kina,Benzin,Fossil,Personbil
Zeekr 7X,641,2025,FY,1028.0,Zeekr,Geely (Lynk & Co),Kina,El,Nul-emission,Personbil
Mercedes-Benz C-Klasse,639,2025,FY,1098.0,Mercedes-Benz,Mercedes-Benz Group,Tyskland,Benzin,Fossil,Personbil
Mercedes-Benz EQE SUV,626,2025,FY,1110.0,Mercedes-Benz,Mercedes-Benz Group,Tyskland,El,Nul-emission,SUV/Crossover
Toyota Corolla Cross,616,2025,FY,1124.0,Toyota,Toyota Motor Corporation,Japan,Benzin,Fossil,SUV/Crossover
Toyota RAV4,610,2025,FY,1273.0,Toyota,Toyota Motor Corporation,Japan,Hybrid,Lav-emission,SUV/Crossover
Xpeng G9,605,2025,FY,1068.0,Xpeng,XPeng,Kina,El,Nul-emission,Personbil
Skoda Kamiq,564,2025,FY,1112.0,Skoda,Volkswagen Group,Tyskland,Benzin,Fossil,SUV/Crossover
Volkswagen Passat,548,2025,FY,1125.0,Volkswagen,Volkswagen Group,Tyskland,Benzin,Fossil,Personbil
Seat Ibiza,527,2025,FY,1073.0,Seat,Volkswagen Group,Tyskland,Benzin,Fossil,Personbil
Mercedes-Benz GLB,517,2025,FY,1088.0,Mercedes-Benz,Mercedes-Benz Group,Tyskland,Benzin,Fossil,Personbil
Ford Kuga,512,2025,FY,1060.0,Ford,Ford Motor Company,USA,Hybrid,Lav-emission,Personbil
BMW 1'er,500,2025,FY,1067.0,BMW,BMW Group,Tyskland,Benzin,Fossil,Personbil
Dacia Sandero,478,2025,FY,1231.0,Dacia,Renault Group,Frankrig,Benzin,Fossil,Personbil
Porsche Macan,469,2025,FY,1119.0,Porsche,Volkswagen Group,Tyskland,Benzin,Fossil,SUV/Crossover
BMW 4'er,463,2025,FY,1185.0,BMW,BMW Group,Tyskland,Benzin,Fossil,Personbil
BMW iX2,450,2025,FY,1087.0,BMW,BMW Group,Tyskland,El,Nul-emission,SUV/Crossover
BMW iX,445,2025,FY,1089.0,BMW,BMW Group,Tyskland,El,Nul-emission,Personbil
Ford Tourneo Custom,438,2025,FY,1082.0,Ford,Ford Motor Company,USA,Benzin,Fossil,Varebil/MPV
Renault Austral,408,2025,FY,1025.0,Renault,Renault Group,Frankrig,Benzin,Fossil,Personbil
Opel Frontera,402,2025,FY,1077.0,Opel,Stellantis,Europæisk (Multinational),Benzin,Fossil,SUV/Crossover
Kia Niro,394,2025,FY,1244.0,Kia,Hyundai Motor Group,Sydkorea,Benzin,Fossil,Personbil
Skoda Octavia,389,2025,FY,1157.0,Skoda,Volkswagen Group,Tyskland,Benzin,Fossil,Personbil
BYD Dolphin,379,2025,FY,1187.0,BYD,BYD Auto,Kina,Benzin,Fossil,Personbil
Toyota C-HR,373,2025,FY,1271.0,Toyota,Toyota Motor Corporation,Japan,Hybrid,Lav-emission,Personbil
Suzuki SX4,368,2025,FY,1131.0,Suzuki,Suzuki Motor Corporation,Japan,Benzin,Fossil,SUV/Crossover
BYD Seal U,368,2025,FY,1104.0,BYD,BYD Auto,Kina,Benzin,Fossil,Personbil
Volkswagen Tiguan,368,2025,FY,1145.0,Volkswagen,Volkswagen Group,Tyskland,Benzin,Fossil,SUV/Crossover
Renault R4,360,2025,FY,1016.0,Renault,Renault Group,Frankrig,Benzin,Fossil,Personbil
Mercedes-Benz Sprinter,358,2025,FY,1134.0,Mercedes-Benz,Mercedes-Benz Group,Tyskland,Benzin,Fossil,Varebil/MPV
Skoda Scala,352,2025,FY,1130.0,Skoda,Volkswagen Group,Tyskland,Benzin,Fossil,Personbil
MG S5,332,2025,FY,1046.0,MG,SAIC Motor (MG),Kina,Benzin,Fossil,Personbil
Hyundai I20,327,2025,FY,1238.0,Hyundai,Hyundai Motor Group,Sydkorea,Benzin,Fossil,Personbil
Hyundai Tucson,326,2025,FY,1241.0,Hyundai,Hyundai Motor Group,Sydkorea,Benzin,Fossil,SUV/Crossover
Volvo EX90,325,2025,FY,1081.0,Volvo,Geely (Lynk & Co),Kina,Benzin,Fossil,Personbil
Audi A6,323,2025,FY,1159.0,Audi,Volkswagen Group,Tyskland,Benzin,Fossil,Personbil
Mercedes-Benz E-Klasse,315,2025,FY,1128.0,Mercedes-Benz,Mercedes-Benz Group,Tyskland,Benzin,Fossil,Personbil
Volvo EC40,308,2025,FY,1093.0,Volvo,Geely (Lynk & Co),Kina,Benzin,Fossil,Personbil
Mazda 2,294,2025,FY,1153.0,Mazda,Mazda Motor Corporation,Japan,Benzin,Fossil,Personbil
Toyota Corolla,281,2025,FY,1180.0,Toyota,Toyota Motor Corporation,Japan,Hybrid,Lav-emission,Personbil
Suzuki Ignis,277,2025,FY,1268.0,Suzuki,Suzuki Motor Corporation,Japan,Benzin,Fossil,Personbil
Mazda CX-30,269,2025,FY,1084.0,Mazda,Mazda Motor Corporation,Japan,Benzin,Fossil,SUV/Crossover
Mini 3-dørs,259,2025,FY,1083.0,Mini,BMW Group,Tyskland,Benzin,Fossil,Personbil
BYD Dolphin Surf,254,2025,FY,1095.0,BYD,BYD Auto,Kina,Benzin,Fossil,Personbil
BYD Seal,251,2025,FY,1107.0,BYD,BYD Auto,Kina,Benzin,Fossil,Personbil
Hyundai I10,250,2025,FY,1237.0,Hyundai,Hyundai Motor Group,Sydkorea,Benzin,Fossil,Personbil
Volvo XC60,237,2025,FY,1275.0,Volvo,Geely (Lynk & Co),Kina,Benzin,Fossil,Personbil
Volkswagen Multivan,230,2025,FY,1274.0,Volkswagen,Volkswagen Group,Tyskland,Benzin,Fossil,Varebil/MPV
Ford Mustang Mach-E,223,2025,FY,1147.0,Ford,Ford Motor Company,USA,Benzin,Fossil,Personbil
Honda CR-V,221,2025,FY,1127.0,Honda,Honda Motor Co.,Japan,Hybrid,Lav-emission,Personbil
Mini Aceman,217,2025,FY,1079.0,Mini,BMW Group,Tyskland,El,Nul-emission,Personbil
Nissan Juke,215,2025,FY,1103.0,Nissan,Nissan Motor Co.,Japan,Benzin,Fossil,SUV/Crossover
Kia EV9,215,2025,FY,1058.0,Kia,Hyundai Motor Group,Sydkorea,Benzin,Fossil,Personbil
Volkswagen T-Cross,214,2025,FY,1181.0,Volkswagen,Volkswagen Group,Tyskland,Benzin,Fossil,SUV/Crossover
BYD Atto 3,213,2025,FY,1161.0,BYD,BYD Auto,Kina,Benzin,Fossil,Personbil
Hongqi EHS7,212,2025,FY,1138.0,Hongqi,FAW (Hongqi),Kina,El,Nul-emission,Personbil
Mini Countryman,202,2025,FY,1102.0,Mini,BMW Group,Tyskland,Benzin,Fossil,Personbil
Ford Transit,202,2025,FY,1091.0,Ford,Ford Motor Company,USA,Benzin,Fossil,Varebil/MPV
Skoda Karoq,200,2025,FY,1094.0,Skoda,Volkswagen Group,Tyskland,Benzin,Fossil,SUV/Crossover
Seat Arona,197,2025,FY,1177.0,Seat,Volkswagen Group,Tyskland,Benzin,Fossil,Personbil
Skoda Fabia,196,2025,FY,1211.0,Skoda,Volkswagen Group,Tyskland,Benzin,Fossil,Personbil
BYD Atto 2,166,2025,FY,1106.0,BYD,BYD Auto,Kina,Benzin,Fossil,Personbil
Audi Q3,164,2025,FY,1099.0,Audi,Volkswagen Group,Tyskland,Benzin,Fossil,SUV/Crossover
Mazda MX-30,163,2025,FY,1199.0,Mazda,Mazda Motor Corporation,Japan,Benzin,Fossil,Personbil
Dacia Duster,163,2025,FY,1229.0,Dacia,Renault Group,Frankrig,Benzin,Fossil,Personbil
Lexus NX,161,2025,FY,1252.0,Lexus,Toyota Motor Corporation,Japan,Hybrid,Lav-emission,Personbil
Hyundai Bayon,153,2025,FY,1151.0,Hyundai,Hyundai Motor Group,Sydkorea,Benzin,Fossil,Personbil
BYD Tang,152,2025,FY,1126.0,BYD,BYD Auto,Kina,Benzin,Fossil,Personbil
Renault Symbioz,149,2025,FY,1085.0,Renault,Renault Group,Frankrig,Benzin,Fossil,Personbil
MG HS,147,2025,FY,1109.0,MG,SAIC Motor (MG),Kina,Benzin,Fossil,Personbil
Volkswagen Caravelle,145,2025,FY,1217.0,Volkswagen,Volkswagen Group,Tyskland,Benzin,Fossil,Varebil/MPV
Kia Ceed,140,2025,FY,1243.0,Kia,Hyundai Motor Group,Sydkorea,Benzin,Fossil,Personbil
Dacia Bigster,140,2025,FY,1278.0,Dacia,Renault Group,Frankrig,Benzin,Fossil,Personbil
Toyota Proace Verso,133,2025,FY,1135.0,Toyota,Toyota Motor Corporation,Japan,Benzin,Fossil,Varebil/MPV
Lexus LBX,129,2025,FY,1165.0,Lexus,Toyota Motor Corporation,Japan,Benzin,Fossil,Personbil
Mazda CX-60,129,2025,FY,1255.0,Mazda,Mazda Motor Corporation,Japan,Benzin,Fossil,SUV/Crossover
Opel Corsa,126,2025,FY,1259.0,Opel,Stellantis,Europæisk (Multinational),Benzin,Fossil,Personbil
Kia Picanto,119,2025,FY,1245.0,Kia,Hyundai Motor Group,Sydkorea,Benzin,Fossil,Personbil
Honda e:Ny1,119,2025,FY,1086.0,Honda,Honda Motor Co.,Japan,El,Nul-emission,Personbil
Lexus RZ,116,2025,FY,1075.0,Lexus,Toyota Motor Corporation,Japan,Benzin,Fossil,Personbil
Omoda 5,116,2025,FY,1129.0,Omoda,Chery Group,Kina,Benzin,Fossil,Personbil
BMW i7,110,2025,FY,1146.0,BMW,BMW Group,Tyskland,El,Nul-emission,Personbil
BMW i7,110,2025,FY,,BMW,BMW Group,Tyskland,El,Nul-emission,Personbil
Subaru Solterra,109,2025,FY,1113.0,Subaru,Subaru Corporation,Japan,Benzin,Fossil,Personbil
Honda ZR-V,109,2025,FY,1193.0,Honda,Honda Motor Co.,Japan,Benzin,Fossil,Personbil
Hyundai Ioniq 9,109,2025,FY,1118.0,Hyundai,Hyundai Motor Group,Sydkorea,El,Nul-emission,Personbil
Dacia Jogger,108,2025,FY,1230.0,Dacia,Renault Group,Frankrig,Benzin,Fossil,Personbil
Opel Mokka,106,2025,FY,1261.0,Opel,Stellantis,Europæisk (Multinational),Benzin,Fossil,Personbil
Mercedes-Benz GLE,106,2025,FY,1144.0,Mercedes-Benz,Mercedes-Benz Group,Tyskland,Benzin,Fossil,Personbil
Skoda Superb,105,2025,FY,1139.0,Skoda,Volkswagen Group,Tyskland,Benzin,Fossil,Personbil
Alfa Romeo Junior,102,2025,FY,1221.0,Alfa Romeo,Stellantis,Europæisk (Multinational),Benzin,Fossil,SUV/Crossover
MG Cyberster,100,2025,FY,1173.0,MG,SAIC Motor (MG),Kina,Benzin,Fossil,Personbil
Honda Jazz,98,2025,FY,1150.0,Honda,Honda Motor Co.,Japan,Benzin,Fossil,Personbil
Leapmotor B10,94,2025,FY,1031.0,Leapmotor,Leapmotor,Kina,El,Nul-emission,Personbil
Ford Transit Custom,91,2025,FY,1192.0,Ford,Ford Motor Company,USA,Benzin,Fossil,Varebil/MPV
Polestar 3,88,2025,FY,1263.0,Polestar,Geely (Lynk & Co),Kina,El,Nul-emission,Personbil
Fiat Grande Panda,88,2025,FY,1122.0,Fiat,Stellantis,Europæisk (Multinational),Benzin,Fossil,Personbil
Kia PV5,88,2025,FY,1066.0,Kia,Hyundai Motor Group,Sydkorea,Benzin,Fossil,Personbil
Volvo XC90,87,2025,FY,1276.0,Volvo,Geely (Lynk & Co),Kina,Benzin,Fossil,Personbil
MAN TGE,87,2025,FY,1197.0,MAN,TRATON (Volkswagen Group),Tyskland,Benzin,Fossil,Varebil/MPV
Mercedes-Benz EQV,83,2025,FY,1155.0,Mercedes-Benz,Mercedes-Benz Group,Tyskland,El,Nul-emission,Personbil
BMW iX3,82,2025,FY,1224.0,BMW,BMW Group,Tyskland,El,Nul-emission,SUV/Crossover
Land Rover Range Rover Sport,82,2025,FY,1196.0,Land Rover,Jaguar Land Rover (Tata Motors),Indien,Benzin,Fossil,SUV/Crossover
MG 3,81,2025,FY,1172.0,MG,SAIC Motor (MG),Kina,Benzin,Fossil,Personbil
Mercedes-Benz CLE,79,2025,FY,1257.0,Mercedes-Benz,Mercedes-Benz Group,Tyskland,Benzin,Fossil,Personbil
Mercedes-Benz Vito Tourer,77,2025,FY,1092.0,Mercedes-Benz,Mercedes-Benz Group,Tyskland,Benzin,Fossil,Varebil/MPV
Mazda CX-80,71,2025,FY,1168.0,Mazda,Mazda Motor Corporation,Japan,Benzin,Fossil,SUV/Crossover
Mazda 3,67,2025,FY,1154.0,Mazda,Mazda Motor Corporation,Japan,Benzin,Fossil,Personbil
Renault Trafic,67,2025,FY,1176.0,Renault,Renault Group,Frankrig,Benzin,Fossil,Varebil/MPV
BMW X3,66,2025,FY,1141.0,BMW,BMW Group,Tyskland,Benzin,Fossil,SUV/Crossover
Citroen Berlingo,66,2025,FY,1117.0,Citroen,Stellantis,Europæisk (Multinational),Benzin,Fossil,Varebil/MPV
Porsche 911,63,2025,FY,1264.0,Porsche,Volkswagen Group,Tyskland,Benzin,Fossil,Personbil
Xpeng P7,61,2025,FY,1279.0,Xpeng,XPeng,Kina,El,Nul-emission,Personbil
Mercedes-Benz V-Klasse,60,2025,FY,1171.0,Mercedes-Benz,Mercedes-Benz Group,Tyskland,Benzin,Fossil,Personbil
Hyundai Santa Fe,57,2025,FY,1240.0,Hyundai,Hyundai Motor Group,Sydkorea,Benzin,Fossil,SUV/Crossover
Hyundai I30,56,2025,FY,1239.0,Hyundai,Hyundai Motor Group,Sydkorea,Benzin,Fossil,Personbil
KGM Torres EVX,55,2025,FY,1108.0,KGM,KG Mobility (tidl. SsangYong),Sydkorea,El,Nul-emission,SUV/Crossover
Volkswagen Crafter,53,2025,FY,1218.0,Volkswagen,Volkswagen Group,Tyskland,Benzin,Fossil,Varebil/MPV
Peugeot 308,52,2025,FY,1206.0,Peugeot,Stellantis,Europæisk (Multinational),Benzin,Fossil,Personbil
Opel Zafira,51,2025,FY,1205.0,Opel,Stellantis,Europæisk (Multinational),Benzin,Fossil,Varebil/MPV
Mercedes-Benz G-Klasse,51,2025,FY,1170.0,Mercedes-Benz,Mercedes-Benz Group,Tyskland,Benzin,Fossil,Personbil
Melex 463,50,2025,FY,,Melex,Melex Sp. z o.o.,Polen,El,Nul-emission,ATV/UTV/Andet
HDK Turfmann 700,49,2025,FY,1379.0,HDK,HDK Automotive,Kina,El,Nul-emission,ATV/UTV/Andet
Nissan X-Trail,48,2025,FY,1204.0,Nissan,Nissan Motor Co.,Japan,Hybrid,Lav-emission,Personbil
Jeep Avenger,48,2025,FY,1242.0,Jeep,Stellantis,Europæisk (Multinational),Benzin,Fossil,SUV/Crossover
Honda HR-V,48,2025,FY,1149.0,Honda,Honda Motor Co.,Japan,Benzin,Fossil,Personbil
Seat Leon,48,2025,FY,1210.0,Seat,Volkswagen Group,Tyskland,Benzin,Fossil,Personbil
BMW X5,47,2025,FY,1186.0,BMW,BMW Group,Tyskland,Benzin,Fossil,SUV/Crossover
Skoda Kodiaq iV,46,2025,FY,1267.0,Skoda,Volkswagen Group,Tyskland,Hybrid,Lav-emission,SUV/Crossover
Hongqi EH7,45,2025,FY,1194.0,Hongqi,FAW (Hongqi),Kina,El,Nul-emission,Personbil
Opel Crossland,44,2025,FY,1260.0,Opel,Stellantis,Europæisk (Multinational),Benzin,Fossil,SUV/Crossover
Porsche Cayenne,43,2025,FY,1208.0,Porsche,Volkswagen Group,Tyskland,Benzin,Fossil,SUV/Crossover
Kia Stonic,42,2025,FY,1248.0,Kia,Hyundai Motor Group,Sydkorea,Benzin,Fossil,Personbil
Ford Focus,41,2025,FY,1162.0,Ford,Ford Motor Company,USA,Benzin,Fossil,Personbil
Porsche Taycan,40,2025,FY,1175.0,Porsche,Volkswagen Group,Tyskland,El,Nul-emission,Personbil
Toyota Proace City Verso,40,2025,FY,1327.0,Toyota,Toyota Motor Corporation,Japan,Benzin,Fossil,Varebil/MPV
Honda Civic,38,2025,FY,1163.0,Honda,Honda Motor Co.,Japan,Hybrid,Lav-emission,Personbil
Citroen C5 Aircross,34,2025,FY,1032.0,Citroen,Stellantis,Europæisk (Multinational),Benzin,Fossil,SUV/Crossover
Volkswagen Caddy,33,2025,FY,1216.0,Volkswagen,Volkswagen Group,Tyskland,Benzin,Fossil,Varebil/MPV
Volkswagen Golf,32,2025,FY,1219.0,Volkswagen,Volkswagen Group,Tyskland,Benzin,Fossil,Personbil
Zeekr 001,32,2025,FY,1136.0,Zeekr,Geely (Lynk & Co),Kina,El,Nul-emission,Personbil
Opel Astra,31,2025,FY,1258.0,Opel,Stellantis,Europæisk (Multinational),Benzin,Fossil,Personbil
Mini Cabriolet,31,2025,FY,1370.0,Mini,BMW Group,Tyskland,Benzin,Fossil,Personbil
Mazda MX-5,30,2025,FY,1346.0,Mazda,Mazda Motor Corporation,Japan,Benzin,Fossil,Personbil
Hongqi E-HS7,29,2025,FY,,Hongqi E-HS7,Hongqi E-HS7,Kina,El,Nul-emission,Personbil
Toyota Mirai,28,2025,FY,,Toyota,Toyota Motor Corporation,Japan,Brint,Nul-emission,Personbil
Citroen C4,27,2025,FY,1227.0,Citroen,Stellantis,Europæisk (Multinational),Benzin,Fossil,Personbil
Land Rover Range Rover,27,2025,FY,1283.0,Land Rover,Jaguar Land Rover (Tata Motors),Indien,Benzin,Fossil,SUV/Crossover
Zeekr X,26,2025,FY,1114.0,Zeekr,Geely (Lynk & Co),Kina,El,Nul-emission,Personbil
Subaru Forester,25,2025,FY,1212.0,Subaru,Subaru Corporation,Japan,Benzin,Fossil,SUV/Crossover
Kia Sportage,23,2025,FY,1247.0,Kia,Hyundai Motor Group,Sydkorea,Benzin,Fossil,SUV/Crossover
Suzuki Swace,23,2025,FY,1270.0,Suzuki,Suzuki Motor Corporation,Japan,Benzin,Fossil,Personbil
JAC E30X,22,2025,FY,1195.0,JAC,JAC Motors,Kina,Benzin,Fossil,Personbil
Kia XCeed,21,2025,FY,1249.0,Kia,Hyundai Motor Group,Sydkorea,Benzin,Fossil,Personbil
Yunlong JJ2000DBP,21,2025,FY,1277.0,Yunlong,MG,Kina,Benzin,Fossil,Personbil
Nissan Micra,20,2025,FY,1055.0,Nissan,Nissan Motor Co.,Japan,Benzin,Fossil,Personbil
Lotus Eletre,19,2025,FY,1254.0,Lotus,Geely (Lynk & Co),Kina,Benzin,Fossil,Personbil
Renault Master,19,2025,FY,1120.0,Renault,Renault Group,Frankrig,Benzin,Fossil,Varebil/MPV
Maserati Grecale,17,2025,FY,1152.0,Maserati,Stellantis,Europæisk (Multinational),Benzin,Fossil,Personbil
Hongqi E-HS9,16,2025,FY,1236.0,Hongqi,FAW (Hongqi),Kina,El,Nul-emission,Personbil
Lynk & Co 02,14,2025,FY,1143.0,Lynk & Co,Geely (Lynk & Co),Kina,Benzin,Fossil,Personbil
Fisker Ocean,13,2025,FY,1233.0,Fisker,Fisker Inc.,USA,El,Nul-emission,Personbil
Ford Tourneo Connect,13,2025,FY,1234.0,Ford,Ford Motor Company,USA,Benzin,Fossil,Varebil/MPV
Subaru Outback,13,2025,FY,1178.0,Subaru,Subaru Corporation,Japan,Benzin,Fossil,SUV/Crossover
Suzuki S-Cross,13,2025,FY,1269.0,Suzuki,Suzuki Motor Corporation,Japan,Benzin,Fossil,SUV/Crossover
Audi Q7,11,2025,FY,1293.0,Audi,Volkswagen Group,Tyskland,Benzin,Fossil,SUV/Crossover
Nilsson Hearse,11,2025,FY,1202.0,Nilsson Hearse,Nilsson Hearse,Sverige,Benzin,Fossil,Varebil/MPV
Mercedes-Benz S-Klasse,11,2025,FY,1201.0,Mercedes-Benz,Mercedes-Benz Group,Tyskland,Benzin,Fossil,Personbil
Porsche Cayman,11,2025,FY,1323.0,Porsche,Volkswagen Group,Tyskland,Benzin,Fossil,Personbil
Toyota Urban Cruiser,11,2025,FY,1004.0,Toyota,Toyota Motor Corporation,Japan,Benzin,Fossil,Personbil
Volvo V90,10,2025,FY,1220.0,Volvo,Geely (Lynk & Co),Kina,Benzin,Fossil,Personbil
Polaris Ranger,10,2025,FY,1404.0,Polaris,Polaris,USA,Benzin,Fossil,ATV/UTV/Andet
Mercedes-Benz Vito,10,2025,FY,1156.0,Mercedes-Benz,Mercedes-Benz Group,Tyskland,Benzin,Fossil,Varebil/MPV
Jia Ji JJ2000DBP,9,2025,FY,1377.0,Jia Ji,Geely (Lynk & Co),Kina,El,Nul-emission,Kabinescooter
Tesla Model X,9,2025,FY,1214.0,Tesla,"Tesla, Inc.",USA,El,Nul-emission,Personbil
Lamborghini Urus,9,2025,FY,1394.0,Lamborghini,Volkswagen Group,Tyskland,Benzin,Fossil,SUV/Crossover
Skoda Superb iV,9,2025,FY,1289.0,Skoda,Volkswagen Group,Tyskland,Hybrid,Lav-emission,Personbil
Mercedes-Benz EQS SUV,9,2025,FY,1200.0,Mercedes-Benz,Mercedes-Benz Group,Tyskland,El,Nul-emission,SUV/Crossover
Eagle Golf Car,9,2025,FY,1188.0,Eagle,"Eagle Golf Cars, LLC",USA,EL,Nul-emission,ATV/UTV/Andet
Maxus e-Deliver 9,9,2025,FY,1166.0,Maxus,SAIC Motor (Maxus),Kina,Benzin,Fossil,Varebil/MPV
Fiat 500,8,2025,FY,1232.0,Fiat,Stellantis,Europæisk (Multinational),Benzin,Fossil,Personbil
Mercedes-Benz GLS,8,2025,FY,1314.0,Mercedes-Benz,Mercedes-Benz Group,Tyskland,Benzin,Fossil,Personbil
Tesla Model S,8,2025,FY,1213.0,Tesla,"Tesla, Inc.",USA,El,Nul-emission,Personbil
Ford Mustang,8,2025,FY,1378.0,Ford,Ford Motor Company,USA,Benzin,Fossil,Personbil
Nio Firefly,8,2025,FY,1203.0,Nio,NIO,Kina,El,Nul-emission,Personbil
BMW 2'er,7,2025,FY,1223.0,BMW,BMW Group,Tyskland,Benzin,Fossil,Personbil
Porsche Panamera,7,2025,FY,1265.0,Porsche,Volkswagen Group,Tyskland,Benzin,Fossil,Personbil
Citroen e-SpaceTourer,7,2025,FY,1228.0,Citroen,Stellantis,Europæisk (Multinational),Benzin,Fossil,Personbil
Maxus Euniq5,7,2025,FY,1198.0,Maxus,SAIC Motor (Maxus),Kina,Benzin,Fossil,SUV/Crossover
Volvo C40,7,2025,FY,1329.0,Volvo,Geely (Lynk & Co),Kina,Benzin,Fossil,Personbil
Yunlong JJ 2000 DBP,7,2025,FY,1383.0,Yunlong,MG,Kina,Benzin,Fossil,Personbil
Bach YM2000DP,7,2025,FY,1294.0,Bach,Bach,Danmark,El,Nul-emission,Kabinescooter
MG Marvel R,7,2025,FY,1347.0,MG,SAIC Motor (MG),Kina,Benzin,Fossil,Personbil
Hisun HS5DUTV-2,7,2025,FY,1148.0,Hisun,"Chongqing Huansong Industrial (Group) Co., Ltd.",Kina,Benzin,Fossil,ATV/UTV/Andet
Maxus Euniq6,6,2025,FY,1167.0,Maxus,SAIC Motor (Maxus),Kina,Benzin,Fossil,SUV/Crossover
Mercedes-Benz Citan,6,2025,FY,1313.0,Mercedes-Benz,Mercedes-Benz Group,Tyskland,Benzin,Fossil,Varebil/MPV
Subaru Crosstrek,6,2025,FY,1381.0,Subaru,Subaru Corporation,Japan,Benzin,Fossil,SUV/Crossover
Audi e-tron GT,6,2025,FY,1284.0,Audi,Volkswagen Group,Tyskland,El,Nul-emission,Personbil
Mercedes-Benz AMG GT,6,2025,FY,1312.0,Mercedes-Benz,Mercedes-Benz Group,Tyskland,Benzin,Fossil,Personbil
Kia EV4,6,2025,FY,1059.0,Kia,Hyundai Motor Group,Sydkorea,Benzin,Fossil,Personbil
MG S6 EV,6,2025,FY,1101.0,MG,SAIC Motor (MG),Kina,Benzin,Fossil,Personbil
Mercedes-Benz B-Klasse,5,2025,FY,1256.0,Mercedes-Benz,Mercedes-Benz Group,Tyskland,Benzin,Fossil,Personbil
Volvo XC40,5,2025,FY,1331.0,Volvo,Geely (Lynk & Co),Kina,Benzin,Fossil,Personbil
Audi Q8,5,2025,FY,1281.0,Audi,Volkswagen Group,Tyskland,Benzin,Fossil,SUV/Crossover
Fiat Topolino,5,2025,FY,,Fiat,Stellantis,Europæisk (Multinational),Benzin,Fossil,Personbil
Bentley Continental,5,2025,FY,1352.0,Bentley,Volkswagen Group,Tyskland,Benzin,Fossil,Personbil
Toyota Land Cruiser,4,2025,FY,1272.0,Toyota,Toyota Motor Corporation,Japan,Benzin,Fossil,SUV/Crossover
BMW X4,4,2025,FY,1296.0,BMW,BMW Group,Tyskland,Benzin,Fossil,SUV/Crossover
Mercedes-Benz EQS,4,2025,FY,1169.0,Mercedes-Benz,Mercedes-Benz Group,Tyskland,El,Nul-emission,Personbil
Mercedes-Benz SL,4,2025,FY,1315.0,Mercedes-Benz,Mercedes-Benz Group,Tyskland,Benzin,Fossil,Personbil
Porsche 718 Spyder RS,4,2025,FY,1322.0,Porsche,Volkswagen Group,Tyskland,Benzin,Fossil,ATV/UTV/Andet
Volvo S90,4,2025,FY,1380.0,Volvo,Geely (Lynk & Co),Kina,Benzin,Fossil,Personbil
CFMOTO CForce 1000 Touring,4,2025,FY,1423.0,CFMOTO,CFMOTO,Kina,Benzin,Fossil,ATV/UTV/Andet
Access SM 480 Road,4,2025,FY,,Access,Access Motor,Taiwan,Benzin,Fossil,ATV/UTV/Andet
Peugeot Traveller,4,2025,FY,1321.0,Peugeot,Stellantis,Europæisk (Multinational),Benzin,Fossil,Varebil/MPV
Lexus UX,3,2025,FY,1253.0,Lexus,Toyota Motor Corporation,Japan,Hybrid,Lav-emission,Personbil
Hisun HS,3,2025,FY,1235.0,Hisun,"Chongqing Huansong Industrial (Group) Co., Ltd.",Kina,Benzin,Fossil,ATV/UTV/Andet
Kia Sorento,3,2025,FY,1246.0,Kia,Hyundai Motor Group,Sydkorea,Benzin,Fossil,SUV/Crossover
Garia Monaco,3,2025,FY,1398.0,Garia,Garia,Danmark,Benzin,Fossil,Personbil
Mini 5-dørs,3,2025,FY,1317.0,Mini,BMW Group,Tyskland,Benzin,Fossil,Personbil
Toyota Proace City,3,2025,FY,1290.0,Toyota,Toyota Motor Corporation,Japan,Benzin,Fossil,Varebil/MPV
Volkswagen Touareg,3,2025,FY,1382.0,Volkswagen,Volkswagen Group,Tyskland,Benzin,Fossil,Personbil
BMW 7'er,3,2025,FY,1295.0,BMW,BMW Group,Tyskland,Benzin,Fossil,Personbil
Renault Zoe,3,2025,FY,1387.0,Renault,Renault Group,Frankrig,Benzin,Fossil,Personbil
Bentley Flying Spur,3,2025,FY,1184.0,Bentley,Volkswagen Group,Tyskland,Benzin,Fossil,Personbil
Rolls-Royce Spectre,3,2025,FY,1288.0,Rolls-Royce,BMW Group,Tyskland,Benzin,Fossil,Personbil
Land Rover Range Rover Evoque,3,2025,FY,1287.0,Land Rover,Jaguar Land Rover (Tata Motors),Indien,El,Fossil,SUV/Crossover
Lotus Emeya,3,2025,FY,1339.0,Lotus,Geely (Lynk & Co),Kina,Benzin,Fossil,Personbil
Maxus e-Deliver 3,3,2025,FY,1280.0,Maxus,SAIC Motor (Maxus),Kina,Benzin,Fossil,Varebil/MPV
Nio ET5,3,2025,FY,1354.0,Nio,NIO,Kina,El,Nul-emission,Personbil
Maserati GranTurismo,3,2025,FY,1340.0,Maserati,Stellantis,Europæisk (Multinational),Benzin,Fossil,Personbil
Exlantix ET,3,2025,FY,1132.0,Exlantix,Chery Group,Kina,El,Nul-emission,Personbil
Land Rover Defender,2,2025,FY,1250.0,Land Rover,Jaguar Land Rover (Tata Motors),Indien,Benzin,Fossil,SUV/Crossover
Audi A8,2,2025,FY,1222.0,Audi,Volkswagen Group,Tyskland,Benzin,Fossil,Personbil
BMW i3,2,2025,FY,1342.0,BMW,BMW Group,Tyskland,El,Nul-emission,Personbil
BMW i3,2,2025,FY,,BMW,BMW Group,Tyskland,El,Nul-emission,Personbil
Can-Am Outlander,2,2025,FY,1226.0,Can-Am,Bombardier Recreational Products,Canada,Benzin,Fossil,ATV/UTV/Andet
Land Rover Discovery Sport,2,2025,FY,1251.0,Land Rover,Jaguar Land Rover (Tata Motors),Indien,Benzin,Fossil,SUV/Crossover
Audi Q8 e-tron,2,2025,FY,1357.0,Audi,Volkswagen Group,Tyskland,El,Nul-emission,SUV/Crossover
Can-Am Spyder,2,2025,FY,,Can-Am,Bombardier Recreational Products,Canada,Benzin,Fossil,ATV/UTV/Andet
CFMOTO CForce 1000,2,2025,FY,1395.0,CFMOTO,CFMOTO,Kina,Benzin,Fossil,ATV/UTV/Andet
Ferrari 12Cilindri,2,2025,FY,,Ferrari,Ferrari,Italien,Benzin,Fossil,Personbil
Ferrari Roma,2,2025,FY,1337.0,Ferrari,Ferrari,Italien,Benzin,Fossil,Personbil
Xingyun UTV,2,2025,FY,1333.0,Xingyun,Shandong Xingyun,Kina,El,Nul-emission,ATV/UTV/Andet
Toyota GR86,2,2025,FY,1388.0,Toyota,Toyota Motor Corporation,Japan,Benzin,Fossil,Personbil
Xpeng P7i,2,2025,FY,,Xpeng,XPeng,Kina,El,Nul-emission,Personbil
Eagle,2,2025,FY,1301.0,Eagle,"Eagle Golf Cars, LLC",USA,El,Nul-emission,Personbil
Maserati Granturismo,2,2025,FY,1340.0,Maserati,Stellantis,Europæisk (Multinational),Benzin,Fossil,Personbil
Access SP450,2,2025,FY,,Access,Access Motor,Taiwan,Benzin,Fossil,ATV/UTV/Andet
Lamborghini Revuelto,2,2025,FY,,Lamborghini,Volkswagen Group,Tyskland,Benzin,Fossil,Personbil
Powerland Tachyon,2,2025,FY,1209.0,Powerland,Powerland,Ukendt,Benzin,Fossil,Personbil
Maxus MIFA 9,2,2025,FY,1310.0,Maxus,SAIC Motor (Maxus),Kina,Benzin,Fossil,Varebil/MPV
Garia Monaco OFF-X,2,2025,FY,1285.0,Garia,Garia,Danmark,Benzin,Fossil,Personbil
Audi e-tron,2,2025,FY,1335.0,Audi,Volkswagen Group,Tyskland,El,Nul-emission,Personbil
CFMOTO CForce 520L,2,2025,FY,,CFMOTO,CFMOTO,Kina,Benzin,Fossil,ATV/UTV/Andet
Bentley Bentayga,2,2025,FY,1183.0,Bentley,Volkswagen Group,Tyskland,Benzin,Fossil,Personbil
Yunlong JJ5000BP,2,2025,FY,,Yunlong,MG,Kina,Benzin,Fossil,Personbil
JAC T9,2,2025,FY,1286.0,JAC,JAC Motors,Kina,Benzin,Fossil,Personbil
Linhai LH80DA,2,2025,FY,1334.0,Linhai,"Zhejiang Linhai Power Machinery Group Co., Ltd.",Ukendt,Benzin,Fossil,ATV/UTV/Andet
Evolution Turfman 450,2,2025,FY,1282.0,Evolution Turfman,Evolution Electric Vehicles,USA,El,Nul-emission,ATV/UTV/Andet
Volvo ES90,2,2025,FY,1105.0,Volvo,Geely (Lynk & Co),Kina,Benzin,Fossil,Personbil
BMW Z4,1,2025,FY,1225.0,BMW,BMW Group,Tyskland,Benzin,Fossil,Personbil
Peugeot Rifter,1,2025,FY,1262.0,Peugeot,Stellantis,Europæisk (Multinational),Benzin,Fossil,Personbil
Aiways U5,1,2025,FY,1291.0,Aiways,Aiways,Kina,El,Nul-emission,Personbil
BAW Pony,1,2025,FY,1358.0,BAW,BAW,Ukendt,Benzin,Fossil,Personbil
Citroen ë-C4 X,1,2025,FY,1372.0,Citroen,Stellantis,Europæisk (Multinational),Benzin,Fossil,Personbil
DS 7,1,2025,FY,1384.0,DS,Stellantis,Europæisk (Multinational),Benzin,Fossil,Personbil
MG EHS,1,2025,FY,1316.0,MG,SAIC Motor (MG),Kina,Benzin,Fossil,Personbil
Nio EL6,1,2025,FY,1362.0,Nio,NIO,Kina,El,Nul-emission,Personbil
Nissan Leaf,1,2025,FY,1318.0,Nissan,Nissan Motor Co.,Japan,Benzin,Fossil,Personbil
Volvo V60,1,2025,FY,1330.0,Volvo,Geely (Lynk & Co),Kina,Benzin,Fossil,Personbil
Voyah Free,1,2025,FY,1332.0,Voyah,Dongfeng (Voyah),Kina,El,Nul-emission,Personbil
Access Shade AX 800U,1,2025,FY,,Access,Access Motor,Taiwan,Benzin,Fossil,ATV/UTV/Andet
Jeep Wrangler,1,2025,FY,1345.0,Jeep,Stellantis,Europæisk (Multinational),Benzin,Fossil,Personbil
Lamborghini Huracán,1,2025,FY,1430.0,Lamborghini,Volkswagen Group,Tyskland,Benzin,Fossil,Personbil
Lindebjerg S1,1,2025,FY,1386.0,Lindebjerg,Lindebjerg,Danmark,El,Nul-emission,ATV/UTV/Andet
Mercedes-Benz CLS,1,2025,FY,1401.0,Mercedes-Benz,Mercedes-Benz Group,Tyskland,Benzin,Fossil,Personbil
Yunlong JJ 2000 DZK,1,2025,FY,,Yunlong,MG,Kina,Benzin,Fossil,Personbil
Yunlong JJ5000BP-506,1,2025,FY,,Yunlong,MG,Kina,Benzin,Fossil,Personbil
CFMOTO 850XC,1,2025,FY,,CFMOTO,CFMOTO,Kina,Benzin,Fossil,Personbil
Jaguar F-Type,1,2025,FY,,Jaguar,Jaguar Land Rover (Tata Motors),Indien,Benzin,Fossil,Personbil
Maxus e-Deliver 7,1,2025,FY,1309.0,Maxus,SAIC Motor (Maxus),Kina,Benzin,Fossil,Varebil/MPV
Morris 1000,1,2025,FY,,Morris,Morris,Ukendt,Benzin,Fossil,Personbil
Lexus LC,1,2025,FY,1415.0,Lexus,Toyota Motor Corporation,Japan,Benzin,Fossil,Personbil
Opel Vivaro,1,2025,FY,1416.0,Opel,Stellantis,Europæisk (Multinational),Benzin,Fossil,Varebil/MPV
DS 3 Crossback,1,2025,FY,,DS,Stellantis,Europæisk (Multinational),Benzin,Fossil,SUV/Crossover
Ferrari 296,1,2025,FY,1421.0,Ferrari,Ferrari,Italien,Benzin,Fossil,Personbil
Rivian R1S,1,2025,FY,,Rivian,Rivian,USA,El,Nul-emission,Personbil
Smart Fortwo,1,2025,FY,1454.0,Smart,Mercedes-Benz/Geely (JV),Kina,El,Nul-emission,Personbil
Volkswagen up!,1,2025,FY,1445.0,Volkswagen,Volkswagen Group,Tyskland,Benzin,Fossil,Personbil
BMW X7,1,2025,FY,1297.0,BMW,BMW Group,Tyskland,Benzin,Fossil,SUV/Crossover
Harley Davidson FLRT,1,2025,FY,1403.0,Harley Davidson,Harley Davidson,USA,Benzin,Fossil,ATV/UTV/Andet
Toyota GR Supra,1,2025,FY,1408.0,Toyota,Toyota Motor Corporation,Japan,Benzin,Fossil,Personbil
Agile SCX,1,2025,FY,,Agile,Agile Automotive ApS,Danmark,Benzin,Fossil,Personbil
Dodge Challenger,1,2025,FY,,Dodge,Stellantis,Europæisk (Multinational),Benzin,Fossil,Personbil
Goes Terrox 500,1,2025,FY,,Goes,Goes,Ukendt,Benzin,Fossil,Personbil
Loncin XWolf 700L,1,2025,FY,,Loncin,Loncin,Ukendt,Benzin,Fossil,ATV/UTV/Andet
Maserati GranCabrio,1,2025,FY,1431.0,Maserati,Stellantis,Europæisk (Multinational),Benzin,Fossil,Personbil
Paxster 23,1,2025,FY,,Paxster,Paxster,Ukendt,Benzin,Fossil,Personbil
Vigorous T408-2,1,2025,FY,,Vigorous,Vigorous,Ukendt,Benzin,Fossil,Personbil
Ford Allied,1,2025,FY,1191.0,Ford,Ford Motor Company,USA,Benzin,Fossil,Personbil
Evolution DEL2023DUB,1,2025,FY,,Evolution,Evolution Electric Vehicles,USA,El,Nul-emission,ATV/UTV/Andet
Evolution Turfman 750,1,2025,FY,,Evolution Turfman,Evolution Electric Vehicles,USA,El,Nul-emission,ATV/UTV/Andet
Ford F-150,1,2025,FY,,Ford,Ford Motor Company,USA,Benzin,Fossil,Personbil
Jinpeng JPYD25D1,1,2025,FY,,Jinpeng,Jinpeng,Ukendt,Benzin,Fossil,Personbil
Lexus LS,1,2025,FY,,Lexus,Toyota Motor Corporation,Japan,Benzin,Fossil,Personbil
Maxus eTerron 9,1,2025,FY,,Maxus,SAIC Motor (Maxus),Kina,Benzin,Fossil,Personbil
Moke EV1,1,2025,FY,,Moke,Moke,Ukendt,Benzin,Fossil,Personbil
Renault Rafale,1,2025,FY,,Renault,Renault Group,Frankrig,Benzin,Fossil,Personbil
Yunlong JJ5000BU-H06,1,2025,FY,,Yunlong,MG,Kina,Benzin,Fossil,Personbil
HDK NRG Car,1,2025,FY,1360.0,HDK,HDK Automotive,Kina,El,Nul-emission,ATV/UTV/Andet
Caterham Seven,1,2025,FY,,Caterham,Caterham,Ukendt,Benzin,Fossil,Personbil
Kandi Inovator,1,2025,FY,,Kandi,Chery Group,Kina,Benzin,Fossil,Personbil
Odes Aodes 1000,1,2025,FY,,Odes,Odes,Ukendt,Benzin,Fossil,Personbil
Opel Rocks-e,1,2025,FY,,Opel,Stellantis,Europæisk (Multinational),Benzin,Fossil,Personbil
Bernards XY50E,1,2025,FY,,Bernards,Bernards,Ukendt,Benzin,Fossil,Personbil
Ferrari Purosangue,1,2025,FY,1190.0,Ferrari,Ferrari,Italien,Benzin,Fossil,Personbil
Harley Davidson FLHTCUTG,1,2025,FY,,Harley Davidson,Harley Davidson,USA,Benzin,Fossil,ATV/UTV/Andet
Kandi Cowboy,1,2025,FY,,Kandi,Chery Group,Kina,Benzin,Fossil,Personbil
Silence S04,1,2025,FY,,Silence,Silence,Ukendt,Benzin,Fossil,Personbil
Toyota Verso,1,2025,FY,,Toyota,Toyota Motor Corporation,Japan,Benzin,Fossil,Personbil
Chevrolet Tahoe,1,2025,FY,,Chevrolet,Chevrolet,Ukendt,Benzin,Fossil,Personbil
Citroen ë-C4,1,2025,FY,1343.0,Citroen,Stellantis,Europæisk (Multinational),Benzin,Fossil,Personbil
Evolution I40,1,2025,FY,,Evolution,Evolution Electric Vehicles,USA,El,Nul-emission,ATV/UTV/Andet
Fiat Niesmann+Bischoff,1,2025,FY,,Fiat,Stellantis,Europæisk (Multinational),Benzin,Fossil,Personbil
Exlantix ES,1,2025,FY,1142.0,Exlantix,Chery Group,Kina,El,Nul-emission,Personbil
HDK Turfman,1,2025,FY,1353.0,HDK,HDK Automotive,Kina,El,Nul-emission,ATV/UTV/Andet
Yulong LH-Q,1,2025,FY,1355.0,Yulong,Yulong,Kina,Benzin,Fossil,Personbil
CFMOTO CForce 625 Touring,1,2025,FY,1336.0,CFMOTO,CFMOTO,Kina,Benzin,Fossil,ATV/UTV/Andet
Garia Monaco 4,1,2025,FY,1338.0,Garia,Garia,Danmark,Benzin,Fossil,Personbil
Jaecoo J5,1,2025,FY,1116.0,Jaecoo,Chery Group,Kina,Benzin,Fossil,Personbil
Skyworth K,1,2025,FY,1121.0,Skyworth,Skyworth,Ukendt,El,Nul-emission,Personbil
Today Sunshine,1,2025,FY,1158.0,Today Sunshine,Today Sunshine,Ukendt,Benzin,Fossil,Personbil
Tesla Model Y,10473,2024,FY,1002.0,Tesla,"Tesla, Inc.",USA,El,Nul-emission,Personbil
Volkswagen ID.4,5661,2024,FY,1005.0,Volkswagen,Volkswagen Group,Tyskland,El,Nul-emission,Personbil
Skoda Enyaq iV,5657,2024,FY,1006.0,Skoda,Volkswagen Group,Tyskland,El,Nul-emission,Personbil
Tesla Model 3,5528,2024,FY,1179.0,Tesla,"Tesla, Inc.",USA,El,Nul-emission,Personbil
Audi Q4 e-tron,5307,2024,FY,1003.0,Audi,Volkswagen Group,Tyskland,El,Nul-emission,SUV/Crossover
Peugeot 208,3037,2024,FY,1024.0,Peugeot,Stellantis,Europæisk (Multinational),Benzin,Fossil,Personbil
Volkswagen T-Roc,2987,2024,FY,1080.0,Volkswagen,Volkswagen Group,Tyskland,Benzin,Fossil,SUV/Crossover
Volkswagen ID.3,2937,2024,FY,1011.0,Volkswagen,Volkswagen Group,Tyskland,El,Nul-emission,Personbil
BMW 3'er,2855,2024,FY,1051.0,BMW,BMW Group,Tyskland,Benzin,Fossil,Personbil
Nissan Qashqai,2762,2024,FY,1035.0,Nissan,Nissan Motor Co.,Japan,Benzin,Fossil,SUV/Crossover
Volvo EX30,2710,2024,FY,1056.0,Volvo,Geely (Lynk & Co),Kina,Benzin,Fossil,SUV/Crossover
Mercedes-Benz EQA,2668,2024,FY,1026.0,Mercedes-Benz,Mercedes-Benz Group,Tyskland,El,Nul-emission,Personbil
Citroen C3,2638,2024,FY,1012.0,Citroen,Stellantis,Europæisk (Multinational),Benzin,Fossil,Personbil
Toyota Yaris,2587,2024,FY,1057.0,Toyota,Toyota Motor Corporation,Japan,Hybrid,Lav-emission,Personbil
Toyota Aygo X,2560,2024,FY,1042.0,Toyota,Toyota Motor Corporation,Japan,Benzin,Fossil,Personbil
Peugeot 2008,2468,2024,FY,1030.0,Peugeot,Stellantis,Europæisk (Multinational),Benzin,Fossil,Personbil
Audi Q2,2396,2024,FY,1071.0,Audi,Volkswagen Group,Tyskland,Benzin,Fossil,SUV/Crossover
Renault Megane E-Tech,2306,2024,FY,1041.0,Renault,Renault Group,Frankrig,El,Nul-emission,Personbil
Toyota Yaris Cross,2264,2024,FY,1020.0,Toyota,Toyota Motor Corporation,Japan,Benzin,Fossil,SUV/Crossover
Nissan Ariya,1981,2024,FY,1070.0,Nissan,Nissan Motor Co.,Japan,Benzin,Fossil,Personbil
Volkswagen ID.7,1949,2024,FY,1017.0,Volkswagen,Volkswagen Group,Tyskland,El,Nul-emission,Personbil
Mercedes-Benz EQB,1862,2024,FY,1027.0,Mercedes-Benz,Mercedes-Benz Group,Tyskland,El,Nul-emission,Personbil
Mercedes-Benz C-Klasse,1848,2024,FY,1098.0,Mercedes-Benz,Mercedes-Benz Group,Tyskland,Benzin,Fossil,Personbil
Toyota bZ4X,1798,2024,FY,1000.0,Toyota,Toyota Motor Corporation,Japan,El,Nul-emission,Personbil
Ford Explorer,1680,2024,FY,1023.0,Ford,Ford Motor Company,USA,Benzin,Fossil,Personbil
Cupra Formentor,1669,2024,FY,1062.0,Cupra,Volkswagen Group,Tyskland,Benzin,Fossil,Personbil
Renault Scenic,1639,2024,FY,1021.0,Renault,Renault Group,Frankrig,Benzin,Fossil,Personbil
Ford Kuga,1635,2024,FY,1060.0,Ford,Ford Motor Company,USA,Hybrid,Lav-emission,Personbil
Opel Corsa,1620,2024,FY,1259.0,Opel,Stellantis,Europæisk (Multinational),Benzin,Fossil,Personbil
Renault Clio,1588,2024,FY,1111.0,Renault,Renault Group,Frankrig,Benzin,Fossil,Personbil
BMW i5,1567,2024,FY,1049.0,BMW,BMW Group,Tyskland,El,Nul-emission,Personbil
Suzuki Swift,1557,2024,FY,1034.0,Suzuki,Suzuki Motor Corporation,Japan,Benzin,Fossil,Personbil
Volkswagen Polo,1552,2024,FY,1140.0,Volkswagen,Volkswagen Group,Tyskland,Benzin,Fossil,Personbil
Peugeot 3008,1505,2024,FY,1036.0,Peugeot,Stellantis,Europæisk (Multinational),Benzin,Fossil,Personbil
Kia Niro,1504,2024,FY,1244.0,Kia,Hyundai Motor Group,Sydkorea,Benzin,Fossil,Personbil
Polestar 2,1488,2024,FY,1097.0,Polestar,Geely (Lynk & Co),Kina,El,Nul-emission,Personbil
BYD Dolphin,1464,2024,FY,1187.0,BYD,BYD Auto,Kina,Benzin,Fossil,Personbil
BMW iX1,1439,2024,FY,1009.0,BMW,BMW Group,Tyskland,El,Nul-emission,SUV/Crossover
Hyundai Kona,1403,2024,FY,1043.0,Hyundai,Hyundai Motor Group,Sydkorea,Benzin,Fossil,SUV/Crossover
Cupra Born,1387,2024,FY,1007.0,Cupra,Volkswagen Group,Tyskland,El,Nul-emission,Personbil
Toyota Corolla Cross,1365,2024,FY,1124.0,Toyota,Toyota Motor Corporation,Japan,Benzin,Fossil,SUV/Crossover
Mercedes-Benz A-Klasse,1353,2024,FY,1123.0,Mercedes-Benz,Mercedes-Benz Group,Tyskland,Benzin,Fossil,Personbil
Xpeng G6,1352,2024,FY,1015.0,Xpeng,XPeng,Kina,El,Nul-emission,Personbil
Renault Austral,1347,2024,FY,1025.0,Renault,Renault Group,Frankrig,Benzin,Fossil,Personbil
Xpeng G9,1343,2024,FY,1068.0,Xpeng,XPeng,Kina,El,Nul-emission,Personbil
Skoda Octavia,1324,2024,FY,1157.0,Skoda,Volkswagen Group,Tyskland,Benzin,Fossil,Personbil
Ford Mustang Mach-E,1270,2024,FY,1147.0,Ford,Ford Motor Company,USA,Benzin,Fossil,Personbil
Volvo EX40,1183,2024,FY,1018.0,Volvo,Geely (Lynk & Co),Kina,Benzin,Fossil,SUV/Crossover
Volkswagen ID.5,1064,2024,FY,1053.0,Volkswagen,Volkswagen Group,Tyskland,El,Nul-emission,Personbil
Mazda 2,1025,2024,FY,1153.0,Mazda,Mazda Motor Corporation,Japan,Benzin,Fossil,Personbil
Skoda Kamiq,1010,2024,FY,1112.0,Skoda,Volkswagen Group,Tyskland,Benzin,Fossil,SUV/Crossover
Toyota C-HR,967,2024,FY,1271.0,Toyota,Toyota Motor Corporation,Japan,Hybrid,Lav-emission,Personbil
Peugeot 5008,960,2024,FY,1039.0,Peugeot,Stellantis,Europæisk (Multinational),Benzin,Fossil,Personbil
Audi A4,946,2024,FY,1356.0,Audi,Volkswagen Group,Tyskland,Benzin,Fossil,Personbil
Volvo XC40,942,2024,FY,1331.0,Volvo,Geely (Lynk & Co),Kina,Benzin,Fossil,Personbil
Audi Q6 e-tron,930,2024,FY,1160.0,Audi,Volkswagen Group,Tyskland,El,Nul-emission,SUV/Crossover
Mercedes-Benz EQE,894,2024,FY,1074.0,Mercedes-Benz,Mercedes-Benz Group,Tyskland,El,Nul-emission,Personbil
BMW i4,877,2024,FY,1045.0,BMW,BMW Group,Tyskland,El,Nul-emission,Personbil
Fiat 500,875,2024,FY,1232.0,Fiat,Stellantis,Europæisk (Multinational),Benzin,Fossil,Personbil
Skoda Kodiaq,868,2024,FY,1047.0,Skoda,Volkswagen Group,Tyskland,Benzin,Fossil,SUV/Crossover
BMW 1'er,833,2024,FY,1067.0,BMW,BMW Group,Tyskland,Benzin,Fossil,Personbil
Audi A3,814,2024,FY,1064.0,Audi,Volkswagen Group,Tyskland,Benzin,Fossil,Personbil
Hyundai I10,809,2024,FY,1237.0,Hyundai,Hyundai Motor Group,Sydkorea,Benzin,Fossil,Personbil
Hyundai Ioniq 5,808,2024,FY,1050.0,Hyundai,Hyundai Motor Group,Sydkorea,El,Nul-emission,Personbil
Seat Ibiza,803,2024,FY,1073.0,Seat,Volkswagen Group,Tyskland,Benzin,Fossil,Personbil
Kia EV6,791,2024,FY,1069.0,Kia,Hyundai Motor Group,Sydkorea,Benzin,Fossil,Personbil
Hyundai I20,786,2024,FY,1238.0,Hyundai,Hyundai Motor Group,Sydkorea,Benzin,Fossil,Personbil
Toyota RAV4,760,2024,FY,1273.0,Toyota,Toyota Motor Corporation,Japan,Hybrid,Lav-emission,SUV/Crossover
Mercedes-Benz GLB,747,2024,FY,1088.0,Mercedes-Benz,Mercedes-Benz Group,Tyskland,Benzin,Fossil,Personbil
Toyota Corolla,718,2024,FY,1180.0,Toyota,Toyota Motor Corporation,Japan,Hybrid,Lav-emission,Personbil
Audi Q3,717,2024,FY,1099.0,Audi,Volkswagen Group,Tyskland,Benzin,Fossil,SUV/Crossover
BMW iX3,704,2024,FY,1224.0,BMW,BMW Group,Tyskland,El,Nul-emission,SUV/Crossover
Suzuki Ignis,699,2024,FY,1268.0,Suzuki,Suzuki Motor Corporation,Japan,Benzin,Fossil,Personbil
Volkswagen Passat,697,2024,FY,1125.0,Volkswagen,Volkswagen Group,Tyskland,Benzin,Fossil,Personbil
Kia Picanto,692,2024,FY,1245.0,Kia,Hyundai Motor Group,Sydkorea,Benzin,Fossil,Personbil
Volkswagen T-Cross,691,2024,FY,1181.0,Volkswagen,Volkswagen Group,Tyskland,Benzin,Fossil,SUV/Crossover
Skoda Fabia,686,2024,FY,1211.0,Skoda,Volkswagen Group,Tyskland,Benzin,Fossil,Personbil
Renault Captur,656,2024,FY,1266.0,Renault,Renault Group,Frankrig,Benzin,Fossil,Personbil
Volkswagen Touran,645,2024,FY,1182.0,Volkswagen,Volkswagen Group,Tyskland,Benzin,Fossil,Personbil
Mercedes-Benz EQE SUV,642,2024,FY,1110.0,Mercedes-Benz,Mercedes-Benz Group,Tyskland,El,Nul-emission,SUV/Crossover
Mazda MX-30,622,2024,FY,1199.0,Mazda,Mazda Motor Corporation,Japan,Benzin,Fossil,Personbil
BYD Seal,614,2024,FY,1107.0,BYD,BYD Auto,Kina,Benzin,Fossil,Personbil
BMW 5'er,591,2024,FY,1063.0,BMW,BMW Group,Tyskland,Benzin,Fossil,Personbil
Mazda CX-30,586,2024,FY,1084.0,Mazda,Mazda Motor Corporation,Japan,Benzin,Fossil,SUV/Crossover
MG 4,585,2024,FY,1037.0,MG,SAIC Motor (MG),Kina,Benzin,Fossil,Personbil
Kia Ceed,582,2024,FY,1243.0,Kia,Hyundai Motor Group,Sydkorea,Benzin,Fossil,Personbil
Mercedes-Benz GLA,580,2024,FY,1090.0,Mercedes-Benz,Mercedes-Benz Group,Tyskland,Benzin,Fossil,Personbil
Kia EV3,572,2024,FY,1033.0,Kia,Hyundai Motor Group,Sydkorea,Benzin,Fossil,Personbil
Volkswagen ID. Buzz,570,2024,FY,1010.0,Volkswagen,Volkswagen Group,Tyskland,El,Nul-emission,Personbil
BMW X1,542,2024,FY,1013.0,BMW,BMW Group,Tyskland,Benzin,Fossil,SUV/Crossover
Nissan Juke,541,2024,FY,1103.0,Nissan,Nissan Motor Co.,Japan,Benzin,Fossil,SUV/Crossover
Cupra Leon,531,2024,FY,1100.0,Cupra,Volkswagen Group,Tyskland,Benzin,Fossil,Personbil
Mercedes-Benz E-Klasse,530,2024,FY,1128.0,Mercedes-Benz,Mercedes-Benz Group,Tyskland,Benzin,Fossil,Personbil
Audi Q5,518,2024,FY,1137.0,Audi,Volkswagen Group,Tyskland,Benzin,Fossil,SUV/Crossover
Honda e:Ny1,510,2024,FY,1086.0,Honda,Honda Motor Co.,Japan,El,Nul-emission,Personbil
Suzuki Vitara,505,2024,FY,1029.0,Suzuki,Suzuki Motor Corporation,Japan,Benzin,Fossil,SUV/Crossover
Skoda Scala,488,2024,FY,1130.0,Skoda,Volkswagen Group,Tyskland,Benzin,Fossil,Personbil
Volvo XC60,480,2024,FY,1275.0,Volvo,Geely (Lynk & Co),Kina,Benzin,Fossil,Personbil
Hyundai Ioniq 6,476,2024,FY,1133.0,Hyundai,Hyundai Motor Group,Sydkorea,El,Nul-emission,Personbil
Citroen C4,476,2024,FY,1227.0,Citroen,Stellantis,Europæisk (Multinational),Benzin,Fossil,Personbil
Mercedes-Benz GLC,470,2024,FY,1076.0,Mercedes-Benz,Mercedes-Benz Group,Tyskland,Benzin,Fossil,Personbil
Polestar 4,466,2024,FY,1048.0,Polestar,Geely (Lynk & Co),Kina,El,Nul-emission,Personbil
Mercedes-Benz CLA,439,2024,FY,1022.0,Mercedes-Benz,Mercedes-Benz Group,Tyskland,Benzin,Fossil,Personbil
Hyundai Tucson,431,2024,FY,1241.0,Hyundai,Hyundai Motor Group,Sydkorea,Benzin,Fossil,SUV/Crossover
Opel Crossland,426,2024,FY,1260.0,Opel,Stellantis,Europæisk (Multinational),Benzin,Fossil,SUV/Crossover
Volkswagen Multivan,426,2024,FY,1274.0,Volkswagen,Volkswagen Group,Tyskland,Benzin,Fossil,Varebil/MPV
Nissan X-Trail,412,2024,FY,1204.0,Nissan,Nissan Motor Co.,Japan,Hybrid,Lav-emission,Personbil
Dacia Sandero,411,2024,FY,1231.0,Dacia,Renault Group,Frankrig,Benzin,Fossil,Personbil
BYD Seal U,408,2024,FY,1104.0,BYD,BYD Auto,Kina,Benzin,Fossil,Personbil
Mazda CX-5,395,2024,FY,1311.0,Mazda,Mazda Motor Corporation,Japan,Benzin,Fossil,SUV/Crossover
Skoda Karoq,390,2024,FY,1094.0,Skoda,Volkswagen Group,Tyskland,Benzin,Fossil,SUV/Crossover
Seat Arona,389,2024,FY,1177.0,Seat,Volkswagen Group,Tyskland,Benzin,Fossil,Personbil
Porsche Macan,377,2024,FY,1119.0,Porsche,Volkswagen Group,Tyskland,Benzin,Fossil,SUV/Crossover
Seat Leon,374,2024,FY,1210.0,Seat,Volkswagen Group,Tyskland,Benzin,Fossil,Personbil
BMW iX2,364,2024,FY,1087.0,BMW,BMW Group,Tyskland,El,Nul-emission,SUV/Crossover
Opel Mokka,360,2024,FY,1261.0,Opel,Stellantis,Europæisk (Multinational),Benzin,Fossil,Personbil
Hongqi E-HS9,353,2024,FY,1236.0,Hongqi,FAW (Hongqi),Kina,El,Nul-emission,Personbil
Skoda Superb,352,2024,FY,1139.0,Skoda,Volkswagen Group,Tyskland,Benzin,Fossil,Personbil
Mercedes-Benz Sprinter,346,2024,FY,1134.0,Mercedes-Benz,Mercedes-Benz Group,Tyskland,Benzin,Fossil,Varebil/MPV
Ford Tourneo Custom,345,2024,FY,1082.0,Ford,Ford Motor Company,USA,Benzin,Fossil,Varebil/MPV
Mini 3-dørs,333,2024,FY,1083.0,Mini,BMW Group,Tyskland,Benzin,Fossil,Personbil
Citroen C3 Aircross,319,2024,FY,1014.0,Citroen,Stellantis,Europæisk (Multinational),Benzin,Fossil,SUV/Crossover
Suzuki SX4,302,2024,FY,1131.0,Suzuki,Suzuki Motor Corporation,Japan,Benzin,Fossil,SUV/Crossover
Mini Countryman,301,2024,FY,1102.0,Mini,BMW Group,Tyskland,Benzin,Fossil,Personbil
BMW 4'er,299,2024,FY,1185.0,BMW,BMW Group,Tyskland,Benzin,Fossil,Personbil
Dacia Jogger,297,2024,FY,1230.0,Dacia,Renault Group,Frankrig,Benzin,Fossil,Personbil
Volkswagen Tiguan,294,2024,FY,1145.0,Volkswagen,Volkswagen Group,Tyskland,Benzin,Fossil,SUV/Crossover
Peugeot 308,292,2024,FY,1206.0,Peugeot,Stellantis,Europæisk (Multinational),Benzin,Fossil,Personbil
BMW iX,291,2024,FY,1089.0,BMW,BMW Group,Tyskland,El,Nul-emission,Personbil
Audi A5,287,2024,FY,1115.0,Audi,Volkswagen Group,Tyskland,Benzin,Fossil,Personbil
Ford Transit,256,2024,FY,1091.0,Ford,Ford Motor Company,USA,Benzin,Fossil,Varebil/MPV
Cupra Tavascan,256,2024,FY,1065.0,Cupra,Volkswagen Group,Tyskland,Benzin,Fossil,Personbil
Volkswagen Caravelle,224,2024,FY,1217.0,Volkswagen,Volkswagen Group,Tyskland,Benzin,Fossil,Varebil/MPV
Mercedes-Benz Vito Tourer,218,2024,FY,1092.0,Mercedes-Benz,Mercedes-Benz Group,Tyskland,Benzin,Fossil,Varebil/MPV
BYD Atto 3,216,2024,FY,1161.0,BYD,BYD Auto,Kina,Benzin,Fossil,Personbil
Hyundai I30,200,2024,FY,1239.0,Hyundai,Hyundai Motor Group,Sydkorea,Benzin,Fossil,Personbil
MG Marvel R,200,2024,FY,1347.0,MG,SAIC Motor (MG),Kina,Benzin,Fossil,Personbil
Volvo V60,185,2024,FY,1330.0,Volvo,Geely (Lynk & Co),Kina,Benzin,Fossil,Personbil
Fisker Ocean,184,2024,FY,1233.0,Fisker,Fisker Inc.,USA,El,Nul-emission,Personbil
Volvo EC40,181,2024,FY,1093.0,Volvo,Geely (Lynk & Co),Kina,Benzin,Fossil,Personbil
Mercedes-Benz GLE,178,2024,FY,1144.0,Mercedes-Benz,Mercedes-Benz Group,Tyskland,Benzin,Fossil,Personbil
Voyah Free,172,2024,FY,1332.0,Voyah,Dongfeng (Voyah),Kina,El,Nul-emission,Personbil
Volvo C40,167,2024,FY,1329.0,Volvo,Geely (Lynk & Co),Kina,Benzin,Fossil,Personbil
MG EHS,167,2024,FY,1316.0,MG,SAIC Motor (MG),Kina,Benzin,Fossil,Personbil
Honda HR-V,162,2024,FY,1149.0,Honda,Honda Motor Co.,Japan,Benzin,Fossil,Personbil
Kia EV9,157,2024,FY,1058.0,Kia,Hyundai Motor Group,Sydkorea,Benzin,Fossil,Personbil
Xpeng P7,157,2024,FY,1279.0,Xpeng,XPeng,Kina,El,Nul-emission,Personbil
Ford Puma,154,2024,FY,1054.0,Ford,Ford Motor Company,USA,Benzin,Fossil,Personbil
Audi A6,154,2024,FY,1159.0,Audi,Volkswagen Group,Tyskland,Benzin,Fossil,Personbil
Volkswagen Golf,152,2024,FY,1219.0,Volkswagen,Volkswagen Group,Tyskland,Benzin,Fossil,Personbil
Kia Sportage,150,2024,FY,1247.0,Kia,Hyundai Motor Group,Sydkorea,Benzin,Fossil,SUV/Crossover
Audi A1,146,2024,FY,1292.0,Audi,Volkswagen Group,Tyskland,Benzin,Fossil,Personbil
Porsche Cayenne,144,2024,FY,1208.0,Porsche,Volkswagen Group,Tyskland,Benzin,Fossil,SUV/Crossover
Audi Q8 e-tron,141,2024,FY,1357.0,Audi,Volkswagen Group,Tyskland,El,Nul-emission,SUV/Crossover
BMW X3,140,2024,FY,1141.0,BMW,BMW Group,Tyskland,Benzin,Fossil,SUV/Crossover
Ford Focus,135,2024,FY,1162.0,Ford,Ford Motor Company,USA,Benzin,Fossil,Personbil
Mazda CX-60,132,2024,FY,1255.0,Mazda,Mazda Motor Corporation,Japan,Benzin,Fossil,SUV/Crossover
Mini 5-dørs,132,2024,FY,1317.0,Mini,BMW Group,Tyskland,Benzin,Fossil,Personbil
Ford Capri,132,2024,FY,1052.0,Ford,Ford Motor Company,USA,Benzin,Fossil,Personbil
Dacia Duster,131,2024,FY,1229.0,Dacia,Renault Group,Frankrig,Benzin,Fossil,Personbil
Maxus Euniq6,130,2024,FY,1167.0,Maxus,SAIC Motor (Maxus),Kina,Benzin,Fossil,SUV/Crossover
Ford Transit Custom,129,2024,FY,1192.0,Ford,Ford Motor Company,USA,Benzin,Fossil,Varebil/MPV
BMW X4,126,2024,FY,1296.0,BMW,BMW Group,Tyskland,Benzin,Fossil,SUV/Crossover
MG ZS,120,2024,FY,1040.0,MG,SAIC Motor (MG),Kina,Benzin,Fossil,Personbil
Mitsubishi Space Star,116,2024,FY,1366.0,Mitsubishi,Mitsubishi Motors,Japan,Benzin,Fossil,Personbil
MAN TGE,108,2024,FY,1197.0,MAN,TRATON (Volkswagen Group),Tyskland,Benzin,Fossil,Varebil/MPV
Toyota Proace Verso,105,2024,FY,1135.0,Toyota,Toyota Motor Corporation,Japan,Benzin,Fossil,Varebil/MPV
Honda CR-V,103,2024,FY,1127.0,Honda,Honda Motor Co.,Japan,Hybrid,Lav-emission,Personbil
Seat Tavascan,103,2024,FY,1367.0,Seat,Volkswagen Group,Tyskland,Benzin,Fossil,Personbil
Subaru Solterra,101,2024,FY,1113.0,Subaru,Subaru Corporation,Japan,Benzin,Fossil,Personbil
Opel Astra,100,2024,FY,1258.0,Opel,Stellantis,Europæisk (Multinational),Benzin,Fossil,Personbil
DS 7 Crossback,100,2024,FY,1300.0,DS,Stellantis,Europæisk (Multinational),Benzin,Fossil,SUV/Crossover
Lexus NX,98,2024,FY,1252.0,Lexus,Toyota Motor Corporation,Japan,Hybrid,Lav-emission,Personbil
BMW i7,96,2024,FY,1146.0,BMW,BMW Group,Tyskland,El,Nul-emission,Personbil
BMW i7,96,2024,FY,,BMW,BMW Group,Tyskland,El,Nul-emission,Personbil
Citroen C4 X,94,2024,FY,1368.0,Citroen,Stellantis,Europæisk (Multinational),Benzin,Fossil,Personbil
Kia XCeed,93,2024,FY,1249.0,Kia,Hyundai Motor Group,Sydkorea,Benzin,Fossil,Personbil
Kia Stonic,90,2024,FY,1248.0,Kia,Hyundai Motor Group,Sydkorea,Benzin,Fossil,Personbil
Cupra Terramar,90,2024,FY,1044.0,Cupra,Volkswagen Group,Tyskland,Benzin,Fossil,Personbil
BMW X5,89,2024,FY,1186.0,BMW,BMW Group,Tyskland,Benzin,Fossil,SUV/Crossover
DS 4,88,2024,FY,1299.0,DS,Stellantis,Europæisk (Multinational),Benzin,Fossil,Personbil
Jeep Avenger,87,2024,FY,1242.0,Jeep,Stellantis,Europæisk (Multinational),Benzin,Fossil,SUV/Crossover
Mazda MX-5,85,2024,FY,1346.0,Mazda,Mazda Motor Corporation,Japan,Benzin,Fossil,Personbil
Mazda 3,84,2024,FY,1154.0,Mazda,Mazda Motor Corporation,Japan,Benzin,Fossil,Personbil
BMW 2'er,84,2024,FY,1223.0,BMW,BMW Group,Tyskland,Benzin,Fossil,Personbil
Porsche Taycan,78,2024,FY,1175.0,Porsche,Volkswagen Group,Tyskland,El,Nul-emission,Personbil
Lexus RZ,78,2024,FY,1075.0,Lexus,Toyota Motor Corporation,Japan,Benzin,Fossil,Personbil
Volkswagen Taigo,76,2024,FY,1328.0,Volkswagen,Volkswagen Group,Tyskland,Benzin,Fossil,Personbil
Volvo V90,73,2024,FY,1220.0,Volvo,Geely (Lynk & Co),Kina,Benzin,Fossil,Personbil
Renault Trafic,72,2024,FY,1176.0,Renault,Renault Group,Frankrig,Benzin,Fossil,Varebil/MPV
Volvo XC90,69,2024,FY,1276.0,Volvo,Geely (Lynk & Co),Kina,Benzin,Fossil,Personbil
Volkswagen Caddy,68,2024,FY,1216.0,Volkswagen,Volkswagen Group,Tyskland,Benzin,Fossil,Varebil/MPV
Aiways U5,68,2024,FY,1291.0,Aiways,Aiways,Kina,El,Nul-emission,Personbil
Kia Sorento,66,2024,FY,1246.0,Kia,Hyundai Motor Group,Sydkorea,Benzin,Fossil,SUV/Crossover
Renault Megane,65,2024,FY,1369.0,Renault,Renault Group,Frankrig,Benzin,Fossil,Personbil
Mercedes-Benz V-Klasse,65,2024,FY,1171.0,Mercedes-Benz,Mercedes-Benz Group,Tyskland,Benzin,Fossil,Personbil
KGM Torres EVX,65,2024,FY,1108.0,KGM,KG Mobility (tidl. SsangYong),Sydkorea,El,Nul-emission,SUV/Crossover
Toyota Proace City Verso,62,2024,FY,1327.0,Toyota,Toyota Motor Corporation,Japan,Benzin,Fossil,Varebil/MPV
Mazda CX-80,62,2024,FY,1168.0,Mazda,Mazda Motor Corporation,Japan,Benzin,Fossil,SUV/Crossover
Suzuki S-Cross,60,2024,FY,1269.0,Suzuki,Suzuki Motor Corporation,Japan,Benzin,Fossil,SUV/Crossover
Mini Cabriolet,60,2024,FY,1370.0,Mini,BMW Group,Tyskland,Benzin,Fossil,Personbil
BYD Tang,60,2024,FY,1126.0,BYD,BYD Auto,Kina,Benzin,Fossil,Personbil
Mini Cooper,59,2024,FY,1371.0,Mini,BMW Group,Tyskland,Benzin,Fossil,Personbil
Mitsubishi Eclipse Cross,57,2024,FY,1361.0,Mitsubishi,Mitsubishi Motors,Japan,Benzin,Fossil,SUV/Crossover
Toyota Prius,55,2024,FY,1326.0,Toyota,Toyota Motor Corporation,Japan,Hybrid,Lav-emission,Personbil
Opel Zafira,54,2024,FY,1205.0,Opel,Stellantis,Europæisk (Multinational),Benzin,Fossil,Varebil/MPV
Polestar 3,53,2024,FY,1263.0,Polestar,Geely (Lynk & Co),Kina,El,Nul-emission,Personbil
Citroen ë-C4 X,52,2024,FY,1372.0,Citroen,Stellantis,Europæisk (Multinational),Benzin,Fossil,Personbil
Honda Jazz,51,2024,FY,1150.0,Honda,Honda Motor Co.,Japan,Benzin,Fossil,Personbil
Hyundai Bayon,49,2024,FY,1151.0,Hyundai,Hyundai Motor Group,Sydkorea,Benzin,Fossil,Personbil
Land Rover Range Rover Sport,49,2024,FY,1196.0,Land Rover,Jaguar Land Rover (Tata Motors),Indien,Benzin,Fossil,SUV/Crossover
Lexus LBX,48,2024,FY,1165.0,Lexus,Toyota Motor Corporation,Japan,Benzin,Fossil,Personbil
Hyundai Santa Fe,47,2024,FY,1240.0,Hyundai,Hyundai Motor Group,Sydkorea,Benzin,Fossil,SUV/Crossover
Porsche 911,45,2024,FY,1264.0,Porsche,Volkswagen Group,Tyskland,Benzin,Fossil,Personbil
Nissan Leaf,43,2024,FY,1318.0,Nissan,Nissan Motor Co.,Japan,Benzin,Fossil,Personbil
Mercedes-Benz CLE,43,2024,FY,1257.0,Mercedes-Benz,Mercedes-Benz Group,Tyskland,Benzin,Fossil,Personbil
Skoda Kodiaq iV,43,2024,FY,1267.0,Skoda,Volkswagen Group,Tyskland,Hybrid,Lav-emission,SUV/Crossover
Ford Fiesta,41,2024,FY,1373.0,Ford,Ford Motor Company,USA,Benzin,Fossil,Personbil
Mercedes-Benz EQV,41,2024,FY,1155.0,Mercedes-Benz,Mercedes-Benz Group,Tyskland,El,Nul-emission,Personbil
Honda Civic,36,2024,FY,1163.0,Honda,Honda Motor Co.,Japan,Hybrid,Lav-emission,Personbil
Mini Aceman,35,2024,FY,1079.0,Mini,BMW Group,Tyskland,El,Nul-emission,Personbil
Land Rover Range Rover,33,2024,FY,1283.0,Land Rover,Jaguar Land Rover (Tata Motors),Indien,Benzin,Fossil,SUV/Crossover
Citroen ë-C4,33,2024,FY,1343.0,Citroen,Stellantis,Europæisk (Multinational),Benzin,Fossil,Personbil
MG HS,30,2024,FY,1109.0,MG,SAIC Motor (MG),Kina,Benzin,Fossil,Personbil
Mitsubishi ASX,25,2024,FY,1374.0,Mitsubishi,Mitsubishi Motors,Japan,Benzin,Fossil,Personbil
Mercedes-Benz G-Klasse,25,2024,FY,1170.0,Mercedes-Benz,Mercedes-Benz Group,Tyskland,Benzin,Fossil,Personbil
Mercedes-Benz Citan,23,2024,FY,1313.0,Mercedes-Benz,Mercedes-Benz Group,Tyskland,Benzin,Fossil,Varebil/MPV
Lotus Eletre,23,2024,FY,1254.0,Lotus,Geely (Lynk & Co),Kina,Benzin,Fossil,Personbil
Audi Q7,22,2024,FY,1293.0,Audi,Volkswagen Group,Tyskland,Benzin,Fossil,SUV/Crossover
Audi e-tron GT,22,2024,FY,1284.0,Audi,Volkswagen Group,Tyskland,El,Nul-emission,Personbil
Lexus UX,21,2024,FY,1253.0,Lexus,Toyota Motor Corporation,Japan,Hybrid,Lav-emission,Personbil
Toyota Land Cruiser,21,2024,FY,1272.0,Toyota,Toyota Motor Corporation,Japan,Benzin,Fossil,SUV/Crossover
MG 3,21,2024,FY,1172.0,MG,SAIC Motor (MG),Kina,Benzin,Fossil,Personbil
Lexus ES,20,2024,FY,1375.0,Lexus,Toyota Motor Corporation,Japan,Benzin,Fossil,Personbil
Volkswagen Crafter,20,2024,FY,1218.0,Volkswagen,Volkswagen Group,Tyskland,Benzin,Fossil,Varebil/MPV
BYD Sealion 7,20,2024,FY,1096.0,BYD,BYD Auto,Kina,Benzin,Fossil,Personbil
Volkswagen ID.Buzz,19,2024,FY,1376.0,Volkswagen,Volkswagen Group,Tyskland,El,Nul-emission,Personbil
Peugeot 508,19,2024,FY,1320.0,Peugeot,Stellantis,Europæisk (Multinational),Benzin,Fossil,Personbil
Tesla Model S,19,2024,FY,1213.0,Tesla,"Tesla, Inc.",USA,El,Nul-emission,Personbil
Citroen Berlingo,18,2024,FY,1117.0,Citroen,Stellantis,Europæisk (Multinational),Benzin,Fossil,Varebil/MPV
Jia Ji JJ2000DBP,18,2024,FY,1377.0,Jia Ji,Geely (Lynk & Co),Kina,El,Nul-emission,Kabinescooter
MG Cyberster,18,2024,FY,1173.0,MG,SAIC Motor (MG),Kina,Benzin,Fossil,Personbil
Citroen C5 Aircross,17,2024,FY,1032.0,Citroen,Stellantis,Europæisk (Multinational),Benzin,Fossil,SUV/Crossover
Ford Mustang,17,2024,FY,1378.0,Ford,Ford Motor Company,USA,Benzin,Fossil,Personbil
Ford Tourneo Connect,16,2024,FY,1234.0,Ford,Ford Motor Company,USA,Benzin,Fossil,Varebil/MPV
Maserati Grecale,16,2024,FY,1152.0,Maserati,Stellantis,Europæisk (Multinational),Benzin,Fossil,Personbil
Mercedes-Benz S-Klasse,16,2024,FY,1201.0,Mercedes-Benz,Mercedes-Benz Group,Tyskland,Benzin,Fossil,Personbil
Porsche Cayman,16,2024,FY,1323.0,Porsche,Volkswagen Group,Tyskland,Benzin,Fossil,Personbil
HDK Turfmann 700,16,2024,FY,1379.0,HDK,HDK Automotive,Kina,El,Nul-emission,ATV/UTV/Andet
Skoda Superb iV,16,2024,FY,1289.0,Skoda,Volkswagen Group,Tyskland,Hybrid,Lav-emission,Personbil
Alfa Romeo Junior,16,2024,FY,1221.0,Alfa Romeo,Stellantis,Europæisk (Multinational),Benzin,Fossil,SUV/Crossover
Seat Ateca,15,2024,FY,1325.0,Seat,Volkswagen Group,Tyskland,Benzin,Fossil,Personbil
Tesla Model X,14,2024,FY,1214.0,Tesla,"Tesla, Inc.",USA,El,Nul-emission,Personbil
Nilsson Hearse,13,2024,FY,1202.0,Nilsson Hearse,Nilsson Hearse,Sverige,Benzin,Fossil,Varebil/MPV
JAC e-JS4,12,2024,FY,1303.0,JAC,JAC Motors,Kina,Benzin,Fossil,Personbil
Porsche Panamera,12,2024,FY,1265.0,Porsche,Volkswagen Group,Tyskland,Benzin,Fossil,Personbil
Mercedes-Benz Vito,12,2024,FY,1156.0,Mercedes-Benz,Mercedes-Benz Group,Tyskland,Benzin,Fossil,Varebil/MPV
Mercedes-Benz B-Klasse,11,2024,FY,1256.0,Mercedes-Benz,Mercedes-Benz Group,Tyskland,Benzin,Fossil,Personbil
Cupra Ateca,11,2024,FY,1298.0,Cupra,Volkswagen Group,Tyskland,Benzin,Fossil,Personbil
Garia SuperSport,11,2024,FY,1359.0,Garia,Garia,Danmark,Benzin,Fossil,Personbil
Opel Grandland,10,2024,FY,1072.0,Opel,Stellantis,Europæisk (Multinational),Benzin,Fossil,SUV/Crossover
Mercedes-Benz GLS,10,2024,FY,1314.0,Mercedes-Benz,Mercedes-Benz Group,Tyskland,Benzin,Fossil,Personbil
Subaru Outback,10,2024,FY,1178.0,Subaru,Subaru Corporation,Japan,Benzin,Fossil,SUV/Crossover
Land Rover Range Rover Evoque,10,2024,FY,1287.0,Land Rover,Jaguar Land Rover (Tata Motors),Indien,El,Fossil,SUV/Crossover
Land Rover Range Rover Velar,10,2024,FY,1307.0,Land Rover,Jaguar Land Rover (Tata Motors),Indien,Benzin,Fossil,SUV/Crossover
Opel Combo,10,2024,FY,1319.0,Opel,Stellantis,Europæisk (Multinational),Benzin,Fossil,Varebil/MPV
Volvo S90,10,2024,FY,1380.0,Volvo,Geely (Lynk & Co),Kina,Benzin,Fossil,Personbil
Maxus e-Deliver 9,10,2024,FY,1166.0,Maxus,SAIC Motor (Maxus),Kina,Benzin,Fossil,Varebil/MPV
BMW I7,9,2024,FY,1146.0,BMW,BMW Group,Tyskland,El,Nul-emission,Personbil
BMW I7,9,2024,FY,,BMW,BMW Group,Tyskland,El,Nul-emission,Personbil
Subaru Crosstrek,9,2024,FY,1381.0,Subaru,Subaru Corporation,Japan,Benzin,Fossil,SUV/Crossover
Mercedes-Benz AMG GT,9,2024,FY,1312.0,Mercedes-Benz,Mercedes-Benz Group,Tyskland,Benzin,Fossil,Personbil
Subaru Forester,9,2024,FY,1212.0,Subaru,Subaru Corporation,Japan,Benzin,Fossil,SUV/Crossover
Lexus RX,9,2024,FY,1308.0,Lexus,Toyota Motor Corporation,Japan,Benzin,Fossil,Personbil
Volvo EX90,9,2024,FY,1081.0,Volvo,Geely (Lynk & Co),Kina,Benzin,Fossil,Personbil
Hisun HS,8,2024,FY,1235.0,Hisun,"Chongqing Huansong Industrial (Group) Co., Ltd.",Kina,Benzin,Fossil,ATV/UTV/Andet
Volkswagen Touareg,8,2024,FY,1382.0,Volkswagen,Volkswagen Group,Tyskland,Benzin,Fossil,Personbil
Mercedes-Benz EQS,8,2024,FY,1169.0,Mercedes-Benz,Mercedes-Benz Group,Tyskland,El,Nul-emission,Personbil
Suzuki Swace,8,2024,FY,1270.0,Suzuki,Suzuki Motor Corporation,Japan,Benzin,Fossil,Personbil
BAW Pony,7,2024,FY,1358.0,BAW,BAW,Ukendt,Benzin,Fossil,Personbil
Maxus Euniq5,7,2024,FY,1198.0,Maxus,SAIC Motor (Maxus),Kina,Benzin,Fossil,SUV/Crossover
Mercedes-Benz EQS SUV,7,2024,FY,1200.0,Mercedes-Benz,Mercedes-Benz Group,Tyskland,El,Nul-emission,SUV/Crossover
Volvo S60,7,2024,FY,1365.0,Volvo,Geely (Lynk & Co),Kina,Benzin,Fossil,Personbil
Yunlong JJ 2000 DBP,7,2024,FY,1383.0,Yunlong,MG,Kina,Benzin,Fossil,Personbil
Land Rover Discovery Sport,7,2024,FY,1251.0,Land Rover,Jaguar Land Rover (Tata Motors),Indien,Benzin,Fossil,SUV/Crossover
DS 7,6,2024,FY,1384.0,DS,Stellantis,Europæisk (Multinational),Benzin,Fossil,Personbil
Peugeot Rifter,6,2024,FY,1262.0,Peugeot,Stellantis,Europæisk (Multinational),Benzin,Fossil,Personbil
Toyota Camry,6,2024,FY,1385.0,Toyota,Toyota Motor Corporation,Japan,Benzin,Fossil,Personbil
Lindebjerg S1,6,2024,FY,1386.0,Lindebjerg,Lindebjerg,Danmark,El,Nul-emission,ATV/UTV/Andet
Renault Zoe,6,2024,FY,1387.0,Renault,Renault Group,Frankrig,Benzin,Fossil,Personbil
Toyota GR86,6,2024,FY,1388.0,Toyota,Toyota Motor Corporation,Japan,Benzin,Fossil,Personbil
Mercedes-Benz SL,6,2024,FY,1315.0,Mercedes-Benz,Mercedes-Benz Group,Tyskland,Benzin,Fossil,Personbil
Porsche 718 Spyder RS,6,2024,FY,1322.0,Porsche,Volkswagen Group,Tyskland,Benzin,Fossil,ATV/UTV/Andet
Audi Q8,5,2024,FY,1281.0,Audi,Volkswagen Group,Tyskland,Benzin,Fossil,SUV/Crossover
Polaris Ranger Kinetic,5,2024,FY,1389.0,Polaris,Polaris,USA,Benzin,Fossil,ATV/UTV/Andet
Citroen AMI,5,2024,FY,1390.0,Citroen,Stellantis,Europæisk (Multinational),Benzin,Fossil,Personbil
Porsche Boxster,5,2024,FY,1349.0,Porsche,Volkswagen Group,Tyskland,Benzin,Fossil,Personbil
Mercedes-Benz EQC,4,2024,FY,1391.0,Mercedes-Benz,Mercedes-Benz Group,Tyskland,El,Nul-emission,Personbil
Nio EL6,4,2024,FY,1362.0,Nio,NIO,Kina,El,Nul-emission,Personbil
Bach YM2000DP,4,2024,FY,1294.0,Bach,Bach,Danmark,El,Nul-emission,Kabinescooter
Eagle Golf Car,4,2024,FY,1188.0,Eagle,"Eagle Golf Cars, LLC",USA,EL,Nul-emission,ATV/UTV/Andet
Xingyun UTV,4,2024,FY,1333.0,Xingyun,Shandong Xingyun,Kina,El,Nul-emission,ATV/UTV/Andet
Jeep Wrangler,4,2024,FY,1345.0,Jeep,Stellantis,Europæisk (Multinational),Benzin,Fossil,Personbil
HDK NRG Car,4,2024,FY,1360.0,HDK,HDK Automotive,Kina,El,Nul-emission,ATV/UTV/Andet
Peugeot Expert,4,2024,FY,1363.0,Peugeot,Stellantis,Europæisk (Multinational),Benzin,Fossil,Varebil/MPV
Ferrari Purosangue,4,2024,FY,1190.0,Ferrari,Ferrari,Italien,Benzin,Fossil,Personbil
Renault Arkana,3,2024,FY,1392.0,Renault,Renault Group,Frankrig,Benzin,Fossil,Personbil
Audi A7,3,2024,FY,1393.0,Audi,Volkswagen Group,Tyskland,Benzin,Fossil,Personbil
Toyota Proace City,3,2024,FY,1290.0,Toyota,Toyota Motor Corporation,Japan,Benzin,Fossil,Varebil/MPV
Lamborghini Urus,3,2024,FY,1394.0,Lamborghini,Volkswagen Group,Tyskland,Benzin,Fossil,SUV/Crossover
Land Rover Defender,3,2024,FY,1250.0,Land Rover,Jaguar Land Rover (Tata Motors),Indien,Benzin,Fossil,SUV/Crossover
Peugeot Traveller,3,2024,FY,1321.0,Peugeot,Stellantis,Europæisk (Multinational),Benzin,Fossil,Varebil/MPV
CFMOTO CForce 1000,3,2024,FY,1395.0,CFMOTO,CFMOTO,Kina,Benzin,Fossil,ATV/UTV/Andet
BMW 7'er,3,2024,FY,1295.0,BMW,BMW Group,Tyskland,Benzin,Fossil,Personbil
Jaguar F-Pace,3,2024,FY,1304.0,Jaguar,Jaguar Land Rover (Tata Motors),Indien,Benzin,Fossil,Personbil
BMW X7,3,2024,FY,1297.0,BMW,BMW Group,Tyskland,Benzin,Fossil,SUV/Crossover
BMW XM,3,2024,FY,1396.0,BMW,BMW Group,Tyskland,Benzin,Fossil,Personbil
Maxus MIFA 9,3,2024,FY,1310.0,Maxus,SAIC Motor (Maxus),Kina,Benzin,Fossil,Varebil/MPV
Maxus e-Deliver 3,3,2024,FY,1280.0,Maxus,SAIC Motor (Maxus),Kina,Benzin,Fossil,Varebil/MPV
Alfa Romeo Tonale,2,2024,FY,1397.0,Alfa Romeo,Stellantis,Europæisk (Multinational),Benzin,Fossil,SUV/Crossover
Garia Monaco,2,2024,FY,1398.0,Garia,Garia,Danmark,Benzin,Fossil,Personbil
Audi A8,2,2024,FY,1222.0,Audi,Volkswagen Group,Tyskland,Benzin,Fossil,Personbil
Can-Am Outlander,2,2024,FY,1226.0,Can-Am,Bombardier Recreational Products,Canada,Benzin,Fossil,ATV/UTV/Andet
Dacia Spring,2,2024,FY,1399.0,Dacia,Renault Group,Frankrig,Benzin,Fossil,Personbil
Fiat Ducato,2,2024,FY,1302.0,Fiat,Stellantis,Europæisk (Multinational),Benzin,Fossil,Varebil/MPV
Peugeot 408,2,2024,FY,1400.0,Peugeot,Stellantis,Europæisk (Multinational),Benzin,Fossil,Personbil
Mercedes-Benz CLS,2,2024,FY,1401.0,Mercedes-Benz,Mercedes-Benz Group,Tyskland,Benzin,Fossil,Personbil
Regal Raptor Rex Cargo,2,2024,FY,1402.0,Regal Raptor,Regal Raptor,Sydafrika,El,Nul-emission,Kabinescooter
Volkswagen Transporter,2,2024,FY,1351.0,Volkswagen,Volkswagen Group,Tyskland,Benzin,Fossil,Varebil/MPV
Harley Davidson FLRT,2,2024,FY,1403.0,Harley Davidson,Harley Davidson,USA,Benzin,Fossil,ATV/UTV/Andet
Ford Allied,2,2024,FY,1191.0,Ford,Ford Motor Company,USA,Benzin,Fossil,Personbil
Rolls-Royce Spectre,2,2024,FY,1288.0,Rolls-Royce,BMW Group,Tyskland,Benzin,Fossil,Personbil
Powerland Tachyon,2,2024,FY,1209.0,Powerland,Powerland,Ukendt,Benzin,Fossil,Personbil
Land Rover Discovery,2,2024,FY,1306.0,Land Rover,Jaguar Land Rover (Tata Motors),Indien,Benzin,Fossil,SUV/Crossover
Lotus Emeya,2,2024,FY,1339.0,Lotus,Geely (Lynk & Co),Kina,Benzin,Fossil,Personbil
Citroen e-SpaceTourer,1,2024,FY,1228.0,Citroen,Stellantis,Europæisk (Multinational),Benzin,Fossil,Personbil
Polaris Ranger,1,2024,FY,1404.0,Polaris,Polaris,USA,Benzin,Fossil,ATV/UTV/Andet
Audi e-tron,1,2024,FY,1335.0,Audi,Volkswagen Group,Tyskland,El,Nul-emission,Personbil
Ford S-Max,1,2024,FY,1405.0,Ford,Ford Motor Company,USA,Benzin,Fossil,Personbil
Kia Rio,1,2024,FY,1406.0,Kia,Hyundai Motor Group,Sydkorea,Benzin,Fossil,Personbil
Porsche 718 Spyder,1,2024,FY,1407.0,Porsche,Volkswagen Group,Tyskland,Benzin,Fossil,ATV/UTV/Andet
Toyota GR Supra,1,2024,FY,1408.0,Toyota,Toyota Motor Corporation,Japan,Benzin,Fossil,Personbil
Volkswagen Arteon,1,2024,FY,1409.0,Volkswagen,Volkswagen Group,Tyskland,Benzin,Fossil,Personbil
Goes XWOLF,1,2024,FY,1410.0,Goes,Goes,Ukendt,Benzin,Fossil,ATV/UTV/Andet
Hyundai Staria,1,2024,FY,1411.0,Hyundai,Hyundai Motor Group,Sydkorea,Benzin,Fossil,Personbil
Rex Q7,1,2024,FY,1412.0,Rex,Rex GmbH,Tyskland,El,Nul-emission,Kabinescooter
Jaguar I-Pace,1,2024,FY,1305.0,Jaguar,Jaguar Land Rover (Tata Motors),Indien,Benzin,Fossil,Personbil
Access AME5K,1,2024,FY,1413.0,Access,Access Motor,Taiwan,Benzin,Fossil,ATV/UTV/Andet
Bentley Continental,1,2024,FY,1352.0,Bentley,Volkswagen Group,Tyskland,Benzin,Fossil,Personbil
Bentley Flying Spur,1,2024,FY,1184.0,Bentley,Volkswagen Group,Tyskland,Benzin,Fossil,Personbil
Kia Optima,1,2024,FY,1414.0,Kia,Hyundai Motor Group,Sydkorea,Benzin,Fossil,Personbil
Lexus LC,1,2024,FY,1415.0,Lexus,Toyota Motor Corporation,Japan,Benzin,Fossil,Personbil
Opel Vivaro,1,2024,FY,1416.0,Opel,Stellantis,Europæisk (Multinational),Benzin,Fossil,Varebil/MPV
BMW Z4,1,2024,FY,1225.0,BMW,BMW Group,Tyskland,Benzin,Fossil,Personbil
Ferrari 812,1,2024,FY,1417.0,Ferrari,Ferrari,Italien,Benzin,Fossil,Personbil
Nio ET5,1,2024,FY,1354.0,Nio,NIO,Kina,El,Nul-emission,Personbil
Segway Snarler,1,2024,FY,1418.0,Segway,Segway,Ukendt,Benzin,Fossil,ATV/UTV/Andet
Renault Espace,1,2024,FY,1419.0,Renault,Renault Group,Frankrig,Benzin,Fossil,Personbil
Volkswagen Corrado,1,2024,FY,1420.0,Volkswagen,Volkswagen Group,Tyskland,Benzin,Fossil,Personbil
Ferrari 296,1,2024,FY,1421.0,Ferrari,Ferrari,Italien,Benzin,Fossil,Personbil
Can-Am,1,2024,FY,1422.0,Can-Am,Bombardier Recreational Products,Canada,Benzin,Fossil,Personbil
Eagle,1,2024,FY,1301.0,Eagle,"Eagle Golf Cars, LLC",USA,El,Nul-emission,Personbil
CFMOTO CForce 1000 Touring,1,2024,FY,1423.0,CFMOTO,CFMOTO,Kina,Benzin,Fossil,ATV/UTV/Andet
Lichi,1,2024,FY,1424.0,Lichi,Lichi,Ukendt,Benzin,Fossil,Personbil
Jeep Renegade,1,2024,FY,1425.0,Jeep,Stellantis,Europæisk (Multinational),Benzin,Fossil,Personbil
Lamborghini Huracan,1,2024,FY,1426.0,Lamborghini,Volkswagen Group,Tyskland,Benzin,Fossil,Personbil
Volvo Nilsson,1,2024,FY,1427.0,Nilsson Hearse,Nilsson Hearse,Sverige,Benzin,Fossil,Varebil/MPV
Ford Tourneo,1,2024,FY,1428.0,Ford,Ford Motor Company,USA,Benzin,Fossil,Varebil/MPV
KTM X-Bow GT-XR,1,2024,FY,1429.0,KTM,KTM,Ukendt,Benzin,Fossil,Personbil
Lamborghini Huracán,1,2024,FY,1430.0,Lamborghini,Volkswagen Group,Tyskland,Benzin,Fossil,Personbil
Maserati GranCabrio,1,2024,FY,1431.0,Maserati,Stellantis,Europæisk (Multinational),Benzin,Fossil,Personbil
Rolektro E-Quad 25,1,2024,FY,1432.0,Rolektro,Rolektro,Ukendt,Benzin,Fossil,ATV/UTV/Andet
Toyota Sienna,1,2024,FY,1364.0,Toyota,Toyota Motor Corporation,Japan,Benzin,Fossil,Varebil/MPV
Aston Martin Vantage,1,2024,FY,1341.0,Aston Martin,Ford Motor Company,USA,Benzin,Fossil,Personbil
BMW i3,1,2024,FY,1342.0,BMW,BMW Group,Tyskland,El,Nul-emission,Personbil
BMW i3,1,2024,FY,,BMW,BMW Group,Tyskland,El,Nul-emission,Personbil
Ineos Grenadier,1,2024,FY,1344.0,Ineos,INEOS Automotive Ltd.,Storbritannien,Benzin,Fossil,Personbil
Polaris XP Kinetic,1,2024,FY,1348.0,Polaris,Polaris,USA,Benzin,Fossil,Personbil
Skoda Citigo,1,2024,FY,1350.0,Skoda,Volkswagen Group,Tyskland,Benzin,Fossil,Personbil
Maxus e-Deliver 7,1,2024,FY,1309.0,Maxus,SAIC Motor (Maxus),Kina,Benzin,Fossil,Varebil/MPV
Reo UTV,1,2024,FY,1324.0,Reo,Reo,Ukendt,Benzin,Fossil,ATV/UTV/Andet
Tesla Model Y,17952.0,2023,FY,1002.0,Tesla,"Tesla, Inc.",USA,El,Nul-emission,Personbil
Peugeot 208,6033.0,2023,FY,1024.0,Peugeot,Stellantis,Europæisk (Multinational),Benzin,Fossil,Personbil
Ford Kuga,4421.0,2023,FY,1060.0,Ford,Ford Motor Company,USA,Hybrid,Lav-emission,Personbil
Tesla Model 3,4210.0,2023,FY,1179.0,Tesla,"Tesla, Inc.",USA,El,Nul-emission,Personbil
Skoda Enyaq iV,3072.0,2023,FY,1006.0,Skoda,Volkswagen Group,Tyskland,El,Nul-emission,Personbil
Citroen C3,3014.0,2023,FY,1012.0,Citroen,Stellantis,Europæisk (Multinational),Benzin,Fossil,Personbil
Toyota Aygo X,2799.0,2023,FY,1042.0,Toyota,Toyota Motor Corporation,Japan,Benzin,Fossil,Personbil
Opel Corsa,2755.0,2023,FY,1259.0,Opel,Stellantis,Europæisk (Multinational),Benzin,Fossil,Personbil
Nissan Qashqai,2614.0,2023,FY,1035.0,Nissan,Nissan Motor Co.,Japan,Benzin,Fossil,SUV/Crossover
Volvo XC40,2571.0,2023,FY,1331.0,Volvo,Geely (Lynk & Co),Kina,Benzin,Fossil,Personbil
Audi Q2,2548.0,2023,FY,1071.0,Audi,Volkswagen Group,Tyskland,Benzin,Fossil,SUV/Crossover
Volkswagen ID.4,2541.0,2023,FY,1005.0,Volkswagen,Volkswagen Group,Tyskland,El,Nul-emission,Personbil
Toyota Yaris,2503.0,2023,FY,1057.0,Toyota,Toyota Motor Corporation,Japan,Hybrid,Lav-emission,Personbil
Cupra Formentor,2404.0,2023,FY,1062.0,Cupra,Volkswagen Group,Tyskland,Benzin,Fossil,Personbil
Audi Q4 e-tron,2350.0,2023,FY,1003.0,Audi,Volkswagen Group,Tyskland,El,Nul-emission,SUV/Crossover
Volkswagen Polo,2327.0,2023,FY,1140.0,Volkswagen,Volkswagen Group,Tyskland,Benzin,Fossil,Personbil
Volkswagen T-Roc,2312.0,2023,FY,1080.0,Volkswagen,Volkswagen Group,Tyskland,Benzin,Fossil,SUV/Crossover
Kia Ceed,2246.0,2023,FY,1243.0,Kia,Hyundai Motor Group,Sydkorea,Benzin,Fossil,Personbil
Toyota Yaris Cross,2230.0,2023,FY,1020.0,Toyota,Toyota Motor Corporation,Japan,Benzin,Fossil,SUV/Crossover
Hyundai I10,2210.0,2023,FY,1237.0,Hyundai,Hyundai Motor Group,Sydkorea,Benzin,Fossil,Personbil
Polestar 2,2022.0,2023,FY,1097.0,Polestar,Geely (Lynk & Co),Kina,El,Nul-emission,Personbil
Mercedes-Benz C-Klasse,1960.0,2023,FY,1098.0,Mercedes-Benz,Mercedes-Benz Group,Tyskland,Benzin,Fossil,Personbil
Peugeot 2008,1904.0,2023,FY,1030.0,Peugeot,Stellantis,Europæisk (Multinational),Benzin,Fossil,Personbil
BMW i4,1741.0,2023,FY,1045.0,BMW,BMW Group,Tyskland,El,Nul-emission,Personbil
Audi Q5,1677.0,2023,FY,1137.0,Audi,Volkswagen Group,Tyskland,Benzin,Fossil,SUV/Crossover
Hyundai I20,1665.0,2023,FY,1238.0,Hyundai,Hyundai Motor Group,Sydkorea,Benzin,Fossil,Personbil
Audi Q3,1647.0,2023,FY,1099.0,Audi,Volkswagen Group,Tyskland,Benzin,Fossil,SUV/Crossover
Skoda Kamiq,1550.0,2023,FY,1112.0,Skoda,Volkswagen Group,Tyskland,Benzin,Fossil,SUV/Crossover
Renault Megane,1523.0,2023,FY,1369.0,Renault,Renault Group,Frankrig,Benzin,Fossil,Personbil
Skoda Octavia,1509.0,2023,FY,1157.0,Skoda,Volkswagen Group,Tyskland,Benzin,Fossil,Personbil
Toyota Corolla Cross,1492.0,2023,FY,1124.0,Toyota,Toyota Motor Corporation,Japan,Benzin,Fossil,SUV/Crossover
Renault Clio,1469.0,2023,FY,1111.0,Renault,Renault Group,Frankrig,Benzin,Fossil,Personbil
Fiat 500,1439.0,2023,FY,1232.0,Fiat,Stellantis,Europæisk (Multinational),Benzin,Fossil,Personbil
Audi A5,1368.0,2023,FY,1115.0,Audi,Volkswagen Group,Tyskland,Benzin,Fossil,Personbil
Volkswagen T-Cross,1338.0,2023,FY,1181.0,Volkswagen,Volkswagen Group,Tyskland,Benzin,Fossil,SUV/Crossover
Ford Mustang Mach-E,1337.0,2023,FY,1147.0,Ford,Ford Motor Company,USA,Benzin,Fossil,Personbil
Hyundai Kona,1317.0,2023,FY,1043.0,Hyundai,Hyundai Motor Group,Sydkorea,Benzin,Fossil,SUV/Crossover
Cupra Born,1268.0,2023,FY,1007.0,Cupra,Volkswagen Group,Tyskland,El,Nul-emission,Personbil
Suzuki Swift,1268.0,2023,FY,1034.0,Suzuki,Suzuki Motor Corporation,Japan,Benzin,Fossil,Personbil
Volkswagen ID.Buzz,1205.0,2023,FY,1376.0,Volkswagen,Volkswagen Group,Tyskland,El,Nul-emission,Personbil
Audi A4,1198.0,2023,FY,1356.0,Audi,Volkswagen Group,Tyskland,Benzin,Fossil,Personbil
Kia Picanto,1198.0,2023,FY,1245.0,Kia,Hyundai Motor Group,Sydkorea,Benzin,Fossil,Personbil
Mercedes-Benz EQA,1178.0,2023,FY,1026.0,Mercedes-Benz,Mercedes-Benz Group,Tyskland,El,Nul-emission,Personbil
Volkswagen ID.3,1151.0,2023,FY,1011.0,Volkswagen,Volkswagen Group,Tyskland,El,Nul-emission,Personbil
Audi A6,1120.0,2023,FY,1159.0,Audi,Volkswagen Group,Tyskland,Benzin,Fossil,Personbil
Mazda 2,1118.0,2023,FY,1153.0,Mazda,Mazda Motor Corporation,Japan,Benzin,Fossil,Personbil
BMW 3'er,1101.0,2023,FY,1051.0,BMW,BMW Group,Tyskland,Benzin,Fossil,Personbil
Skoda Fabia,1066.0,2023,FY,1211.0,Skoda,Volkswagen Group,Tyskland,Benzin,Fossil,Personbil
Cupra Leon,1056.0,2023,FY,1100.0,Cupra,Volkswagen Group,Tyskland,Benzin,Fossil,Personbil
Volvo XC60,1028.0,2023,FY,1275.0,Volvo,Geely (Lynk & Co),Kina,Benzin,Fossil,Personbil
Hyundai Tucson,1013.0,2023,FY,1241.0,Hyundai,Hyundai Motor Group,Sydkorea,Benzin,Fossil,SUV/Crossover
Volkswagen ID.5,999.0,2023,FY,1053.0,Volkswagen,Volkswagen Group,Tyskland,El,Nul-emission,Personbil
Volkswagen Taigo,981.0,2023,FY,1328.0,Volkswagen,Volkswagen Group,Tyskland,Benzin,Fossil,Personbil
BMW iX1,977.0,2023,FY,1009.0,BMW,BMW Group,Tyskland,El,Nul-emission,SUV/Crossover
Kia Niro,968.0,2023,FY,1244.0,Kia,Hyundai Motor Group,Sydkorea,Benzin,Fossil,Personbil
Nissan Ariya,966.0,2023,FY,1070.0,Nissan,Nissan Motor Co.,Japan,Benzin,Fossil,Personbil
Toyota bZ4X,936.0,2023,FY,1000.0,Toyota,Toyota Motor Corporation,Japan,El,Nul-emission,Personbil
Hyundai Ioniq 5,933.0,2023,FY,1050.0,Hyundai,Hyundai Motor Group,Sydkorea,El,Nul-emission,Personbil
Mercedes-Benz A-Klasse,919.0,2023,FY,1123.0,Mercedes-Benz,Mercedes-Benz Group,Tyskland,Benzin,Fossil,Personbil
Mercedes-Benz E-Klasse,893.0,2023,FY,1128.0,Mercedes-Benz,Mercedes-Benz Group,Tyskland,Benzin,Fossil,Personbil
BMW iX3,886.0,2023,FY,1224.0,BMW,BMW Group,Tyskland,El,Nul-emission,SUV/Crossover
Seat Ibiza,859.0,2023,FY,1073.0,Seat,Volkswagen Group,Tyskland,Benzin,Fossil,Personbil
Mercedes-Benz EQB,856.0,2023,FY,1027.0,Mercedes-Benz,Mercedes-Benz Group,Tyskland,El,Nul-emission,Personbil
Suzuki Vitara,837.0,2023,FY,1029.0,Suzuki,Suzuki Motor Corporation,Japan,Benzin,Fossil,SUV/Crossover
Citroen C4,837.0,2023,FY,1227.0,Citroen,Stellantis,Europæisk (Multinational),Benzin,Fossil,Personbil
Kia EV6,817.0,2023,FY,1069.0,Kia,Hyundai Motor Group,Sydkorea,Benzin,Fossil,Personbil
Toyota Corolla,802.0,2023,FY,1180.0,Toyota,Toyota Motor Corporation,Japan,Hybrid,Lav-emission,Personbil
Renault Captur,801.0,2023,FY,1266.0,Renault,Renault Group,Frankrig,Benzin,Fossil,Personbil
BMW 1'er,789.0,2023,FY,1067.0,BMW,BMW Group,Tyskland,Benzin,Fossil,Personbil
Mercedes-Benz CLA,780.0,2023,FY,1022.0,Mercedes-Benz,Mercedes-Benz Group,Tyskland,Benzin,Fossil,Personbil
Volkswagen Touran,780.0,2023,FY,1182.0,Volkswagen,Volkswagen Group,Tyskland,Benzin,Fossil,Personbil
Mercedes-Benz EQE,755.0,2023,FY,1074.0,Mercedes-Benz,Mercedes-Benz Group,Tyskland,El,Nul-emission,Personbil
Kia Sportage,753.0,2023,FY,1247.0,Kia,Hyundai Motor Group,Sydkorea,Benzin,Fossil,SUV/Crossover
MG 4,739.0,2023,FY,1037.0,MG,SAIC Motor (MG),Kina,Benzin,Fossil,Personbil
Suzuki Ignis,737.0,2023,FY,1268.0,Suzuki,Suzuki Motor Corporation,Japan,Benzin,Fossil,Personbil
Skoda Kodiaq,729.0,2023,FY,1047.0,Skoda,Volkswagen Group,Tyskland,Benzin,Fossil,SUV/Crossover
BMW X1,728.0,2023,FY,1013.0,BMW,BMW Group,Tyskland,Benzin,Fossil,SUV/Crossover
Opel Crossland,712.0,2023,FY,1260.0,Opel,Stellantis,Europæisk (Multinational),Benzin,Fossil,SUV/Crossover
Volkswagen Passat,710.0,2023,FY,1125.0,Volkswagen,Volkswagen Group,Tyskland,Benzin,Fossil,Personbil
Opel Mokka,705.0,2023,FY,1261.0,Opel,Stellantis,Europæisk (Multinational),Benzin,Fossil,Personbil
Seat Arona,701.0,2023,FY,1177.0,Seat,Volkswagen Group,Tyskland,Benzin,Fossil,Personbil
Skoda Scala,688.0,2023,FY,1130.0,Skoda,Volkswagen Group,Tyskland,Benzin,Fossil,Personbil
Mazda CX-5,678.0,2023,FY,1311.0,Mazda,Mazda Motor Corporation,Japan,Benzin,Fossil,SUV/Crossover
Toyota RAV4,673.0,2023,FY,1273.0,Toyota,Toyota Motor Corporation,Japan,Hybrid,Lav-emission,SUV/Crossover
Mazda CX-60,643.0,2023,FY,1255.0,Mazda,Mazda Motor Corporation,Japan,Benzin,Fossil,SUV/Crossover
Volkswagen Tiguan,634.0,2023,FY,1145.0,Volkswagen,Volkswagen Group,Tyskland,Benzin,Fossil,SUV/Crossover
Mercedes-Benz GLB,630.0,2023,FY,1088.0,Mercedes-Benz,Mercedes-Benz Group,Tyskland,Benzin,Fossil,Personbil
Volkswagen Multivan,618.0,2023,FY,1274.0,Volkswagen,Volkswagen Group,Tyskland,Benzin,Fossil,Varebil/MPV
Suzuki SX4,616.0,2023,FY,1131.0,Suzuki,Suzuki Motor Corporation,Japan,Benzin,Fossil,SUV/Crossover
Xpeng G9,582.0,2023,FY,1068.0,Xpeng,XPeng,Kina,El,Nul-emission,Personbil
Mercedes-Benz GLC,559.0,2023,FY,1076.0,Mercedes-Benz,Mercedes-Benz Group,Tyskland,Benzin,Fossil,Personbil
BMW 5'er,524.0,2023,FY,1063.0,BMW,BMW Group,Tyskland,Benzin,Fossil,Personbil
Volkswagen Golf,520.0,2023,FY,1219.0,Volkswagen,Volkswagen Group,Tyskland,Benzin,Fossil,Personbil
Ford Transit Custom,520.0,2023,FY,1192.0,Ford,Ford Motor Company,USA,Benzin,Fossil,Varebil/MPV
Volvo C40,517.0,2023,FY,1329.0,Volvo,Geely (Lynk & Co),Kina,Benzin,Fossil,Personbil
Hyundai I30,505.0,2023,FY,1239.0,Hyundai,Hyundai Motor Group,Sydkorea,Benzin,Fossil,Personbil
Mercedes-Benz GLA,503.0,2023,FY,1090.0,Mercedes-Benz,Mercedes-Benz Group,Tyskland,Benzin,Fossil,Personbil
BMW iX,492.0,2023,FY,1089.0,BMW,BMW Group,Tyskland,El,Nul-emission,Personbil
Skoda Superb,477.0,2023,FY,1139.0,Skoda,Volkswagen Group,Tyskland,Benzin,Fossil,Personbil
Renault Austral,456.0,2023,FY,1025.0,Renault,Renault Group,Frankrig,Benzin,Fossil,Personbil
Audi Q8 e-tron,449.0,2023,FY,1357.0,Audi,Volkswagen Group,Tyskland,El,Nul-emission,SUV/Crossover
Nissan Juke,425.0,2023,FY,1103.0,Nissan,Nissan Motor Co.,Japan,Benzin,Fossil,SUV/Crossover
Ford Fiesta,424.0,2023,FY,1373.0,Ford,Ford Motor Company,USA,Benzin,Fossil,Personbil
Volvo V60,415.0,2023,FY,1330.0,Volvo,Geely (Lynk & Co),Kina,Benzin,Fossil,Personbil
Mazda MX-30,409.0,2023,FY,1199.0,Mazda,Mazda Motor Corporation,Japan,Benzin,Fossil,Personbil
Mercedes-Benz Sprinter,398.0,2023,FY,1134.0,Mercedes-Benz,Mercedes-Benz Group,Tyskland,Benzin,Fossil,Varebil/MPV
Ford Focus,395.0,2023,FY,1162.0,Ford,Ford Motor Company,USA,Benzin,Fossil,Personbil
Audi A3,390.0,2023,FY,1064.0,Audi,Volkswagen Group,Tyskland,Benzin,Fossil,Personbil
Mazda CX-30,379.0,2023,FY,1084.0,Mazda,Mazda Motor Corporation,Japan,Benzin,Fossil,SUV/Crossover
BMW i5,367.0,2023,FY,1049.0,BMW,BMW Group,Tyskland,El,Nul-emission,Personbil
Dacia Duster,363.0,2023,FY,1229.0,Dacia,Renault Group,Frankrig,Benzin,Fossil,Personbil
Dacia Sandero,358.0,2023,FY,1231.0,Dacia,Renault Group,Frankrig,Benzin,Fossil,Personbil
Citroen C3 Aircross,352.0,2023,FY,1014.0,Citroen,Stellantis,Europæisk (Multinational),Benzin,Fossil,SUV/Crossover
Seat Leon,318.0,2023,FY,1210.0,Seat,Volkswagen Group,Tyskland,Benzin,Fossil,Personbil
Dacia Jogger,312.0,2023,FY,1230.0,Dacia,Renault Group,Frankrig,Benzin,Fossil,Personbil
Toyota C-HR,298.0,2023,FY,1271.0,Toyota,Toyota Motor Corporation,Japan,Hybrid,Lav-emission,Personbil
Mercedes-Benz GLE,293.0,2023,FY,1144.0,Mercedes-Benz,Mercedes-Benz Group,Tyskland,Benzin,Fossil,Personbil
Skoda Karoq,292.0,2023,FY,1094.0,Skoda,Volkswagen Group,Tyskland,Benzin,Fossil,SUV/Crossover
Fisker Ocean,290.0,2023,FY,1233.0,Fisker,Fisker Inc.,USA,El,Nul-emission,Personbil
MG EHS,283.0,2023,FY,1316.0,MG,SAIC Motor (MG),Kina,Benzin,Fossil,Personbil
BMW X3,281.0,2023,FY,1141.0,BMW,BMW Group,Tyskland,Benzin,Fossil,SUV/Crossover
Mazda 3,279.0,2023,FY,1154.0,Mazda,Mazda Motor Corporation,Japan,Benzin,Fossil,Personbil
Mercedes-Benz EQE SUV,269.0,2023,FY,1110.0,Mercedes-Benz,Mercedes-Benz Group,Tyskland,El,Nul-emission,SUV/Crossover
Hyundai Bayon,268.0,2023,FY,1151.0,Hyundai,Hyundai Motor Group,Sydkorea,Benzin,Fossil,Personbil
Peugeot 308,267.0,2023,FY,1206.0,Peugeot,Stellantis,Europæisk (Multinational),Benzin,Fossil,Personbil
BMW 2'er,263.0,2023,FY,1223.0,BMW,BMW Group,Tyskland,Benzin,Fossil,Personbil
Peugeot 3008,261.0,2023,FY,1036.0,Peugeot,Stellantis,Europæisk (Multinational),Benzin,Fossil,Personbil
Maxus Euniq6,247.0,2023,FY,1167.0,Maxus,SAIC Motor (Maxus),Kina,Benzin,Fossil,SUV/Crossover
Volkswagen up!,237.0,2023,FY,1445.0,Volkswagen,Volkswagen Group,Tyskland,Benzin,Fossil,Personbil
Ford Puma,228.0,2023,FY,1054.0,Ford,Ford Motor Company,USA,Benzin,Fossil,Personbil
DS 4,227.0,2023,FY,1299.0,DS,Stellantis,Europæisk (Multinational),Benzin,Fossil,Personbil
Kia XCeed,225.0,2023,FY,1249.0,Kia,Hyundai Motor Group,Sydkorea,Benzin,Fossil,Personbil
Mini 5-dørs,223.0,2023,FY,1317.0,Mini,BMW Group,Tyskland,Benzin,Fossil,Personbil
BYD Atto 3,222.0,2023,FY,1161.0,BYD,BYD Auto,Kina,Benzin,Fossil,Personbil
Suzuki S-Cross,218.0,2023,FY,1269.0,Suzuki,Suzuki Motor Corporation,Japan,Benzin,Fossil,SUV/Crossover
Volvo V90,214.0,2023,FY,1220.0,Volvo,Geely (Lynk & Co),Kina,Benzin,Fossil,Personbil
MG Marvel R,208.0,2023,FY,1347.0,MG,SAIC Motor (MG),Kina,Benzin,Fossil,Personbil
Mitsubishi Space Star,206.0,2023,FY,1366.0,Mitsubishi,Mitsubishi Motors,Japan,Benzin,Fossil,Personbil
Peugeot 5008,205.0,2023,FY,1039.0,Peugeot,Stellantis,Europæisk (Multinational),Benzin,Fossil,Personbil
Mercedes-Benz Vito Tourer,203.0,2023,FY,1092.0,Mercedes-Benz,Mercedes-Benz Group,Tyskland,Benzin,Fossil,Varebil/MPV
BYD Dolphin,203.0,2023,FY,1187.0,BYD,BYD Auto,Kina,Benzin,Fossil,Personbil
Citroen C5 Aircross,202.0,2023,FY,1032.0,Citroen,Stellantis,Europæisk (Multinational),Benzin,Fossil,SUV/Crossover
Hyundai Ioniq 6,198.0,2023,FY,1133.0,Hyundai,Hyundai Motor Group,Sydkorea,El,Nul-emission,Personbil
Citroen ë-C4 X,198.0,2023,FY,1372.0,Citroen,Stellantis,Europæisk (Multinational),Benzin,Fossil,Personbil
Volkswagen ID.7,197.0,2023,FY,1017.0,Volkswagen,Volkswagen Group,Tyskland,El,Nul-emission,Personbil
Volvo XC90,196.0,2023,FY,1276.0,Volvo,Geely (Lynk & Co),Kina,Benzin,Fossil,Personbil
Audi A1,191.0,2023,FY,1292.0,Audi,Volkswagen Group,Tyskland,Benzin,Fossil,Personbil
BMW 4'er,182.0,2023,FY,1185.0,BMW,BMW Group,Tyskland,Benzin,Fossil,Personbil
Aiways U5,178.0,2023,FY,1291.0,Aiways,Aiways,Kina,El,Nul-emission,Personbil
Mercedes-Benz EQC,173.0,2023,FY,1391.0,Mercedes-Benz,Mercedes-Benz Group,Tyskland,El,Nul-emission,Personbil
Nissan X-Trail,172.0,2023,FY,1204.0,Nissan,Nissan Motor Co.,Japan,Hybrid,Lav-emission,Personbil
Kia Rio,170.0,2023,FY,1406.0,Kia,Hyundai Motor Group,Sydkorea,Benzin,Fossil,Personbil
Mini 3-dørs,168.0,2023,FY,1083.0,Mini,BMW Group,Tyskland,Benzin,Fossil,Personbil
Mini Cabriolet,161.0,2023,FY,1370.0,Mini,BMW Group,Tyskland,Benzin,Fossil,Personbil
Porsche Taycan,159.0,2023,FY,1175.0,Porsche,Volkswagen Group,Tyskland,El,Nul-emission,Personbil
Citroen C4 X,158.0,2023,FY,1368.0,Citroen,Stellantis,Europæisk (Multinational),Benzin,Fossil,Personbil
Mitsubishi Eclipse Cross,152.0,2023,FY,1361.0,Mitsubishi,Mitsubishi Motors,Japan,Benzin,Fossil,SUV/Crossover
BMW X5,151.0,2023,FY,1186.0,BMW,BMW Group,Tyskland,Benzin,Fossil,SUV/Crossover
Opel Grandland,149.0,2023,FY,1072.0,Opel,Stellantis,Europæisk (Multinational),Benzin,Fossil,SUV/Crossover
Kia Stonic,145.0,2023,FY,1248.0,Kia,Hyundai Motor Group,Sydkorea,Benzin,Fossil,Personbil
MG ZS,144.0,2023,FY,1040.0,MG,SAIC Motor (MG),Kina,Benzin,Fossil,Personbil
Honda Jazz,134.0,2023,FY,1150.0,Honda,Honda Motor Co.,Japan,Benzin,Fossil,Personbil
Lexus NX,129.0,2023,FY,1252.0,Lexus,Toyota Motor Corporation,Japan,Hybrid,Lav-emission,Personbil
Mazda MX-5,126.0,2023,FY,1346.0,Mazda,Mazda Motor Corporation,Japan,Benzin,Fossil,Personbil
Jeep Compass,120.0,2023,FY,1439.0,Jeep,Stellantis,Europæisk (Multinational),Benzin,Fossil,Personbil
Toyota Proace Verso,115.0,2023,FY,1135.0,Toyota,Toyota Motor Corporation,Japan,Benzin,Fossil,Varebil/MPV
Tesla Model S,113.0,2023,FY,1213.0,Tesla,"Tesla, Inc.",USA,El,Nul-emission,Personbil
Mini Countryman,110.0,2023,FY,1102.0,Mini,BMW Group,Tyskland,Benzin,Fossil,Personbil
Ford Transit,109.0,2023,FY,1091.0,Ford,Ford Motor Company,USA,Benzin,Fossil,Varebil/MPV
Renault Arkana,106.0,2023,FY,1392.0,Renault,Renault Group,Frankrig,Benzin,Fossil,Personbil
Dacia Spring,103.0,2023,FY,1399.0,Dacia,Renault Group,Frankrig,Benzin,Fossil,Personbil
MAN TGE,100.0,2023,FY,1197.0,MAN,TRATON (Volkswagen Group),Tyskland,Benzin,Fossil,Varebil/MPV
Volkswagen Caddy,96.0,2023,FY,1216.0,Volkswagen,Volkswagen Group,Tyskland,Benzin,Fossil,Varebil/MPV
Seat Ateca,95.0,2023,FY,1325.0,Seat,Volkswagen Group,Tyskland,Benzin,Fossil,Personbil
Nissan Leaf,93.0,2023,FY,1318.0,Nissan,Nissan Motor Co.,Japan,Benzin,Fossil,Personbil
Mercedes-Benz EQV,93.0,2023,FY,1155.0,Mercedes-Benz,Mercedes-Benz Group,Tyskland,El,Nul-emission,Personbil
Kia EV9,93.0,2023,FY,1058.0,Kia,Hyundai Motor Group,Sydkorea,Benzin,Fossil,Personbil
Volkswagen Arteon,89.0,2023,FY,1409.0,Volkswagen,Volkswagen Group,Tyskland,Benzin,Fossil,Personbil
JAC e-JS4,85.0,2023,FY,1303.0,JAC,JAC Motors,Kina,Benzin,Fossil,Personbil
Peugeot 408,84.0,2023,FY,1400.0,Peugeot,Stellantis,Europæisk (Multinational),Benzin,Fossil,Personbil
Kia Sorento,81.0,2023,FY,1246.0,Kia,Hyundai Motor Group,Sydkorea,Benzin,Fossil,SUV/Crossover
Peugeot 508,81.0,2023,FY,1320.0,Peugeot,Stellantis,Europæisk (Multinational),Benzin,Fossil,Personbil
Jeep Avenger,81.0,2023,FY,1242.0,Jeep,Stellantis,Europæisk (Multinational),Benzin,Fossil,SUV/Crossover
Opel Astra,76.0,2023,FY,1258.0,Opel,Stellantis,Europæisk (Multinational),Benzin,Fossil,Personbil
Citroen C5 X,76.0,2023,FY,1435.0,Citroen,Stellantis,Europæisk (Multinational),Benzin,Fossil,Personbil
Toyota Proace City Verso,73.0,2023,FY,1327.0,Toyota,Toyota Motor Corporation,Japan,Benzin,Fossil,Varebil/MPV
Mercedes-Benz EQS SUV,72.0,2023,FY,1200.0,Mercedes-Benz,Mercedes-Benz Group,Tyskland,El,Nul-emission,SUV/Crossover
Mercedes-Benz EQS,70.0,2023,FY,1169.0,Mercedes-Benz,Mercedes-Benz Group,Tyskland,El,Nul-emission,Personbil
Xpeng P7,70.0,2023,FY,1279.0,Xpeng,XPeng,Kina,El,Nul-emission,Personbil
Audi e-tron,68.0,2023,FY,1335.0,Audi,Volkswagen Group,Tyskland,El,Nul-emission,Personbil
Mini Cooper,67.0,2023,FY,1371.0,Mini,BMW Group,Tyskland,Benzin,Fossil,Personbil
Honda CR-V,63.0,2023,FY,1127.0,Honda,Honda Motor Co.,Japan,Hybrid,Lav-emission,Personbil
DS 7 Crossback,62.0,2023,FY,1300.0,DS,Stellantis,Europæisk (Multinational),Benzin,Fossil,SUV/Crossover
Mercedes-Benz B-Klasse,61.0,2023,FY,1256.0,Mercedes-Benz,Mercedes-Benz Group,Tyskland,Benzin,Fossil,Personbil
MG 5,61.0,2023,FY,1442.0,MG,SAIC Motor (MG),Kina,Benzin,Fossil,Personbil
Tesla Model X,59.0,2023,FY,1214.0,Tesla,"Tesla, Inc.",USA,El,Nul-emission,Personbil
Hyundai Santa Fe,59.0,2023,FY,1240.0,Hyundai,Hyundai Motor Group,Sydkorea,Benzin,Fossil,SUV/Crossover
Volkswagen Caravelle,57.0,2023,FY,1217.0,Volkswagen,Volkswagen Group,Tyskland,Benzin,Fossil,Varebil/MPV
Hongqi E-HS9,56.0,2023,FY,1236.0,Hongqi,FAW (Hongqi),Kina,El,Nul-emission,Personbil
Porsche Cayenne,55.0,2023,FY,1208.0,Porsche,Volkswagen Group,Tyskland,Benzin,Fossil,SUV/Crossover
Land Rover Range Rover Sport,54.0,2023,FY,1196.0,Land Rover,Jaguar Land Rover (Tata Motors),Indien,Benzin,Fossil,SUV/Crossover
Ford Mustang,52.0,2023,FY,1378.0,Ford,Ford Motor Company,USA,Benzin,Fossil,Personbil
Ford Tourneo Custom,52.0,2023,FY,1082.0,Ford,Ford Motor Company,USA,Benzin,Fossil,Varebil/MPV
Mercedes-Benz V-Klasse,52.0,2023,FY,1171.0,Mercedes-Benz,Mercedes-Benz Group,Tyskland,Benzin,Fossil,Personbil
Mitsubishi ASX,51.0,2023,FY,1374.0,Mitsubishi,Mitsubishi Motors,Japan,Benzin,Fossil,Personbil
Nissan Micra,49.0,2023,FY,1055.0,Nissan,Nissan Motor Co.,Japan,Benzin,Fossil,Personbil
Honda HR-V,48.0,2023,FY,1149.0,Honda,Honda Motor Co.,Japan,Benzin,Fossil,Personbil
Toyota Prius,48.0,2023,FY,1326.0,Toyota,Toyota Motor Corporation,Japan,Hybrid,Lav-emission,Personbil
Porsche 911,46.0,2023,FY,1264.0,Porsche,Volkswagen Group,Tyskland,Benzin,Fossil,Personbil
Honda e:Ny1,46.0,2023,FY,1086.0,Honda,Honda Motor Co.,Japan,El,Nul-emission,Personbil
Subaru Solterra,44.0,2023,FY,1113.0,Subaru,Subaru Corporation,Japan,Benzin,Fossil,Personbil
Citroen e-SpaceTourer,43.0,2023,FY,1228.0,Citroen,Stellantis,Europæisk (Multinational),Benzin,Fossil,Personbil
BMW I7,42.0,2023,FY,1146.0,BMW,BMW Group,Tyskland,El,Nul-emission,Personbil
BMW I7,42.0,2023,FY,,BMW,BMW Group,Tyskland,El,Nul-emission,Personbil
Audi TT,39.0,2023,FY,1433.0,Audi,Volkswagen Group,Tyskland,Benzin,Fossil,Personbil
Opel Zafira,39.0,2023,FY,1205.0,Opel,Stellantis,Europæisk (Multinational),Benzin,Fossil,Varebil/MPV
Volvo S90,38.0,2023,FY,1380.0,Volvo,Geely (Lynk & Co),Kina,Benzin,Fossil,Personbil
Honda Civic,37.0,2023,FY,1163.0,Honda,Honda Motor Co.,Japan,Hybrid,Lav-emission,Personbil
Ford S-Max,36.0,2023,FY,1405.0,Ford,Ford Motor Company,USA,Benzin,Fossil,Personbil
Nilsson Hearse,35.0,2023,FY,1202.0,Nilsson Hearse,Nilsson Hearse,Sverige,Benzin,Fossil,Varebil/MPV
Suzuki Swace,34.0,2023,FY,1270.0,Suzuki,Suzuki Motor Corporation,Japan,Benzin,Fossil,Personbil
Land Rover Range Rover,34.0,2023,FY,1283.0,Land Rover,Jaguar Land Rover (Tata Motors),Indien,Benzin,Fossil,SUV/Crossover
BYD Seal,32.0,2023,FY,1107.0,BYD,BYD Auto,Kina,Benzin,Fossil,Personbil
Porsche Macan,31.0,2023,FY,1119.0,Porsche,Volkswagen Group,Tyskland,Benzin,Fossil,SUV/Crossover
Citroen Berlingo,31.0,2023,FY,1117.0,Citroen,Stellantis,Europæisk (Multinational),Benzin,Fossil,Varebil/MPV
Renault Zoe,29.0,2023,FY,1387.0,Renault,Renault Group,Frankrig,Benzin,Fossil,Personbil
Lexus UX,28.0,2023,FY,1253.0,Lexus,Toyota Motor Corporation,Japan,Hybrid,Lav-emission,Personbil
DS 7,28.0,2023,FY,1384.0,DS,Stellantis,Europæisk (Multinational),Benzin,Fossil,Personbil
Alfa Romeo Tonale,27.0,2023,FY,1397.0,Alfa Romeo,Stellantis,Europæisk (Multinational),Benzin,Fossil,SUV/Crossover
Opel Combo,26.0,2023,FY,1319.0,Opel,Stellantis,Europæisk (Multinational),Benzin,Fossil,Varebil/MPV
Audi Q7,25.0,2023,FY,1293.0,Audi,Volkswagen Group,Tyskland,Benzin,Fossil,SUV/Crossover
Mercedes-Benz S-Klasse,25.0,2023,FY,1201.0,Mercedes-Benz,Mercedes-Benz Group,Tyskland,Benzin,Fossil,Personbil
Audi e-tron GT,23.0,2023,FY,1284.0,Audi,Volkswagen Group,Tyskland,El,Nul-emission,Personbil
Lexus ES,22.0,2023,FY,1375.0,Lexus,Toyota Motor Corporation,Japan,Benzin,Fossil,Personbil
Porsche Panamera,21.0,2023,FY,1265.0,Porsche,Volkswagen Group,Tyskland,Benzin,Fossil,Personbil
Nio ET5,21.0,2023,FY,1354.0,Nio,NIO,Kina,El,Nul-emission,Personbil
Audi A8,20.0,2023,FY,1222.0,Audi,Volkswagen Group,Tyskland,Benzin,Fossil,Personbil
Fiat Ducato,20.0,2023,FY,1302.0,Fiat,Stellantis,Europæisk (Multinational),Benzin,Fossil,Varebil/MPV
Audi A7,19.0,2023,FY,1393.0,Audi,Volkswagen Group,Tyskland,Benzin,Fossil,Personbil
Volvo S60,19.0,2023,FY,1365.0,Volvo,Geely (Lynk & Co),Kina,Benzin,Fossil,Personbil
Volkswagen Crafter,17.0,2023,FY,1218.0,Volkswagen,Volkswagen Group,Tyskland,Benzin,Fossil,Varebil/MPV
Lindebjerg S1,17.0,2023,FY,1386.0,Lindebjerg,Lindebjerg,Danmark,El,Nul-emission,ATV/UTV/Andet
Porsche Cayman,17.0,2023,FY,1323.0,Porsche,Volkswagen Group,Tyskland,Benzin,Fossil,Personbil
Subaru Outback,16.0,2023,FY,1178.0,Subaru,Subaru Corporation,Japan,Benzin,Fossil,SUV/Crossover
Land Rover Range Rover Evoque,15.0,2023,FY,1287.0,Land Rover,Jaguar Land Rover (Tata Motors),Indien,El,Fossil,SUV/Crossover
Peugeot Rifter,15.0,2023,FY,1262.0,Peugeot,Stellantis,Europæisk (Multinational),Benzin,Fossil,Personbil
Jia Ji S45,15.0,2023,FY,,Jia Ji,Geely (Lynk & Co),Kina,El,Nul-emission,Kabinescooter
Cupra Ateca,14.0,2023,FY,1298.0,Cupra,Volkswagen Group,Tyskland,Benzin,Fossil,Personbil
Lexus RZ,14.0,2023,FY,1075.0,Lexus,Toyota Motor Corporation,Japan,Benzin,Fossil,Personbil
Lamborghini Urus,13.0,2023,FY,1394.0,Lamborghini,Volkswagen Group,Tyskland,Benzin,Fossil,SUV/Crossover
Toyota GR86,13.0,2023,FY,1388.0,Toyota,Toyota Motor Corporation,Japan,Benzin,Fossil,Personbil
Ford Tourneo Connect,13.0,2023,FY,1234.0,Ford,Ford Motor Company,USA,Benzin,Fossil,Varebil/MPV
Mercedes-Benz SL,13.0,2023,FY,1315.0,Mercedes-Benz,Mercedes-Benz Group,Tyskland,Benzin,Fossil,Personbil
Mercedes-Benz Vito,12.0,2023,FY,1156.0,Mercedes-Benz,Mercedes-Benz Group,Tyskland,Benzin,Fossil,Varebil/MPV
Mercedes-Benz GLS,11.0,2023,FY,1314.0,Mercedes-Benz,Mercedes-Benz Group,Tyskland,Benzin,Fossil,Personbil
Volkswagen California,11.0,2023,FY,,Volkswagen,Volkswagen Group,Tyskland,Benzin,Fossil,Varebil/MPV
Lotus Eletre,11.0,2023,FY,1254.0,Lotus,Geely (Lynk & Co),Kina,Benzin,Fossil,Personbil
BMW X2,10.0,2023,FY,1434.0,BMW,BMW Group,Tyskland,Benzin,Fossil,SUV/Crossover
Mercedes-Benz G-Klasse,10.0,2023,FY,1170.0,Mercedes-Benz,Mercedes-Benz Group,Tyskland,Benzin,Fossil,Personbil
Lexus RX,10.0,2023,FY,1308.0,Lexus,Toyota Motor Corporation,Japan,Benzin,Fossil,Personbil
Mercedes-Benz Citan,10.0,2023,FY,1313.0,Mercedes-Benz,Mercedes-Benz Group,Tyskland,Benzin,Fossil,Varebil/MPV
Peugeot Traveller,9.0,2023,FY,1321.0,Peugeot,Stellantis,Europæisk (Multinational),Benzin,Fossil,Varebil/MPV
Maxus Euniq5,9.0,2023,FY,1198.0,Maxus,SAIC Motor (Maxus),Kina,Benzin,Fossil,SUV/Crossover
Honda E,9.0,2023,FY,1451.0,Honda,Honda Motor Co.,Japan,Benzin,Fossil,Personbil
Land Rover Discovery Sport,9.0,2023,FY,1251.0,Land Rover,Jaguar Land Rover (Tata Motors),Indien,Benzin,Fossil,SUV/Crossover
Nio EL7,8.0,2023,FY,1443.0,Nio,NIO,Kina,El,Nul-emission,Personbil
Eagle Golf Car,8.0,2023,FY,1188.0,Eagle,"Eagle Golf Cars, LLC",USA,EL,Nul-emission,ATV/UTV/Andet
Polaris Ranger,8.0,2023,FY,1404.0,Polaris,Polaris,USA,Benzin,Fossil,ATV/UTV/Andet
Xingyun UTV,8.0,2023,FY,1333.0,Xingyun,Shandong Xingyun,Kina,El,Nul-emission,ATV/UTV/Andet
Toyota Camry,8.0,2023,FY,1385.0,Toyota,Toyota Motor Corporation,Japan,Benzin,Fossil,Personbil
Toyota Land Cruiser,8.0,2023,FY,1272.0,Toyota,Toyota Motor Corporation,Japan,Benzin,Fossil,SUV/Crossover
Voyah Free,8.0,2023,FY,1332.0,Voyah,Dongfeng (Voyah),Kina,El,Nul-emission,Personbil
Land Rover Range Rover Velar,7.0,2023,FY,1307.0,Land Rover,Jaguar Land Rover (Tata Motors),Indien,Benzin,Fossil,SUV/Crossover
Mercedes-Benz AMG GT,7.0,2023,FY,1312.0,Mercedes-Benz,Mercedes-Benz Group,Tyskland,Benzin,Fossil,Personbil
Subaru Forester,7.0,2023,FY,1212.0,Subaru,Subaru Corporation,Japan,Benzin,Fossil,SUV/Crossover
BMW 7'er,7.0,2023,FY,1295.0,BMW,BMW Group,Tyskland,Benzin,Fossil,Personbil
Citroen Jumpy,7.0,2023,FY,1458.0,Citroen,Stellantis,Europæisk (Multinational),Benzin,Fossil,Varebil/MPV
BMW XM,7.0,2023,FY,1396.0,BMW,BMW Group,Tyskland,Benzin,Fossil,Personbil
Ferrari 812,7.0,2023,FY,1417.0,Ferrari,Ferrari,Italien,Benzin,Fossil,Personbil
Maxus e-Deliver 3,7.0,2023,FY,1280.0,Maxus,SAIC Motor (Maxus),Kina,Benzin,Fossil,Varebil/MPV
Toyota Proace,6.0,2023,FY,1215.0,Toyota,Toyota Motor Corporation,Japan,Benzin,Fossil,Varebil/MPV
Maserati Grecale,6.0,2023,FY,1152.0,Maserati,Stellantis,Europæisk (Multinational),Benzin,Fossil,Personbil
Volkswagen Transporter,6.0,2023,FY,1351.0,Volkswagen,Volkswagen Group,Tyskland,Benzin,Fossil,Varebil/MPV
Nio ET7,6.0,2023,FY,1453.0,Nio,NIO,Kina,El,Nul-emission,Personbil
Jaguar F-Pace,6.0,2023,FY,1304.0,Jaguar,Jaguar Land Rover (Tata Motors),Indien,Benzin,Fossil,Personbil
Regal Raptor Rex Cargo,6.0,2023,FY,1402.0,Regal Raptor,Regal Raptor,Sydafrika,El,Nul-emission,Kabinescooter
HDK NRG Car,6.0,2023,FY,1360.0,HDK,HDK Automotive,Kina,El,Nul-emission,ATV/UTV/Andet
Nio EL6,6.0,2023,FY,1362.0,Nio,NIO,Kina,El,Nul-emission,Personbil
Bach YM2000DP,5.0,2023,FY,1294.0,Bach,Bach,Danmark,El,Nul-emission,Kabinescooter
Can-Am Outlander,5.0,2023,FY,1226.0,Can-Am,Bombardier Recreational Products,Canada,Benzin,Fossil,ATV/UTV/Andet
Maxus e-Deliver 9,5.0,2023,FY,1166.0,Maxus,SAIC Motor (Maxus),Kina,Benzin,Fossil,Varebil/MPV
BYD Tang,5.0,2023,FY,1126.0,BYD,BYD Auto,Kina,Benzin,Fossil,Personbil
Ferrari 296,5.0,2023,FY,1421.0,Ferrari,Ferrari,Italien,Benzin,Fossil,Personbil
DS 9,5.0,2023,FY,,DS,Stellantis,Europæisk (Multinational),Benzin,Fossil,Personbil
Subaru XV,5.0,2023,FY,,Subaru,Subaru Corporation,Japan,Benzin,Fossil,Personbil
Citroen AMI,5.0,2023,FY,1390.0,Citroen,Stellantis,Europæisk (Multinational),Benzin,Fossil,Personbil
Land Rover Defender,4.0,2023,FY,1250.0,Land Rover,Jaguar Land Rover (Tata Motors),Indien,Benzin,Fossil,SUV/Crossover
Ford Galaxy,4.0,2023,FY,1438.0,Ford,Ford Motor Company,USA,Benzin,Fossil,Personbil
Jaguar I-Pace,4.0,2023,FY,1305.0,Jaguar,Jaguar Land Rover (Tata Motors),Indien,Benzin,Fossil,Personbil
BMW Z4,4.0,2023,FY,1225.0,BMW,BMW Group,Tyskland,Benzin,Fossil,Personbil
Suzuki Across,4.0,2023,FY,,Suzuki,Suzuki Motor Corporation,Japan,Benzin,Fossil,SUV/Crossover
Volkswagen Touareg,4.0,2023,FY,1382.0,Volkswagen,Volkswagen Group,Tyskland,Benzin,Fossil,Personbil
CFMOTO CForce 1000,4.0,2023,FY,1395.0,CFMOTO,CFMOTO,Kina,Benzin,Fossil,ATV/UTV/Andet
Eagle,4.0,2023,FY,1301.0,Eagle,"Eagle Golf Cars, LLC",USA,El,Nul-emission,Personbil
Harley Davidson FLRT,4.0,2023,FY,1403.0,Harley Davidson,Harley Davidson,USA,Benzin,Fossil,ATV/UTV/Andet
Toyota Proace City,4.0,2023,FY,1290.0,Toyota,Toyota Motor Corporation,Japan,Benzin,Fossil,Varebil/MPV
SsangYong Korando,4.0,2023,FY,,SsangYong,KG Mobility (tidl. SsangYong),Sydkorea,Benzin,Fossil,Personbil
Volvo EX30,4.0,2023,FY,1056.0,Volvo,Geely (Lynk & Co),Kina,Benzin,Fossil,SUV/Crossover
Mazda 6,3.0,2023,FY,1441.0,Mazda,Mazda Motor Corporation,Japan,Benzin,Fossil,Personbil
BMW 8'er,3.0,2023,FY,,BMW,BMW Group,Tyskland,Benzin,Fossil,Personbil
Fiat Panda,3.0,2023,FY,1447.0,Fiat,Stellantis,Europæisk (Multinational),Benzin,Fossil,Personbil
Kia Soul,3.0,2023,FY,,Kia,Hyundai Motor Group,Sydkorea,Benzin,Fossil,Personbil
Hecht 59399,3.0,2023,FY,1450.0,Hecht,Diverse,Kina,Benzin,Fossil,ATV/UTV/Andet
Italcar C2C,3.0,2023,FY,1452.0,Italcar,Italcar Industrial S.r.l.,Italien,El,Nul-emission,ATV/UTV/Andet
Smart Fortwo,3.0,2023,FY,1454.0,Smart,Mercedes-Benz/Geely (JV),Kina,El,Nul-emission,Personbil
BYD Han,3.0,2023,FY,1457.0,BYD,BYD Auto,Kina,Benzin,Fossil,Personbil
Mercedes-Benz CLS,3.0,2023,FY,1401.0,Mercedes-Benz,Mercedes-Benz Group,Tyskland,Benzin,Fossil,Personbil
BMW X7,3.0,2023,FY,1297.0,BMW,BMW Group,Tyskland,Benzin,Fossil,SUV/Crossover
Garia G22,3.0,2023,FY,1459.0,Garia,Garia,Danmark,Benzin,Fossil,Personbil
Aiways U6,3.0,2023,FY,,Aiways,Aiways,Kina,El,Nul-emission,Personbil
Jaguar E-Pace,3.0,2023,FY,,Jaguar,Jaguar Land Rover (Tata Motors),Indien,Benzin,Fossil,Personbil
BMW I3,3.0,2023,FY,1342.0,BMW,BMW Group,Tyskland,El,Nul-emission,Personbil
BMW I3,3.0,2023,FY,,BMW,BMW Group,Tyskland,El,Nul-emission,Personbil
Nissan Primastar,3.0,2023,FY,,Nissan,Nissan Motor Co.,Japan,Benzin,Fossil,Personbil
Rex Q7,3.0,2023,FY,1412.0,Rex,Rex GmbH,Tyskland,El,Nul-emission,Kabinescooter
Peugeot Expert,3.0,2023,FY,1363.0,Peugeot,Stellantis,Europæisk (Multinational),Benzin,Fossil,Varebil/MPV
Ferrari Purosangue,3.0,2023,FY,1190.0,Ferrari,Ferrari,Italien,Benzin,Fossil,Personbil
Polaris Ranger Kinetic,3.0,2023,FY,1389.0,Polaris,Polaris,USA,Benzin,Fossil,ATV/UTV/Andet
Bentley Bentayga,2.0,2023,FY,1183.0,Bentley,Volkswagen Group,Tyskland,Benzin,Fossil,Personbil
Fiat Tipo,2.0,2023,FY,1437.0,Fiat,Stellantis,Europæisk (Multinational),Benzin,Fossil,Personbil
Porsche 718 Spyder,2.0,2023,FY,1407.0,Porsche,Volkswagen Group,Tyskland,Benzin,Fossil,ATV/UTV/Andet
Toyota GR Supra,2.0,2023,FY,1408.0,Toyota,Toyota Motor Corporation,Japan,Benzin,Fossil,Personbil
Maxus MIFA 9,2.0,2023,FY,1310.0,Maxus,SAIC Motor (Maxus),Kina,Benzin,Fossil,Varebil/MPV
Segway Snarler,2.0,2023,FY,1418.0,Segway,Segway,Ukendt,Benzin,Fossil,ATV/UTV/Andet
Bentley Continental GT,2.0,2023,FY,1455.0,Bentley,Volkswagen Group,Tyskland,Benzin,Fossil,Personbil
Micro Microlino,2.0,2023,FY,,,,,,,
Audi Q8,2.0,2023,FY,1281.0,Audi,Volkswagen Group,Tyskland,Benzin,Fossil,SUV/Crossover
Hisun HS,2.0,2023,FY,1235.0,Hisun,"Chongqing Huansong Industrial (Group) Co., Ltd.",Kina,Benzin,Fossil,ATV/UTV/Andet
Xpeng P5,2.0,2023,FY,,Xpeng,XPeng,Kina,El,Nul-emission,Personbil
Kia Stinger,2.0,2023,FY,,Kia,Hyundai Motor Group,Sydkorea,Benzin,Fossil,Personbil
Ferrari SF90,2.0,2023,FY,,Ferrari,Ferrari,Italien,Benzin,Fossil,Personbil
Powerland Tachyon,2.0,2023,FY,1209.0,Powerland,Powerland,Ukendt,Benzin,Fossil,Personbil
Garia G21,2.0,2023,FY,,Garia,Garia,Danmark,Benzin,Fossil,Personbil
Renault Espace,2.0,2023,FY,1419.0,Renault,Renault Group,Frankrig,Benzin,Fossil,Personbil
BAW Pony,2.0,2023,FY,1358.0,BAW,BAW,Ukendt,Benzin,Fossil,Personbil
Eagle European Business Car,1.0,2023,FY,1436.0,Eagle,"Eagle Golf Cars, LLC",USA,El,Nul-emission,Personbil
Jiayuan Eidola,1.0,2023,FY,1440.0,Jiayuan,Jiayuan Electric Vehicles,Kina,El,Nul-emission,Kabinescooter
Opel Insignia,1.0,2023,FY,1444.0,Opel,Stellantis,Europæisk (Multinational),Benzin,Fossil,Personbil
Alfa Romeo Giulia,1.0,2023,FY,,Alfa Romeo,Stellantis,Europæisk (Multinational),Benzin,Fossil,Personbil
Jeep Wrangler,1.0,2023,FY,1345.0,Jeep,Stellantis,Europæisk (Multinational),Benzin,Fossil,Personbil
Renault Trafic,1.0,2023,FY,1176.0,Renault,Renault Group,Frankrig,Benzin,Fossil,Varebil/MPV
Toyota Mirai,1.0,2023,FY,,Toyota,Toyota Motor Corporation,Japan,Brint,Nul-emission,Personbil
BMW X6,1.0,2023,FY,1446.0,BMW,BMW Group,Tyskland,Benzin,Fossil,SUV/Crossover
Ford F,1.0,2023,FY,1448.0,Ford,Ford Motor Company,USA,Benzin,Fossil,Personbil
Ford Ranger,1.0,2023,FY,1449.0,Ford,Ford Motor Company,USA,Benzin,Fossil,ATV/UTV/Andet
Bentley Continental GTC,1.0,2023,FY,1456.0,Bentley,Volkswagen Group,Tyskland,Benzin,Fossil,Personbil
Ford Mustang Mach E,1.0,2023,FY,,Ford,Ford Motor Company,USA,Benzin,Fossil,Personbil
Maserati MC20 Cielo,1.0,2023,FY,,Maserati,Stellantis,Europæisk (Multinational),Benzin,Fossil,Personbil
Seat 600,1.0,2023,FY,,Seat,Volkswagen Group,Tyskland,Benzin,Fossil,Personbil
Toyota Hilux,1.0,2023,FY,,Toyota,Toyota Motor Corporation,Japan,Benzin,Fossil,Personbil
Lexus LS,1.0,2023,FY,,Lexus,Toyota Motor Corporation,Japan,Benzin,Fossil,Personbil
Can-Am Spyder,1.0,2023,FY,,Can-Am,Bombardier Recreational Products,Canada,Benzin,Fossil,ATV/UTV/Andet
Chevrolet Corvette,1.0,2023,FY,,Chevrolet,Chevrolet,Ukendt,Benzin,Fossil,Personbil
Porsche Boxster,1.0,2023,FY,1349.0,Porsche,Volkswagen Group,Tyskland,Benzin,Fossil,Personbil
Renault Twizy,1.0,2023,FY,,Renault,Renault Group,Frankrig,Benzin,Fossil,Personbil
CFMOTO ZForce 1000,1.0,2023,FY,,CFMOTO,CFMOTO,Kina,Benzin,Fossil,ATV/UTV/Andet
Ferrari Portofino M,1.0,2023,FY,,Ferrari,Ferrari,Italien,Benzin,Fossil,Personbil
Porsche 718 Boxster,1.0,2023,FY,1207.0,Porsche,Volkswagen Group,Tyskland,Benzin,Fossil,Personbil
Agile SCX,1.0,2023,FY,,Agile,Agile Automotive ApS,Danmark,Benzin,Fossil,Personbil
Caterham Seven,1.0,2023,FY,,Caterham,Caterham,Ukendt,Benzin,Fossil,Personbil
Citroen Pössl,1.0,2023,FY,,Citroen,Stellantis,Europæisk (Multinational),Benzin,Fossil,Personbil
Saab 9-3,1.0,2023,FY,,SAAB,SAAB,Sverige,Benzin,Fossil,Personbil
Bentley Flying Spur,1.0,2023,FY,1184.0,Bentley,Volkswagen Group,Tyskland,Benzin,Fossil,Personbil
Ford Bronco,1.0,2023,FY,,Ford,Ford Motor Company,USA,Benzin,Fossil,Personbil
Jiayuan City Spirit,1.0,2023,FY,,Jiayuan,Jiayuan Electric Vehicles,Kina,El,Nul-emission,Kabinescooter
Lynk & Co 01,1.0,2023,FY,,Lynk & Co,Geely (Lynk & Co),Kina,Benzin,Fossil,Personbil
Maserati Gran Turismo,1.0,2023,FY,,Maserati,Stellantis,Europæisk (Multinational),Benzin,Fossil,Personbil
SsangYong Torres,1.0,2023,FY,,SsangYong,KG Mobility (tidl. SsangYong),Sydkorea,Benzin,Fossil,SUV/Crossover
Maxus Mifa9,1.0,2023,FY,,Maxus,SAIC Motor (Maxus),Kina,Benzin,Fossil,Varebil/MPV
Mercedes-Benz CLE,1.0,2023,FY,1257.0,Mercedes-Benz,Mercedes-Benz Group,Tyskland,Benzin,Fossil,Personbil
Rolls-Royce Spectre,1.0,2023,FY,1288.0,Rolls-Royce,BMW Group,Tyskland,Benzin,Fossil,Personbil
Tesla Model Y,2315.0,2022,FY,1002.0,Tesla,"Tesla, Inc.",USA,El,Nul-emission,Personbil
Peugeot 208,3918.0,2022,FY,1024.0,Peugeot,Stellantis,Europæisk (Multinational),Benzin,Fossil,Personbil
Ford Kuga,3761.0,2022,FY,1060.0,Ford,Ford Motor Company,USA,Hybrid,Lav-emission,Personbil
Tesla Model 3,631.0,2022,FY,1179.0,Tesla,"Tesla, Inc.",USA,El,Nul-emission,Personbil
Skoda Enyaq iV,2430.0,2022,FY,1006.0,Skoda,Volkswagen Group,Tyskland,El,Nul-emission,Personbil
Citroen C3,3111.0,2022,FY,1012.0,Citroen,Stellantis,Europæisk (Multinational),Benzin,Fossil,Personbil
Toyota Aygo X,3109.0,2022,FY,1042.0,Toyota,Toyota Motor Corporation,Japan,Benzin,Fossil,Personbil
Opel Corsa,1780.0,2022,FY,1259.0,Opel,Stellantis,Europæisk (Multinational),Benzin,Fossil,Personbil
Nissan Qashqai,2181.0,2022,FY,1035.0,Nissan,Nissan Motor Co.,Japan,Benzin,Fossil,SUV/Crossover
Volvo XC40,2014.0,2022,FY,1331.0,Volvo,Geely (Lynk & Co),Kina,Benzin,Fossil,Personbil
Audi Q2,1277.0,2022,FY,1071.0,Audi,Volkswagen Group,Tyskland,Benzin,Fossil,SUV/Crossover
Volkswagen ID.4,2322.0,2022,FY,1005.0,Volkswagen,Volkswagen Group,Tyskland,El,Nul-emission,Personbil
Toyota Yaris,2796.0,2022,FY,1057.0,Toyota,Toyota Motor Corporation,Japan,Hybrid,Lav-emission,Personbil
Cupra Formentor,1389.0,2022,FY,1062.0,Cupra,Volkswagen Group,Tyskland,Benzin,Fossil,Personbil
Audi Q4 e-tron,1780.0,2022,FY,1003.0,Audi,Volkswagen Group,Tyskland,El,Nul-emission,SUV/Crossover
Volkswagen Polo,1875.0,2022,FY,1140.0,Volkswagen,Volkswagen Group,Tyskland,Benzin,Fossil,Personbil
Volkswagen T-Roc,2760.0,2022,FY,1080.0,Volkswagen,Volkswagen Group,Tyskland,Benzin,Fossil,SUV/Crossover
Kia Ceed,2322.0,2022,FY,1243.0,Kia,Hyundai Motor Group,Sydkorea,Benzin,Fossil,Personbil
Toyota Yaris Cross,2104.0,2022,FY,1020.0,Toyota,Toyota Motor Corporation,Japan,Benzin,Fossil,SUV/Crossover
Hyundai I10,2504.0,2022,FY,1237.0,Hyundai,Hyundai Motor Group,Sydkorea,Benzin,Fossil,Personbil
Polestar 2,1480.0,2022,FY,1097.0,Polestar,Geely (Lynk & Co),Kina,El,Nul-emission,Personbil
Mercedes-Benz C-Klasse,2460.0,2022,FY,1098.0,Mercedes-Benz,Mercedes-Benz Group,Tyskland,Benzin,Fossil,Personbil
Peugeot 2008,1344.0,2022,FY,1030.0,Peugeot,Stellantis,Europæisk (Multinational),Benzin,Fossil,Personbil
BMW i4,513.0,2022,FY,1045.0,BMW,BMW Group,Tyskland,El,Nul-emission,Personbil
Audi Q5,711.0,2022,FY,1137.0,Audi,Volkswagen Group,Tyskland,Benzin,Fossil,SUV/Crossover
Hyundai I20,1922.0,2022,FY,1238.0,Hyundai,Hyundai Motor Group,Sydkorea,Benzin,Fossil,Personbil
Audi Q3,1533.0,2022,FY,1099.0,Audi,Volkswagen Group,Tyskland,Benzin,Fossil,SUV/Crossover
Skoda Kamiq,1240.0,2022,FY,1112.0,Skoda,Volkswagen Group,Tyskland,Benzin,Fossil,SUV/Crossover
Renault Megane,713.0,2022,FY,1369.0,Renault,Renault Group,Frankrig,Benzin,Fossil,Personbil
Skoda Octavia,1676.0,2022,FY,1157.0,Skoda,Volkswagen Group,Tyskland,Benzin,Fossil,Personbil
Toyota Corolla Cross,292.0,2022,FY,1124.0,Toyota,Toyota Motor Corporation,Japan,Benzin,Fossil,SUV/Crossover
Renault Clio,1033.0,2022,FY,1111.0,Renault,Renault Group,Frankrig,Benzin,Fossil,Personbil
Fiat 500,886.0,2022,FY,1232.0,Fiat,Stellantis,Europæisk (Multinational),Benzin,Fossil,Personbil
Audi A5,376.0,2022,FY,1115.0,Audi,Volkswagen Group,Tyskland,Benzin,Fossil,Personbil
Volkswagen T-Cross,1760.0,2022,FY,1181.0,Volkswagen,Volkswagen Group,Tyskland,Benzin,Fossil,SUV/Crossover
Ford Mustang Mach-E,1247.0,2022,FY,1147.0,Ford,Ford Motor Company,USA,Benzin,Fossil,Personbil
Hyundai Kona,1158.0,2022,FY,1043.0,Hyundai,Hyundai Motor Group,Sydkorea,Benzin,Fossil,SUV/Crossover
Cupra Born,1258.0,2022,FY,1007.0,Cupra,Volkswagen Group,Tyskland,El,Nul-emission,Personbil
Suzuki Swift,1173.0,2022,FY,1034.0,Suzuki,Suzuki Motor Corporation,Japan,Benzin,Fossil,Personbil
Volkswagen ID.Buzz,9.0,2022,FY,1376.0,Volkswagen,Volkswagen Group,Tyskland,El,Nul-emission,Personbil
Audi A4,407.0,2022,FY,1356.0,Audi,Volkswagen Group,Tyskland,Benzin,Fossil,Personbil
Kia Picanto,894.0,2022,FY,1245.0,Kia,Hyundai Motor Group,Sydkorea,Benzin,Fossil,Personbil
Mercedes-Benz EQA,738.0,2022,FY,1026.0,Mercedes-Benz,Mercedes-Benz Group,Tyskland,El,Nul-emission,Personbil
Volkswagen ID.3,626.0,2022,FY,1011.0,Volkswagen,Volkswagen Group,Tyskland,El,Nul-emission,Personbil
Audi A6,1333.0,2022,FY,1159.0,Audi,Volkswagen Group,Tyskland,Benzin,Fossil,Personbil
Mazda 2,842.0,2022,FY,1153.0,Mazda,Mazda Motor Corporation,Japan,Benzin,Fossil,Personbil
BMW 3'er,1608.0,2022,FY,1051.0,BMW,BMW Group,Tyskland,Benzin,Fossil,Personbil
Skoda Fabia,1215.0,2022,FY,1211.0,Skoda,Volkswagen Group,Tyskland,Benzin,Fossil,Personbil
Cupra Leon,180.0,2022,FY,1100.0,Cupra,Volkswagen Group,Tyskland,Benzin,Fossil,Personbil
Volvo XC60,1375.0,2022,FY,1275.0,Volvo,Geely (Lynk & Co),Kina,Benzin,Fossil,Personbil
Hyundai Tucson,1259.0,2022,FY,1241.0,Hyundai,Hyundai Motor Group,Sydkorea,Benzin,Fossil,SUV/Crossover
Volkswagen ID.5,2023.0,2022,FY,1053.0,Volkswagen,Volkswagen Group,Tyskland,El,Nul-emission,Personbil
Volkswagen Taigo,1765.0,2022,FY,1328.0,Volkswagen,Volkswagen Group,Tyskland,Benzin,Fossil,Personbil
BMW iX1,21.0,2022,FY,1009.0,BMW,BMW Group,Tyskland,El,Nul-emission,SUV/Crossover
Kia Niro,1511.0,2022,FY,1244.0,Kia,Hyundai Motor Group,Sydkorea,Benzin,Fossil,Personbil
Nissan Ariya,392.0,2022,FY,1070.0,Nissan,Nissan Motor Co.,Japan,Benzin,Fossil,Personbil
Toyota bZ4X,136.0,2022,FY,1000.0,Toyota,Toyota Motor Corporation,Japan,El,Nul-emission,Personbil
Hyundai Ioniq 5,612.0,2022,FY,1050.0,Hyundai,Hyundai Motor Group,Sydkorea,El,Nul-emission,Personbil
Mercedes-Benz A-Klasse,1548.0,2022,FY,1123.0,Mercedes-Benz,Mercedes-Benz Group,Tyskland,Benzin,Fossil,Personbil
Mercedes-Benz E-Klasse,858.0,2022,FY,1128.0,Mercedes-Benz,Mercedes-Benz Group,Tyskland,Benzin,Fossil,Personbil
BMW iX3,1168.0,2022,FY,1224.0,BMW,BMW Group,Tyskland,El,Nul-emission,SUV/Crossover
Seat Ibiza,477.0,2022,FY,1073.0,Seat,Volkswagen Group,Tyskland,Benzin,Fossil,Personbil
Mercedes-Benz EQB,606.0,2022,FY,1027.0,Mercedes-Benz,Mercedes-Benz Group,Tyskland,El,Nul-emission,Personbil
Suzuki Vitara,912.0,2022,FY,1029.0,Suzuki,Suzuki Motor Corporation,Japan,Benzin,Fossil,SUV/Crossover
Citroen C4,527.0,2022,FY,1227.0,Citroen,Stellantis,Europæisk (Multinational),Benzin,Fossil,Personbil
Kia EV6,800.0,2022,FY,1069.0,Kia,Hyundai Motor Group,Sydkorea,Benzin,Fossil,Personbil
Toyota Corolla,1470.0,2022,FY,1180.0,Toyota,Toyota Motor Corporation,Japan,Hybrid,Lav-emission,Personbil
Renault Captur,1429.0,2022,FY,1266.0,Renault,Renault Group,Frankrig,Benzin,Fossil,Personbil
BMW 1'er,487.0,2022,FY,1067.0,BMW,BMW Group,Tyskland,Benzin,Fossil,Personbil
Mercedes-Benz CLA,605.0,2022,FY,1022.0,Mercedes-Benz,Mercedes-Benz Group,Tyskland,Benzin,Fossil,Personbil
Volkswagen Touran,411.0,2022,FY,1182.0,Volkswagen,Volkswagen Group,Tyskland,Benzin,Fossil,Personbil
Mercedes-Benz EQE,454.0,2022,FY,1074.0,Mercedes-Benz,Mercedes-Benz Group,Tyskland,El,Nul-emission,Personbil
Kia Sportage,1319.0,2022,FY,1247.0,Kia,Hyundai Motor Group,Sydkorea,Benzin,Fossil,SUV/Crossover
MG 4,53.0,2022,FY,1037.0,MG,SAIC Motor (MG),Kina,Benzin,Fossil,Personbil
Suzuki Ignis,856.0,2022,FY,1268.0,Suzuki,Suzuki Motor Corporation,Japan,Benzin,Fossil,Personbil
Skoda Kodiaq,766.0,2022,FY,1047.0,Skoda,Volkswagen Group,Tyskland,Benzin,Fossil,SUV/Crossover
BMW X1,648.0,2022,FY,1013.0,BMW,BMW Group,Tyskland,Benzin,Fossil,SUV/Crossover
Opel Crossland,1330.0,2022,FY,1260.0,Opel,Stellantis,Europæisk (Multinational),Benzin,Fossil,SUV/Crossover
Volkswagen Passat,834.0,2022,FY,1125.0,Volkswagen,Volkswagen Group,Tyskland,Benzin,Fossil,Personbil
Opel Mokka,847.0,2022,FY,1261.0,Opel,Stellantis,Europæisk (Multinational),Benzin,Fossil,Personbil
Seat Arona,616.0,2022,FY,1177.0,Seat,Volkswagen Group,Tyskland,Benzin,Fossil,Personbil
Skoda Scala,569.0,2022,FY,1130.0,Skoda,Volkswagen Group,Tyskland,Benzin,Fossil,Personbil
Mazda CX-5,1175.0,2022,FY,1311.0,Mazda,Mazda Motor Corporation,Japan,Benzin,Fossil,SUV/Crossover
Toyota RAV4,1634.0,2022,FY,1273.0,Toyota,Toyota Motor Corporation,Japan,Hybrid,Lav-emission,SUV/Crossover
Mazda CX-60,673.0,2022,FY,1255.0,Mazda,Mazda Motor Corporation,Japan,Benzin,Fossil,SUV/Crossover
Volkswagen Tiguan,589.0,2022,FY,1145.0,Volkswagen,Volkswagen Group,Tyskland,Benzin,Fossil,SUV/Crossover
Mercedes-Benz GLB,1037.0,2022,FY,1088.0,Mercedes-Benz,Mercedes-Benz Group,Tyskland,Benzin,Fossil,Personbil
Volkswagen Multivan,370.0,2022,FY,1274.0,Volkswagen,Volkswagen Group,Tyskland,Benzin,Fossil,Varebil/MPV
Suzuki SX4,962.0,2022,FY,1131.0,Suzuki,Suzuki Motor Corporation,Japan,Benzin,Fossil,SUV/Crossover
Mercedes-Benz GLC,913.0,2022,FY,1076.0,Mercedes-Benz,Mercedes-Benz Group,Tyskland,Benzin,Fossil,Personbil
BMW 5'er,1323.0,2022,FY,1063.0,BMW,BMW Group,Tyskland,Benzin,Fossil,Personbil
Volkswagen Golf,844.0,2022,FY,1219.0,Volkswagen,Volkswagen Group,Tyskland,Benzin,Fossil,Personbil
Ford Transit Custom,367.0,2022,FY,1192.0,Ford,Ford Motor Company,USA,Benzin,Fossil,Varebil/MPV
Volvo C40,297.0,2022,FY,1329.0,Volvo,Geely (Lynk & Co),Kina,Benzin,Fossil,Personbil
Hyundai I30,732.0,2022,FY,1239.0,Hyundai,Hyundai Motor Group,Sydkorea,Benzin,Fossil,Personbil
Mercedes-Benz GLA,959.0,2022,FY,1090.0,Mercedes-Benz,Mercedes-Benz Group,Tyskland,Benzin,Fossil,Personbil
BMW iX,332.0,2022,FY,1089.0,BMW,BMW Group,Tyskland,El,Nul-emission,Personbil
Skoda Superb,484.0,2022,FY,1139.0,Skoda,Volkswagen Group,Tyskland,Benzin,Fossil,Personbil
Nissan Juke,236.0,2022,FY,1103.0,Nissan,Nissan Motor Co.,Japan,Benzin,Fossil,SUV/Crossover
Ford Fiesta,737.0,2022,FY,1373.0,Ford,Ford Motor Company,USA,Benzin,Fossil,Personbil
Volvo V60,1060.0,2022,FY,1330.0,Volvo,Geely (Lynk & Co),Kina,Benzin,Fossil,Personbil
Mazda MX-30,75.0,2022,FY,1199.0,Mazda,Mazda Motor Corporation,Japan,Benzin,Fossil,Personbil
Mercedes-Benz Sprinter,266.0,2022,FY,1134.0,Mercedes-Benz,Mercedes-Benz Group,Tyskland,Benzin,Fossil,Varebil/MPV
Ford Focus,707.0,2022,FY,1162.0,Ford,Ford Motor Company,USA,Benzin,Fossil,Personbil
Audi A3,233.0,2022,FY,1064.0,Audi,Volkswagen Group,Tyskland,Benzin,Fossil,Personbil
Mazda CX-30,702.0,2022,FY,1084.0,Mazda,Mazda Motor Corporation,Japan,Benzin,Fossil,SUV/Crossover
Dacia Duster,609.0,2022,FY,1229.0,Dacia,Renault Group,Frankrig,Benzin,Fossil,Personbil
Dacia Sandero,633.0,2022,FY,1231.0,Dacia,Renault Group,Frankrig,Benzin,Fossil,Personbil
Citroen C3 Aircross,370.0,2022,FY,1014.0,Citroen,Stellantis,Europæisk (Multinational),Benzin,Fossil,SUV/Crossover
Seat Leon,216.0,2022,FY,1210.0,Seat,Volkswagen Group,Tyskland,Benzin,Fossil,Personbil
Dacia Jogger,362.0,2022,FY,1230.0,Dacia,Renault Group,Frankrig,Benzin,Fossil,Personbil
Toyota C-HR,947.0,2022,FY,1271.0,Toyota,Toyota Motor Corporation,Japan,Hybrid,Lav-emission,Personbil
Mercedes-Benz GLE,608.0,2022,FY,1144.0,Mercedes-Benz,Mercedes-Benz Group,Tyskland,Benzin,Fossil,Personbil
Skoda Karoq,306.0,2022,FY,1094.0,Skoda,Volkswagen Group,Tyskland,Benzin,Fossil,SUV/Crossover
MG EHS,1054.0,2022,FY,1316.0,MG,SAIC Motor (MG),Kina,Benzin,Fossil,Personbil
BMW X3,430.0,2022,FY,1141.0,BMW,BMW Group,Tyskland,Benzin,Fossil,SUV/Crossover
Mazda 3,280.0,2022,FY,1154.0,Mazda,Mazda Motor Corporation,Japan,Benzin,Fossil,Personbil
Hyundai Bayon,484.0,2022,FY,1151.0,Hyundai,Hyundai Motor Group,Sydkorea,Benzin,Fossil,Personbil
Peugeot 308,482.0,2022,FY,1206.0,Peugeot,Stellantis,Europæisk (Multinational),Benzin,Fossil,Personbil
BMW 2'er,585.0,2022,FY,1223.0,BMW,BMW Group,Tyskland,Benzin,Fossil,Personbil
Peugeot 3008,1680.0,2022,FY,1036.0,Peugeot,Stellantis,Europæisk (Multinational),Benzin,Fossil,Personbil
Maxus Euniq6,80.0,2022,FY,1167.0,Maxus,SAIC Motor (Maxus),Kina,Benzin,Fossil,SUV/Crossover
Volkswagen up!,365.0,2022,FY,1445.0,Volkswagen,Volkswagen Group,Tyskland,Benzin,Fossil,Personbil
Ford Puma,379.0,2022,FY,1054.0,Ford,Ford Motor Company,USA,Benzin,Fossil,Personbil
DS 4,108.0,2022,FY,1299.0,DS,Stellantis,Europæisk (Multinational),Benzin,Fossil,Personbil
Kia XCeed,507.0,2022,FY,1249.0,Kia,Hyundai Motor Group,Sydkorea,Benzin,Fossil,Personbil
Mini 5-dørs,129.0,2022,FY,1317.0,Mini,BMW Group,Tyskland,Benzin,Fossil,Personbil
BYD Atto 3,49.0,2022,FY,1161.0,BYD,BYD Auto,Kina,Benzin,Fossil,Personbil
Suzuki S-Cross,57.0,2022,FY,1269.0,Suzuki,Suzuki Motor Corporation,Japan,Benzin,Fossil,SUV/Crossover
Volvo V90,278.0,2022,FY,1220.0,Volvo,Geely (Lynk & Co),Kina,Benzin,Fossil,Personbil
MG Marvel R,171.0,2022,FY,1347.0,MG,SAIC Motor (MG),Kina,Benzin,Fossil,Personbil
Mitsubishi Space Star,133.0,2022,FY,1366.0,Mitsubishi,Mitsubishi Motors,Japan,Benzin,Fossil,Personbil
Peugeot 5008,143.0,2022,FY,1039.0,Peugeot,Stellantis,Europæisk (Multinational),Benzin,Fossil,Personbil
Mercedes-Benz Vito Tourer,75.0,2022,FY,1092.0,Mercedes-Benz,Mercedes-Benz Group,Tyskland,Benzin,Fossil,Varebil/MPV
Citroen C5 Aircross,717.0,2022,FY,1032.0,Citroen,Stellantis,Europæisk (Multinational),Benzin,Fossil,SUV/Crossover
Volvo XC90,312.0,2022,FY,1276.0,Volvo,Geely (Lynk & Co),Kina,Benzin,Fossil,Personbil
Audi A1,107.0,2022,FY,1292.0,Audi,Volkswagen Group,Tyskland,Benzin,Fossil,Personbil
BMW 4'er,684.0,2022,FY,1185.0,BMW,BMW Group,Tyskland,Benzin,Fossil,Personbil
Aiways U5,183.0,2022,FY,1291.0,Aiways,Aiways,Kina,El,Nul-emission,Personbil
Mercedes-Benz EQC,280.0,2022,FY,1391.0,Mercedes-Benz,Mercedes-Benz Group,Tyskland,El,Nul-emission,Personbil
Nissan X-Trail,43.0,2022,FY,1204.0,Nissan,Nissan Motor Co.,Japan,Hybrid,Lav-emission,Personbil
Kia Rio,261.0,2022,FY,1406.0,Kia,Hyundai Motor Group,Sydkorea,Benzin,Fossil,Personbil
Mini 3-dørs,204.0,2022,FY,1083.0,Mini,BMW Group,Tyskland,Benzin,Fossil,Personbil
Mini Cabriolet,167.0,2022,FY,1370.0,Mini,BMW Group,Tyskland,Benzin,Fossil,Personbil
Porsche Taycan,264.0,2022,FY,1175.0,Porsche,Volkswagen Group,Tyskland,El,Nul-emission,Personbil
Mitsubishi Eclipse Cross,108.0,2022,FY,1361.0,Mitsubishi,Mitsubishi Motors,Japan,Benzin,Fossil,SUV/Crossover
BMW X5,329.0,2022,FY,1186.0,BMW,BMW Group,Tyskland,Benzin,Fossil,SUV/Crossover
Opel Grandland,169.0,2022,FY,1072.0,Opel,Stellantis,Europæisk (Multinational),Benzin,Fossil,SUV/Crossover
Kia Stonic,201.0,2022,FY,1248.0,Kia,Hyundai Motor Group,Sydkorea,Benzin,Fossil,Personbil
MG ZS,232.0,2022,FY,1040.0,MG,SAIC Motor (MG),Kina,Benzin,Fossil,Personbil
Honda Jazz,192.0,2022,FY,1150.0,Honda,Honda Motor Co.,Japan,Benzin,Fossil,Personbil
Lexus NX,96.0,2022,FY,1252.0,Lexus,Toyota Motor Corporation,Japan,Hybrid,Lav-emission,Personbil
Mazda MX-5,79.0,2022,FY,1346.0,Mazda,Mazda Motor Corporation,Japan,Benzin,Fossil,Personbil
Jeep Compass,180.0,2022,FY,1439.0,Jeep,Stellantis,Europæisk (Multinational),Benzin,Fossil,Personbil
Toyota Proace Verso,88.0,2022,FY,1135.0,Toyota,Toyota Motor Corporation,Japan,Benzin,Fossil,Varebil/MPV
Tesla Model S,32.0,2022,FY,1213.0,Tesla,"Tesla, Inc.",USA,El,Nul-emission,Personbil
Mini Countryman,219.0,2022,FY,1102.0,Mini,BMW Group,Tyskland,Benzin,Fossil,Personbil
Ford Transit,106.0,2022,FY,1091.0,Ford,Ford Motor Company,USA,Benzin,Fossil,Varebil/MPV
Renault Arkana,683.0,2022,FY,1392.0,Renault,Renault Group,Frankrig,Benzin,Fossil,Personbil
Dacia Spring,227.0,2022,FY,1399.0,Dacia,Renault Group,Frankrig,Benzin,Fossil,Personbil
MAN TGE,152.0,2022,FY,1197.0,MAN,TRATON (Volkswagen Group),Tyskland,Benzin,Fossil,Varebil/MPV
Volkswagen Caddy,126.0,2022,FY,1216.0,Volkswagen,Volkswagen Group,Tyskland,Benzin,Fossil,Varebil/MPV
Seat Ateca,220.0,2022,FY,1325.0,Seat,Volkswagen Group,Tyskland,Benzin,Fossil,Personbil
Nissan Leaf,238.0,2022,FY,1318.0,Nissan,Nissan Motor Co.,Japan,Benzin,Fossil,Personbil
Mercedes-Benz EQV,105.0,2022,FY,1155.0,Mercedes-Benz,Mercedes-Benz Group,Tyskland,El,Nul-emission,Personbil
Volkswagen Arteon,285.0,2022,FY,1409.0,Volkswagen,Volkswagen Group,Tyskland,Benzin,Fossil,Personbil
Kia Sorento,81.0,2022,FY,1246.0,Kia,Hyundai Motor Group,Sydkorea,Benzin,Fossil,SUV/Crossover
Peugeot 508,695.0,2022,FY,1320.0,Peugeot,Stellantis,Europæisk (Multinational),Benzin,Fossil,Personbil
Opel Astra,125.0,2022,FY,1258.0,Opel,Stellantis,Europæisk (Multinational),Benzin,Fossil,Personbil
Citroen C5 X,273.0,2022,FY,1435.0,Citroen,Stellantis,Europæisk (Multinational),Benzin,Fossil,Personbil
Toyota Proace City Verso,104.0,2022,FY,1327.0,Toyota,Toyota Motor Corporation,Japan,Benzin,Fossil,Varebil/MPV
Mercedes-Benz EQS SUV,3.0,2022,FY,1200.0,Mercedes-Benz,Mercedes-Benz Group,Tyskland,El,Nul-emission,SUV/Crossover
Mercedes-Benz EQS,144.0,2022,FY,1169.0,Mercedes-Benz,Mercedes-Benz Group,Tyskland,El,Nul-emission,Personbil
Xpeng P7,4.0,2022,FY,1279.0,Xpeng,XPeng,Kina,El,Nul-emission,Personbil
Audi e-tron,538.0,2022,FY,1335.0,Audi,Volkswagen Group,Tyskland,El,Nul-emission,Personbil
Mini Cooper,100.0,2022,FY,1371.0,Mini,BMW Group,Tyskland,Benzin,Fossil,Personbil
Honda CR-V,85.0,2022,FY,1127.0,Honda,Honda Motor Co.,Japan,Hybrid,Lav-emission,Personbil
DS 7 Crossback,237.0,2022,FY,1300.0,DS,Stellantis,Europæisk (Multinational),Benzin,Fossil,SUV/Crossover
Mercedes-Benz B-Klasse,179.0,2022,FY,1256.0,Mercedes-Benz,Mercedes-Benz Group,Tyskland,Benzin,Fossil,Personbil
MG 5,81.0,2022,FY,1442.0,MG,SAIC Motor (MG),Kina,Benzin,Fossil,Personbil
Tesla Model X,25.0,2022,FY,1214.0,Tesla,"Tesla, Inc.",USA,El,Nul-emission,Personbil
Hyundai Santa Fe,69.0,2022,FY,1240.0,Hyundai,Hyundai Motor Group,Sydkorea,Benzin,Fossil,SUV/Crossover
Volkswagen Caravelle,93.0,2022,FY,1217.0,Volkswagen,Volkswagen Group,Tyskland,Benzin,Fossil,Varebil/MPV
Porsche Cayenne,21.0,2022,FY,1208.0,Porsche,Volkswagen Group,Tyskland,Benzin,Fossil,SUV/Crossover
Land Rover Range Rover Sport,6.0,2022,FY,1196.0,Land Rover,Jaguar Land Rover (Tata Motors),Indien,Benzin,Fossil,SUV/Crossover
Ford Mustang,30.0,2022,FY,1378.0,Ford,Ford Motor Company,USA,Benzin,Fossil,Personbil
Ford Tourneo Custom,101.0,2022,FY,1082.0,Ford,Ford Motor Company,USA,Benzin,Fossil,Varebil/MPV
Mercedes-Benz V-Klasse,69.0,2022,FY,1171.0,Mercedes-Benz,Mercedes-Benz Group,Tyskland,Benzin,Fossil,Personbil
Nissan Micra,150.0,2022,FY,1055.0,Nissan,Nissan Motor Co.,Japan,Benzin,Fossil,Personbil
Honda HR-V,118.0,2022,FY,1149.0,Honda,Honda Motor Co.,Japan,Benzin,Fossil,Personbil
Toyota Prius,1.0,2022,FY,1326.0,Toyota,Toyota Motor Corporation,Japan,Hybrid,Lav-emission,Personbil
Porsche 911,29.0,2022,FY,1264.0,Porsche,Volkswagen Group,Tyskland,Benzin,Fossil,Personbil
Subaru Solterra,6.0,2022,FY,1113.0,Subaru,Subaru Corporation,Japan,Benzin,Fossil,Personbil
Citroen e-SpaceTourer,5.0,2022,FY,1228.0,Citroen,Stellantis,Europæisk (Multinational),Benzin,Fossil,Personbil
BMW I7,7.0,2022,FY,1146.0,BMW,BMW Group,Tyskland,El,Nul-emission,Personbil
BMW I7,7.0,2022,FY,,BMW,BMW Group,Tyskland,El,Nul-emission,Personbil
Audi TT,15.0,2022,FY,1433.0,Audi,Volkswagen Group,Tyskland,Benzin,Fossil,Personbil
Opel Zafira,11.0,2022,FY,1205.0,Opel,Stellantis,Europæisk (Multinational),Benzin,Fossil,Varebil/MPV
Volvo S90,33.0,2022,FY,1380.0,Volvo,Geely (Lynk & Co),Kina,Benzin,Fossil,Personbil
Honda Civic,29.0,2022,FY,1163.0,Honda,Honda Motor Co.,Japan,Hybrid,Lav-emission,Personbil
Ford S-Max,295.0,2022,FY,1405.0,Ford,Ford Motor Company,USA,Benzin,Fossil,Personbil
Nilsson Hearse,19.0,2022,FY,1202.0,Nilsson Hearse,Nilsson Hearse,Sverige,Benzin,Fossil,Varebil/MPV
Suzuki Swace,44.0,2022,FY,1270.0,Suzuki,Suzuki Motor Corporation,Japan,Benzin,Fossil,Personbil
Land Rover Range Rover,5.0,2022,FY,1283.0,Land Rover,Jaguar Land Rover (Tata Motors),Indien,Benzin,Fossil,SUV/Crossover
Porsche Macan,37.0,2022,FY,1119.0,Porsche,Volkswagen Group,Tyskland,Benzin,Fossil,SUV/Crossover
Citroen Berlingo,101.0,2022,FY,1117.0,Citroen,Stellantis,Europæisk (Multinational),Benzin,Fossil,Varebil/MPV
Renault Zoe,304.0,2022,FY,1387.0,Renault,Renault Group,Frankrig,Benzin,Fossil,Personbil
Lexus UX,37.0,2022,FY,1253.0,Lexus,Toyota Motor Corporation,Japan,Hybrid,Lav-emission,Personbil
DS 7,265.0,2022,FY,1384.0,DS,Stellantis,Europæisk (Multinational),Benzin,Fossil,Personbil
Opel Combo,23.0,2022,FY,1319.0,Opel,Stellantis,Europæisk (Multinational),Benzin,Fossil,Varebil/MPV
Audi Q7,9.0,2022,FY,1293.0,Audi,Volkswagen Group,Tyskland,Benzin,Fossil,SUV/Crossover
Mercedes-Benz S-Klasse,53.0,2022,FY,1201.0,Mercedes-Benz,Mercedes-Benz Group,Tyskland,Benzin,Fossil,Personbil
Audi e-tron GT,64.0,2022,FY,1284.0,Audi,Volkswagen Group,Tyskland,El,Nul-emission,Personbil
Lexus ES,22.0,2022,FY,1375.0,Lexus,Toyota Motor Corporation,Japan,Benzin,Fossil,Personbil
Porsche Panamera,106.0,2022,FY,1265.0,Porsche,Volkswagen Group,Tyskland,Benzin,Fossil,Personbil
Audi A8,13.0,2022,FY,1222.0,Audi,Volkswagen Group,Tyskland,Benzin,Fossil,Personbil
Fiat Ducato,29.0,2022,FY,1302.0,Fiat,Stellantis,Europæisk (Multinational),Benzin,Fossil,Varebil/MPV
Audi A7,37.0,2022,FY,1393.0,Audi,Volkswagen Group,Tyskland,Benzin,Fossil,Personbil
Volvo S60,20.0,2022,FY,1365.0,Volvo,Geely (Lynk & Co),Kina,Benzin,Fossil,Personbil
Volkswagen Crafter,71.0,2022,FY,1218.0,Volkswagen,Volkswagen Group,Tyskland,Benzin,Fossil,Varebil/MPV
Lindebjerg S1,16.0,2022,FY,1386.0,Lindebjerg,Lindebjerg,Danmark,El,Nul-emission,ATV/UTV/Andet
Porsche Cayman,4.0,2022,FY,1323.0,Porsche,Volkswagen Group,Tyskland,Benzin,Fossil,Personbil
Subaru Outback,25.0,2022,FY,1178.0,Subaru,Subaru Corporation,Japan,Benzin,Fossil,SUV/Crossover
Land Rover Range Rover Evoque,76.0,2022,FY,1287.0,Land Rover,Jaguar Land Rover (Tata Motors),Indien,El,Fossil,SUV/Crossover
Peugeot Rifter,18.0,2022,FY,1262.0,Peugeot,Stellantis,Europæisk (Multinational),Benzin,Fossil,Personbil
Cupra Ateca,7.0,2022,FY,1298.0,Cupra,Volkswagen Group,Tyskland,Benzin,Fossil,Personbil
Lamborghini Urus,2.0,2022,FY,1394.0,Lamborghini,Volkswagen Group,Tyskland,Benzin,Fossil,SUV/Crossover
Toyota GR86,6.0,2022,FY,1388.0,Toyota,Toyota Motor Corporation,Japan,Benzin,Fossil,Personbil
Ford Tourneo Connect,4.0,2022,FY,1234.0,Ford,Ford Motor Company,USA,Benzin,Fossil,Varebil/MPV
Mercedes-Benz SL,2.0,2022,FY,1315.0,Mercedes-Benz,Mercedes-Benz Group,Tyskland,Benzin,Fossil,Personbil
Mercedes-Benz Vito,59.0,2022,FY,1156.0,Mercedes-Benz,Mercedes-Benz Group,Tyskland,Benzin,Fossil,Varebil/MPV
Mercedes-Benz GLS,12.0,2022,FY,1314.0,Mercedes-Benz,Mercedes-Benz Group,Tyskland,Benzin,Fossil,Personbil
BMW X2,244.0,2022,FY,1434.0,BMW,BMW Group,Tyskland,Benzin,Fossil,SUV/Crossover
Mercedes-Benz G-Klasse,9.0,2022,FY,1170.0,Mercedes-Benz,Mercedes-Benz Group,Tyskland,Benzin,Fossil,Personbil
Lexus RX,15.0,2022,FY,1308.0,Lexus,Toyota Motor Corporation,Japan,Benzin,Fossil,Personbil
Peugeot Traveller,25.0,2022,FY,1321.0,Peugeot,Stellantis,Europæisk (Multinational),Benzin,Fossil,Varebil/MPV
Maxus Euniq5,39.0,2022,FY,1198.0,Maxus,SAIC Motor (Maxus),Kina,Benzin,Fossil,SUV/Crossover
Honda E,2.0,2022,FY,1451.0,Honda,Honda Motor Co.,Japan,Benzin,Fossil,Personbil
Land Rover Discovery Sport,51.0,2022,FY,1251.0,Land Rover,Jaguar Land Rover (Tata Motors),Indien,Benzin,Fossil,SUV/Crossover
Eagle Golf Car,3.0,2022,FY,1188.0,Eagle,"Eagle Golf Cars, LLC",USA,EL,Nul-emission,ATV/UTV/Andet
Polaris Ranger,19.0,2022,FY,1404.0,Polaris,Polaris,USA,Benzin,Fossil,ATV/UTV/Andet
Xingyun UTV,16.0,2022,FY,1333.0,Xingyun,Shandong Xingyun,Kina,El,Nul-emission,ATV/UTV/Andet
Toyota Camry,24.0,2022,FY,1385.0,Toyota,Toyota Motor Corporation,Japan,Benzin,Fossil,Personbil
Toyota Land Cruiser,9.0,2022,FY,1272.0,Toyota,Toyota Motor Corporation,Japan,Benzin,Fossil,SUV/Crossover
Land Rover Range Rover Velar,30.0,2022,FY,1307.0,Land Rover,Jaguar Land Rover (Tata Motors),Indien,Benzin,Fossil,SUV/Crossover
Mercedes-Benz AMG GT,5.0,2022,FY,1312.0,Mercedes-Benz,Mercedes-Benz Group,Tyskland,Benzin,Fossil,Personbil
Subaru Forester,5.0,2022,FY,1212.0,Subaru,Subaru Corporation,Japan,Benzin,Fossil,SUV/Crossover
BMW 7'er,1.0,2022,FY,1295.0,BMW,BMW Group,Tyskland,Benzin,Fossil,Personbil
Citroen Jumpy,4.0,2022,FY,1458.0,Citroen,Stellantis,Europæisk (Multinational),Benzin,Fossil,Varebil/MPV
Ferrari 812,1.0,2022,FY,1417.0,Ferrari,Ferrari,Italien,Benzin,Fossil,Personbil
Toyota Proace,61.0,2022,FY,1215.0,Toyota,Toyota Motor Corporation,Japan,Benzin,Fossil,Varebil/MPV
Maserati Grecale,4.0,2022,FY,1152.0,Maserati,Stellantis,Europæisk (Multinational),Benzin,Fossil,Personbil
Volkswagen Transporter,7.0,2022,FY,1351.0,Volkswagen,Volkswagen Group,Tyskland,Benzin,Fossil,Varebil/MPV
Nio ET7,12.0,2022,FY,1453.0,Nio,NIO,Kina,El,Nul-emission,Personbil
Jaguar F-Pace,37.0,2022,FY,1304.0,Jaguar,Jaguar Land Rover (Tata Motors),Indien,Benzin,Fossil,Personbil
Regal Raptor Rex Cargo,4.0,2022,FY,1402.0,Regal Raptor,Regal Raptor,Sydafrika,El,Nul-emission,Kabinescooter
HDK NRG Car,3.0,2022,FY,1360.0,HDK,HDK Automotive,Kina,El,Nul-emission,ATV/UTV/Andet
Bach YM2000DP,15.0,2022,FY,1294.0,Bach,Bach,Danmark,El,Nul-emission,Kabinescooter
Can-Am Outlander,15.0,2022,FY,1226.0,Can-Am,Bombardier Recreational Products,Canada,Benzin,Fossil,ATV/UTV/Andet
Maxus e-Deliver 9,3.0,2022,FY,1166.0,Maxus,SAIC Motor (Maxus),Kina,Benzin,Fossil,Varebil/MPV
BYD Tang,5.0,2022,FY,1126.0,BYD,BYD Auto,Kina,Benzin,Fossil,Personbil
Ferrari 296,3.0,2022,FY,1421.0,Ferrari,Ferrari,Italien,Benzin,Fossil,Personbil
DS 9,8.0,2022,FY,,DS,Stellantis,Europæisk (Multinational),Benzin,Fossil,Personbil
Land Rover Defender,10.0,2022,FY,1250.0,Land Rover,Jaguar Land Rover (Tata Motors),Indien,Benzin,Fossil,SUV/Crossover
Ford Galaxy,17.0,2022,FY,1438.0,Ford,Ford Motor Company,USA,Benzin,Fossil,Personbil
Jaguar I-Pace,14.0,2022,FY,1305.0,Jaguar,Jaguar Land Rover (Tata Motors),Indien,Benzin,Fossil,Personbil
BMW Z4,8.0,2022,FY,1225.0,BMW,BMW Group,Tyskland,Benzin,Fossil,Personbil
Suzuki Across,16.0,2022,FY,,Suzuki,Suzuki Motor Corporation,Japan,Benzin,Fossil,SUV/Crossover
Volkswagen Touareg,5.0,2022,FY,1382.0,Volkswagen,Volkswagen Group,Tyskland,Benzin,Fossil,Personbil
CFMOTO CForce 1000,5.0,2022,FY,1395.0,CFMOTO,CFMOTO,Kina,Benzin,Fossil,ATV/UTV/Andet
Toyota Proace City,6.0,2022,FY,1290.0,Toyota,Toyota Motor Corporation,Japan,Benzin,Fossil,Varebil/MPV
Mazda 6,24.0,2022,FY,1441.0,Mazda,Mazda Motor Corporation,Japan,Benzin,Fossil,Personbil
BMW 8'er,4.0,2022,FY,,BMW,BMW Group,Tyskland,Benzin,Fossil,Personbil
Fiat Panda,18.0,2022,FY,1447.0,Fiat,Stellantis,Europæisk (Multinational),Benzin,Fossil,Personbil
Kia Soul,55.0,2022,FY,,Kia,Hyundai Motor Group,Sydkorea,Benzin,Fossil,Personbil
Hecht 59399,3.0,2022,FY,1450.0,Hecht,Diverse,Kina,Benzin,Fossil,ATV/UTV/Andet
Italcar C2C,1.0,2022,FY,1452.0,Italcar,Italcar Industrial S.r.l.,Italien,El,Nul-emission,ATV/UTV/Andet
Smart Fortwo,2.0,2022,FY,1454.0,Smart,Mercedes-Benz/Geely (JV),Kina,El,Nul-emission,Personbil
BYD Han,1.0,2022,FY,1457.0,BYD,BYD Auto,Kina,Benzin,Fossil,Personbil
Mercedes-Benz CLS,5.0,2022,FY,1401.0,Mercedes-Benz,Mercedes-Benz Group,Tyskland,Benzin,Fossil,Personbil
BMW X7,4.0,2022,FY,1297.0,BMW,BMW Group,Tyskland,Benzin,Fossil,SUV/Crossover
Garia G22,1.0,2022,FY,1459.0,Garia,Garia,Danmark,Benzin,Fossil,Personbil
Jaguar E-Pace,5.0,2022,FY,,Jaguar,Jaguar Land Rover (Tata Motors),Indien,Benzin,Fossil,Personbil
BMW I3,34.0,2022,FY,1342.0,BMW,BMW Group,Tyskland,El,Nul-emission,Personbil
BMW I3,34.0,2022,FY,,BMW,BMW Group,Tyskland,El,Nul-emission,Personbil
Rex Q7,3.0,2022,FY,1412.0,Rex,Rex GmbH,Tyskland,El,Nul-emission,Kabinescooter
Bentley Bentayga,1.0,2022,FY,1183.0,Bentley,Volkswagen Group,Tyskland,Benzin,Fossil,Personbil
Fiat Tipo,10.0,2022,FY,1437.0,Fiat,Stellantis,Europæisk (Multinational),Benzin,Fossil,Personbil
Porsche 718 Spyder,2.0,2022,FY,1407.0,Porsche,Volkswagen Group,Tyskland,Benzin,Fossil,ATV/UTV/Andet
Segway Snarler,1.0,2022,FY,1418.0,Segway,Segway,Ukendt,Benzin,Fossil,ATV/UTV/Andet
Audi Q8,5.0,2022,FY,1281.0,Audi,Volkswagen Group,Tyskland,Benzin,Fossil,SUV/Crossover
Hisun HS,2.0,2022,FY,1235.0,Hisun,"Chongqing Huansong Industrial (Group) Co., Ltd.",Kina,Benzin,Fossil,ATV/UTV/Andet
Kia Stinger,4.0,2022,FY,,Kia,Hyundai Motor Group,Sydkorea,Benzin,Fossil,Personbil
Garia G21,1.0,2022,FY,,Garia,Garia,Danmark,Benzin,Fossil,Personbil
Jiayuan Eidola,3.0,2022,FY,1440.0,Jiayuan,Jiayuan Electric Vehicles,Kina,El,Nul-emission,Kabinescooter
Opel Insignia,24.0,2022,FY,1444.0,Opel,Stellantis,Europæisk (Multinational),Benzin,Fossil,Personbil
Alfa Romeo Giulia,13.0,2022,FY,,Alfa Romeo,Stellantis,Europæisk (Multinational),Benzin,Fossil,Personbil
Jeep Wrangler,1.0,2022,FY,1345.0,Jeep,Stellantis,Europæisk (Multinational),Benzin,Fossil,Personbil
Renault Trafic,6.0,2022,FY,1176.0,Renault,Renault Group,Frankrig,Benzin,Fossil,Varebil/MPV
Toyota Mirai,6.0,2022,FY,,Toyota,Toyota Motor Corporation,Japan,Brint,Nul-emission,Personbil
BMW X6,4.0,2022,FY,1446.0,BMW,BMW Group,Tyskland,Benzin,Fossil,SUV/Crossover
Ford Ranger,3.0,2022,FY,1449.0,Ford,Ford Motor Company,USA,Benzin,Fossil,ATV/UTV/Andet
Lexus LS,1.0,2022,FY,,Lexus,Toyota Motor Corporation,Japan,Benzin,Fossil,Personbil
Can-Am Spyder,1.0,2022,FY,,Can-Am,Bombardier Recreational Products,Canada,Benzin,Fossil,ATV/UTV/Andet
Porsche Boxster,2.0,2022,FY,1349.0,Porsche,Volkswagen Group,Tyskland,Benzin,Fossil,Personbil
CFMOTO ZForce 1000,1.0,2022,FY,,CFMOTO,CFMOTO,Kina,Benzin,Fossil,ATV/UTV/Andet
Porsche 718 Boxster,1.0,2022,FY,1207.0,Porsche,Volkswagen Group,Tyskland,Benzin,Fossil,Personbil
Agile SCX,3.0,2022,FY,,Agile,Agile Automotive ApS,Danmark,Benzin,Fossil,Personbil
Alfa Romeo Stelvio,5.0,2022,FY,,Alfa Romeo,Stellantis,Europæisk (Multinational),Benzin,Fossil,Personbil
Boom Mustang,1.0,2022,FY,,Boom,Boom,Ukendt,Benzin,Fossil,Personbil
Citroen C1,68.0,2022,FY,,Citroen,Stellantis,Europæisk (Multinational),Benzin,Fossil,Personbil
Citroen Grand C4 SpaceTourer,229.0,2022,FY,,Citroen,Stellantis,Europæisk (Multinational),Benzin,Fossil,Personbil
Dacia Lodgy,26.0,2022,FY,,Dacia,Renault Group,Frankrig,Benzin,Fossil,Personbil
DS 3 Crossback,47.0,2022,FY,,DS,Stellantis,Europæisk (Multinational),Benzin,Fossil,SUV/Crossover
Jeep Renegade,29.0,2022,FY,1425.0,Jeep,Stellantis,Europæisk (Multinational),Benzin,Fossil,Personbil
Jinma J2,1.0,2022,FY,,Jinma,Jinma,Ukendt,Benzin,Fossil,Personbil
Maxus Euniq,9.0,2022,FY,,Maxus,SAIC Motor (Maxus),Kina,Benzin,Fossil,Personbil
Mini Clubman,25.0,2022,FY,,Mini,BMW Group,Tyskland,Benzin,Fossil,Personbil
Opel Crossland X,8.0,2022,FY,,Opel,Stellantis,Europæisk (Multinational),Benzin,Fossil,SUV/Crossover
Opel Grandland X,15.0,2022,FY,,Opel,Stellantis,Europæisk (Multinational),Benzin,Fossil,SUV/Crossover
Peugeot 108,101.0,2022,FY,,Peugeot,Stellantis,Europæisk (Multinational),Benzin,Fossil,Personbil
Polaris RZR,1.0,2022,FY,,Polaris,Polaris,USA,Benzin,Fossil,ATV/UTV/Andet
Renault Kadjar,66.0,2022,FY,,Renault,Renault Group,Frankrig,Benzin,Fossil,Personbil
Seat Tarraco,21.0,2022,FY,,Seat,Volkswagen Group,Tyskland,Benzin,Fossil,Personbil
Toyota Aygo,41.0,2022,FY,,Toyota,Toyota Motor Corporation,Japan,Benzin,Fossil,Personbil
XEV Yoyo,14.0,2022,FY,,XEV,XEV,Italien,El,Nul-emission,Personbil
BMW X4,3.0,2022,FY,1296.0,BMW,BMW Group,Tyskland,Benzin,Fossil,SUV/Crossover
Ford Mondeo,51.0,2022,FY,,Ford,Ford Motor Company,USA,Benzin,Fossil,Personbil
Jaguar F-Type,2.0,2022,FY,,Jaguar,Jaguar Land Rover (Tata Motors),Indien,Benzin,Fossil,Personbil
Jaguar XE,1.0,2022,FY,,Jaguar,Jaguar Land Rover (Tata Motors),Indien,Benzin,Fossil,Personbil
Linhai LH50DU,2.0,2022,FY,,Linhai,"Zhejiang Linhai Power Machinery Group Co., Ltd.",Ukendt,Benzin,Fossil,ATV/UTV/Andet
Standard Motor Corp. 850,1.0,2022,FY,,Standard Motor Corp.,Standard Motor Corp.,Ukendt,Benzin,Fossil,Personbil
Ford Explorer,5.0,2022,FY,1023.0,Ford,Ford Motor Company,USA,Benzin,Fossil,Personbil
Goes Cobalt,1.0,2022,FY,,Goes,Goes,Ukendt,Benzin,Fossil,Personbil
Maserati Levante,3.0,2022,FY,,Maserati,Stellantis,Europæisk (Multinational),Benzin,Fossil,SUV/Crossover
Maserati MC20,3.0,2022,FY,,Maserati,Stellantis,Europæisk (Multinational),Benzin,Fossil,Personbil
Skoda Citigo,2.0,2022,FY,1350.0,Skoda,Volkswagen Group,Tyskland,Benzin,Fossil,Personbil
CFMOTO CForce 850,2.0,2022,FY,,CFMOTO,CFMOTO,Kina,Benzin,Fossil,ATV/UTV/Andet
Hyundai Ioniq,1.0,2022,FY,,Hyundai,Hyundai Motor Group,Sydkorea,El,Nul-emission,Personbil
Jaguar XF,1.0,2022,FY,,Jaguar,Jaguar Land Rover (Tata Motors),Indien,Benzin,Fossil,Personbil
Mitsubishi Space Gear,1.0,2022,FY,,Mitsubishi,Mitsubishi Motors,Japan,Benzin,Fossil,Personbil
Regal Raptor K3,2.0,2022,FY,,Regal Raptor,Regal Raptor,Sydafrika,El,Nul-emission,Kabinescooter
Hyundai Genesis,1.0,2022,FY,,Hyundai,Hyundai Motor Group,Sydkorea,Benzin,Fossil,Personbil
Garia Monaco,2.0,2022,FY,1398.0,Garia,Garia,Danmark,Benzin,Fossil,Personbil
Mitsubishi Outlander,1.0,2022,FY,,Mitsubishi,Mitsubishi Motors,Japan,Benzin,Fossil,ATV/UTV/Andet
Nissan NV200,1.0,2022,FY,,Nissan,Nissan Motor Co.,Japan,Benzin,Fossil,Personbil
Polestar 1,1.0,2022,FY,,Polestar,Geely (Lynk & Co),Kina,El,Nul-emission,Personbil
Rewaco RF1,1.0,2022,FY,,Rewaco,Rewaco,Ukendt,Benzin,Fossil,Personbil
Goes Iron,1.0,2022,FY,,Goes,Goes,Ukendt,Benzin,Fossil,Personbil
Renault Master,1.0,2022,FY,1120.0,Renault,Renault Group,Frankrig,Benzin,Fossil,Varebil/MPV
Volkswagen Kombi,1.0,2022,FY,,Volkswagen,Volkswagen Group,Tyskland,Benzin,Fossil,Personbil
Lamborghini Aventador,1.0,2022,FY,,Lamborghini,Volkswagen Group,Tyskland,Benzin,Fossil,Personbil
Land Rover Discovery,1.0,2022,FY,1306.0,Land Rover,Jaguar Land Rover (Tata Motors),Indien,Benzin,Fossil,SUV/Crossover
Melex 463,1.0,2022,FY,,Melex,Melex Sp. z o.o.,Polen,El,Nul-emission,ATV/UTV/Andet
Lindebjerg Z1,1.0,2022,FY,,Lindebjerg,Lindebjerg,Danmark,El,Nul-emission,ATV/UTV/Andet
Nio ES8,3.0,2022,FY,,Nio,NIO,Kina,El,Nul-emission,Personbil
Opel Rocks-e,1.0,2022,FY,,Opel,Stellantis,Europæisk (Multinational),Benzin,Fossil,Personbil
Iveco Daily,1.0,2022,FY,,Iveco,Iveco,Ukendt,Benzin,Fossil,Varebil/MPV
Toyota Sienna,1.0,2022,FY,1364.0,Toyota,Toyota Motor Corporation,Japan,Benzin,Fossil,Varebil/MPV
